ready_count,blocked_count,remaining_cpu_mean,remaining_cpu_variance,priority_mean,ready_wait_mean,recent_arrivals,io_return_ratio,seed,epoch,profiles,label,score_fcfs,score_sjf,score_srtf,score_round_robin,score_priority,score_priority_rr
15.0,1.0,10.8125,52.15234375,2.75,6.2,16.0,0.2,42000000,0,mixed/batch/interactive,SJF,0.2795351325165019,0.04205607476635515,0.23163339456208001,0.3547516198704109,0.75,0.75772693324721
22.0,1.0,9.782608695652174,43.039697542533084,3.0869565217391304,13.363636363636363,7.0,0.2222222222222222,42000000,1,mixed/batch/interactive,SJF,0.6356476079346556,0.0551181102362205,0.06884480746791116,0.3903305570613475,0.49261409053739846,0.8090551181102362
34.0,0.0,6.794117647058823,34.81055363321799,2.8823529411764706,17.235294117647058,11.0,0.08333333333333333,42000000,2,mixed/batch/interactive,SRTF,0.36925583674213486,0.0843949044585987,0.07915921288014287,0.2606309036837847,0.75,0.7156247507491764
33.0,1.0,6.5,30.720588235294116,2.8823529411764706,24.393939393939394,0.0,1.0,42000000,3,mixed/batch/interactive,SJF,0.5623209169054445,0.08583690987124469,0.10743448479407744,0.31088825214899746,0.2885651216842728,0.8304721030042919
32.0,2.0,6.294117647058823,28.85467128027682,2.8823529411764706,27.28125,0.0,1.0,42000000,4,mixed/batch/interactive,SJF,0.5223097112860894,0.24230769230769234,0.3152130022208766,0.3438320209973755,0.38825964062184526,0.8038461538461541
34.0,0.0,5.794117647058823,26.222318339100347,2.8823529411764706,28.235294117647058,0.0,1.0,42000000,5,mixed/batch/interactive,SJF,0.21664994984954844,0.0,0.17001003009027132,0.2362086258776333,0.5,0.6065697091273826
34.0,0.0,5.4411764705882355,23.71712802768166,2.8823529411764706,30.294117647058822,0.0,1.0,42000000,6,mixed/batch/interactive,SJF,0.32196339434276294,0.0,0.20715474209650647,0.27787021630615716,0.1372712146422627,0.75
32.0,0.0,5.53125,22.3740234375,2.9375,28.90625,0.0,1.0,42000000,7,mixed/batch/interactive,SJF,0.18942731277533006,0.0,0.18061674008810574,0.31204111600587414,0.20704845814977987,0.75
32.0,0.0,5.21875,19.7333984375,2.9375,27.84375,0.0,1.0,42000000,8,mixed/batch/interactive,SJF,0.16016150740242263,0.0,0.1500672947510095,0.2671601615074027,0.5,0.6679004037685058
31.0,1.0,4.78125,17.1083984375,2.9375,28.06451612903226,0.0,1.0,42000000,9,mixed/batch/interactive,SJF,0.24870912220309813,0.0,0.21944922547332185,0.285714285714286,0.18502581755593844,0.75
28.0,1.0,5.068965517241379,15.719381688466111,2.896551724137931,29,0.0,1.0,42000000,10,mixed/batch/interactive,SJF,0.21267361111111166,0.0,0.23263888888888873,0.3220486111111119,0.4878472222222232,0.75
28.0,1.0,4.586206896551724,14.035671819262783,2.896551724137931,27.714285714285715,0.0,1.0,42000000,11,mixed/batch/interactive,SJF,0.23841698841698905,0.0,0.162162162162163,0.2403474903474911,0.5,0.6795366795366801
26.0,1.0,4.888888888888889,15.061728395061728,2.888888888888889,28.76923076923077,0.0,1.0,42000000,12,mixed/batch/interactive,SJF,0.12935323383084435,0.0,0.12935323383084435,0.2624378109452736,0.14800995024875607,0.75
26.0,1.0,4.2592592592592595,15.080932784636488,2.888888888888889,27.846153846153847,0.0,1.0,42000000,13,mixed/batch/interactive,SJF,0.37648456057007107,0.0,0.14608076009501222,0.2470308788598579,0.1733966745843229,0.75
25.0,0.0,4.6,15.12,2.88,24.48,0.0,1.0,42000000,14,mixed/batch/interactive,SJF,0.28664921465968535,0.0,0.083769633507853,0.25,0.47251308900523536,0.75
21.0,2.0,5.391304347826087,17.455576559546312,2.739130434782609,22.142857142857142,0.0,1.0,42000000,15,mixed/batch/interactive,SJF,0.28063725490196134,0.0,0.017156862745099016,0.3137254901960797,0.262254901960785,0.75
21.0,0.0,5.095238095238095,16.94331065759637,2.761904761904762,19.761904761904763,0.0,1.0,42000000,16,mixed/batch/interactive,SRTF,0.27733333333333343,0.03866666666666755,0.0,0.2853333333333339,0.38266666666666627,0.75
18.0,0.0,4.833333333333333,14.36111111111111,2.7222222222222223,20.27777777777778,0.0,0.0,42000000,17,mixed/batch/interactive,SJF,0.24471299093655488,0.0,0.02114803625377644,0.3202416918429005,0.33685800604229577,0.75
16.0,1.0,4.411764705882353,12.477508650519031,2.588235294117647,17.75,0.0,1.0,42000000,18,mixed/batch/interactive,SJF,0.3115264797507786,0.0,0.012461059190031865,0.30373831775701016,0.33021806853582636,0.75
14.0,0.0,4,9.428571428571429,2.5714285714285716,14.071428571428571,0.0,1.0,42000000,19,mixed/batch/interactive,SJF,0.27935222672064636,0.0,0.08299595141700632,0.2854251012145757,0.48582995951416735,0.75
12.0,0.0,3.25,8.020833333333334,2.8333333333333335,11.583333333333334,0.0,1.0,42000000,20,mixed/batch/interactive,SJF,0.24242424242424226,0.0,0.0303030303030297,0.2636363636363641,0.4666666666666641,0.75
7.0,0.0,8.714285714285714,52.48979591836735,2.4285714285714284,7.142857142857143,0.0,1.0,42000000,21,mixed/batch/interactive,SRTF,0.14705882352941066,0.009803921568628008,0.0,0.29901960784314,0.34313725490196134,0.75
5.0,0.0,8.2,55.76,2.8,6,0.0,0.0,42000000,22,mixed/batch/interactive,SJF,0.3846153846153848,0.0,0.0,0.20000000000000356,0.3846153846153848,0.75
2.0,0.0,10.5,20.25,2.5,1.5,0.0,0.0,42000000,23,mixed/batch/interactive,SJF,0.3749999999999839,0.0,0.0,0.2500000000000161,0.3749999999999839,0.75
1.0,0.0,1,0,1,0,0.0,0.0,42000000,24,mixed/batch/interactive,FCFS,0.0,0.0,0.0,0.0,0.0,0.0
13.0,0.0,6.076923076923077,41.14792899408284,2.8461538461538463,7,13.0,0.23529411764705882,42000001,0,mixed/cpu_intensive/batch,SJF,0.3402541493307824,0.12207019792240152,0.1854089764532812,0.29644588045234244,0.25,0.8198324022346368
20.0,2.0,10.454545454545455,67.88429752066116,2.909090909090909,10.15,9.0,0.3076923076923077,42000001,1,mixed/cpu_intensive/batch,SJF,0.6114993646759846,0.18059701492537317,0.28621157237952516,0.3627700127064802,0.33937871000777564,0.826865671641791
30.0,0.0,10.3,43.81,2.8333333333333335,16.666666666666668,8.0,0.3333333333333333,42000001,2,mixed/cpu_intensive/batch,SJF,0.2885852090032152,0.10326086956521742,0.2373934013700541,0.33762057877813534,0.2470536837690482,0.825
28.0,1.0,10.206896551724139,40.92271105826397,2.8620689655172415,24.892857142857142,0.0,1.0,42000001,3,mixed/cpu_intensive/batch,SJF,0.5072318788867366,0.15073529411764705,0.2647313691507798,0.3292894280762565,0.26509774186971147,0.8161764705882353
27.0,0.0,10.222222222222221,38.39506172839506,2.814814814814815,27.074074074074073,0.0,1.0,42000001,4,mixed/cpu_intensive/batch,Priority,0.5,0.25,0.28730848861283664,0.2266666666666668,0.17523809523809536,0.5775362318840583
27.0,0.0,9.777777777777779,30.098765432098766,2.814814814814815,25.925925925925927,0.0,1.0,42000001,5,mixed/cpu_intensive/batch,SJF,0.02886247877758895,0.0,0.053480475382004,0.3412563667232602,0.08064516129032309,0.75
27.0,0.0,9.296296296296296,27.689986282578875,2.814814814814815,24.48148148148148,0.0,1.0,42000001,6,mixed/cpu_intensive/batch,SRTF,0.2986906710310969,0.0818330605564657,0.0,0.34697217675941133,0.2986906710310969,0.75
27.0,0.0,8.703703703703704,24.430727023319616,2.814814814814815,24.51851851851852,0.0,1.0,42000001,7,mixed/cpu_intensive/batch,SJF,0.5,0.0,0.09487534626038814,0.31925207756232676,0.07063711911357334,0.700138504155124
26.0,0.0,8.26923076923077,23.965976331360945,2.8076923076923075,25.923076923076923,0.0,0.0,42000001,8,mixed/cpu_intensive/batch,SJF,0.32425742574257443,0.0,0.05858085808580871,0.3498349834983501,0.14851485148514834,0.75
26.0,0.0,7.5,25.78846153846154,2.8076923076923075,25.76923076923077,0.0,0.0,42000001,9,mixed/cpu_intensive/batch,SRTF,0.5,0.011487303506650408,0.0,0.2370012091898428,0.11547762998790764,0.5970374848851269
25.0,1.0,6.846153846153846,21.36094674556213,2.8076923076923075,26.24,0.0,0.0,42000001,10,mixed/cpu_intensive/batch,SRTF,0.1101190476190481,0.03670634920634869,0.0,0.32539682539682596,0.25694444444444525,0.75
24.0,1.0,6.36,22.2304,2.88,26.125,0.0,1.0,42000001,11,mixed/cpu_intensive/batch,SRTF,0.16935483870967713,0.07963709677419335,0.0,0.3326612903225808,0.32056451612903203,0.75
22.0,0.0,6.318181818181818,24.762396694214875,2.8636363636363638,26.09090909090909,0.0,1.0,42000001,12,mixed/cpu_intensive/batch,SJF,0.5,0.0,0.08241758241758236,0.2935635792778649,0.20094191522762947,0.6644427001569855
22.0,0.0,5.409090909090909,20.696280991735538,2.8636363636363638,23.045454545454547,0.0,0.0,42000001,13,mixed/cpu_intensive/batch,SJF,0.24871794871794856,0.0,0.0038461538461534092,0.3025641025641029,0.24230769230769275,0.75
19.0,0.0,5.2631578947368425,22.614958448753463,2.9473684210526314,20.842105263157894,0.0,0.0,42000001,14,mixed/cpu_intensive/batch,SJF,0.5,0.0,0.07645631067961134,0.2682038834951463,0.183252427184466,0.6820388349514571
16.0,0.0,5.8125,20.90234375,2.75,19.6875,0.0,1.0,42000001,15,mixed/cpu_intensive/batch,SJF,0.2163742690058481,0.0,0.14912280701754385,0.3479532163742692,0.26315789473684215,0.75
14.0,0.0,7.928571428571429,39.066326530612244,2.7142857142857144,15.5,0.0,1.0,42000001,16,mixed/cpu_intensive/batch,SJF,0.5,0.0,0.007374631268437409,0.26401179941002956,0.0457227138643069,0.6703539823008845
13.0,0.0,7.923076923076923,36.37869822485207,2.8461538461538463,11.384615384615385,0.0,1.0,42000001,17,mixed/cpu_intensive/batch,SJF,0.3790613718411546,0.0,0.1534296028880872,0.3194945848375452,0.15523465703971134,0.75
10.0,0.0,8.4,28.84,2.9,11.4,0.0,0.0,42000001,18,mixed/cpu_intensive/batch,SJF,0.3453815261044177,0.0,0.14859437751003876,0.3453815261044177,0.12650602409638367,0.75
9.0,0.0,9.222222222222221,25.728395061728396,2.888888888888889,8.444444444444445,0.0,1.0,42000001,19,mixed/cpu_intensive/batch,SJF,0.34081632653061217,0.0,0.30612244897959195,0.36938775510204125,0.1877551020408162,0.75
9.0,0.0,8.88888888888889,23.876543209876544,2.888888888888889,7.777777777777778,0.0,1.0,42000001,20,mixed/cpu_intensive/batch,SJF,0.21686746987951588,0.0,0.3102409638554218,0.3644578313253013,0.15662650602409764,0.75
8.0,0.0,7.375,23.234375,3,7,0.0,0.0,42000001,21,mixed/cpu_intensive/batch,SJF,0.32550335570469896,0.0,0.21476510067114135,0.3758389261744979,0.12416107382550326,0.75
7.0,0.0,9.285714285714286,54.48979591836735,3.2857142857142856,6.285714285714286,0.0,1.0,42000001,22,mixed/cpu_intensive/batch,SJF,0.017857142857144816,0.0,0.014285714285713416,0.29642857142857226,0.23214285714285823,0.75
6.0,0.0,10.333333333333334,46.55555555555556,3.1666666666666665,4.5,0.0,1.0,42000001,23,mixed/cpu_intensive/batch,SJF,0.1777777777777828,0.0,0.0,0.35555555555555995,0.22777777777777908,0.75
4.0,0.0,10.75,36.1875,3.25,6,0.0,0.0,42000001,24,mixed/cpu_intensive/batch,SJF,0.25000000000000183,0.0,0.0,0.3913043478260876,0.25000000000000183,0.75
2.0,0.0,11.5,2.25,3.5,2.5,0.0,0.0,42000001,25,mixed/cpu_intensive/batch,FCFS,0.0,0.0,0.0,0.2666666666666856,0.10000000000002274,0.75
1.0,0.0,3,0,3,0,0.0,0.0,42000001,26,mixed/cpu_intensive/batch,FCFS,0.0,0.0,0.0,0.0,0.0,0.0
9.0,0.0,15.666666666666666,43.111111111111114,3.5555555555555554,6,9.0,0.0,42000002,0,cpu_intensive/batch/mixed,SJF,0.75,0.032108265388822776,0.1516924494125254,0.1747941735275491,0.08426573426573424,0.4940566083694644
19.0,0.0,13.263157894736842,34.19390581717452,3.4210526315789473,11.894736842105264,10.0,0.0,42000002,1,cpu_intensive/batch/mixed,SJF,0.23924929101221667,0.12892670157068067,0.34599967277486904,0.34505208333333337,0.2747395833333337,0.8167539267015707
30.0,0.0,10.566666666666666,34.312222222222225,3.1333333333333333,16.1,11.0,0.0,42000002,2,cpu_intensive/batch/mixed,SJF,0.25,0.1577843222339925,0.3114558472553701,0.400102740163108,0.3385862698301275,0.8315508021390374
30.0,0.0,10,31.933333333333334,3.1333333333333333,23.566666666666666,0.0,1.0,42000002,3,cpu_intensive/batch/mixed,SJF,0.537373004354136,0.23063380281690138,0.39757558412886584,0.3483309143686501,0.2775761973875178,0.8397887323943661
29.0,1.0,9.433333333333334,34.37888888888889,3.1333333333333333,27.79310344827586,0.0,0.0,42000002,4,cpu_intensive/batch/mixed,Priority,0.75,0.10710227272727282,0.24164772727272715,0.20607954545454554,0.0,0.5850378787878788
30.0,0.0,8.766666666666667,30.77888888888889,3.1333333333333333,27.766666666666666,0.0,1.0,42000002,5,cpu_intensive/batch/mixed,SJF,0.09164222873900328,0.0,0.26906158357771276,0.34604105571847515,0.06818181818181863,0.75
30.0,0.0,8.1,30.423333333333332,3.1333333333333333,28.466666666666665,0.0,0.0,42000002,6,cpu_intensive/batch/mixed,Priority,0.30723781388478605,0.06646971935007387,0.2651403249630726,0.341949778434269,0.0,0.75
28.0,2.0,7.733333333333333,27.92888888888889,3.1333333333333333,30.214285714285715,0.0,1.0,42000002,7,cpu_intensive/batch/mixed,SJF,0.3740279937791602,0.0,0.19751166407464943,0.3398133748055986,0.03888024883359244,0.75
30.0,0.0,7.166666666666667,26.272222222222222,3.1333333333333333,27.5,0.0,1.0,42000002,8,cpu_intensive/batch/mixed,SJF,0.06957928802589007,0.0,0.0703883495145633,0.33009708737864096,0.11003236245954745,0.75
29.0,1.0,7.166666666666667,27.272222222222222,3.1333333333333333,28.344827586206897,0.0,1.0,42000002,9,cpu_intensive/batch/mixed,SRTF,0.29565217391304355,0.0008695652173919955,0.0,0.31739130434782625,0.05913043478260913,0.75
29.0,1.0,6.533333333333333,26.515555555555554,3.1333333333333333,28.689655172413794,0.0,1.0,42000002,10,cpu_intensive/batch/mixed,SJF,0.25965996908809896,0.0,0.0633693972179292,0.3176197836166924,0.14528593508500776,0.75
29.0,0.0,6.137931034482759,25.774078478002377,3.1724137931034484,27.03448275862069,0.0,1.0,42000002,11,cpu_intensive/batch/mixed,SJF,0.21938775510204067,0.0,0.08673469387755108,0.32738095238095266,0.2210884353741494,0.75
28.0,0.0,5.642857142857143,24.01530612244898,3.107142857142857,28.285714285714285,0.0,0.0,42000002,12,cpu_intensive/batch/mixed,SJF,0.5,0.0,0.08161764705882371,0.2691176470588236,0.18308823529411775,0.6838235294117647
26.0,1.0,5.481481481481482,21.58299039780521,3.185185185185185,25.923076923076923,0.0,1.0,42000002,13,cpu_intensive/batch/mixed,SJF,0.4593023255813954,0.0,0.07655038759689961,0.2965116279069769,0.26162790697674404,0.75
24.0,0.0,5.625,16.484375,3.0833333333333335,22.833333333333332,0.0,1.0,42000002,14,cpu_intensive/batch/mixed,SJF,0.27831325301204873,0.0,0.09397590361445854,0.27710843373494015,0.08674698795180755,0.75
21.0,0.0,6.714285714285714,19.346938775510203,2.9047619047619047,21.80952380952381,0.0,1.0,42000002,15,cpu_intensive/batch/mixed,SRTF,0.28058510638297857,0.0013297872340422515,0.0,0.3071808510638304,0.13430851063829824,0.75
20.0,0.0,6,22.2,3,20.2,0.0,0.0,42000002,16,cpu_intensive/batch/mixed,SJF,0.31481481481481455,0.0,0.012820512820513282,0.3034188034188038,0.21082621082621059,0.75
19.0,0.0,5.315789473684211,17.689750692520775,3.0526315789473686,19.57894736842105,0.0,1.0,42000002,17,cpu_intensive/batch/mixed,SJF,0.3468013468013472,0.0,0.12121212121212122,0.29461279461279477,0.1835016835016831,0.75
15.0,1.0,5.3125,20.08984375,3.25,19.8,0.0,0.0,42000002,18,cpu_intensive/batch/mixed,SJF,0.19344262295082015,0.0,0.17377049180327858,0.31803278688524617,0.22295081967213112,0.75
12.0,2.0,7.714285714285714,30.346938775510203,3.0714285714285716,17,0.0,1.0,42000002,19,cpu_intensive/batch/mixed,SJF,0.1433566433566425,0.0,0.2115384615384613,0.33216783216783263,0.16608391608391543,0.75
13.0,0.0,6.769230769230769,32.79289940828402,2.923076923076923,12.384615384615385,0.0,1.0,42000002,20,cpu_intensive/batch/mixed,SJF,0.4689542483660134,0.0,0.13888888888888978,0.33660130718954323,0.1993464052287582,0.75
12.0,0.0,8.416666666666666,38.90972222222222,3.0833333333333335,10.75,0.0,1.0,42000002,21,cpu_intensive/batch/mixed,SJF,0.3364928909952599,0.0,0.18246445497630295,0.2890995260663503,0.037914691943128215,0.75
9.0,0.0,10.444444444444445,19.580246913580247,3.3333333333333335,9.88888888888889,0.0,1.0,42000002,22,cpu_intensive/batch/mixed,SJF,0.1359447004608278,0.0,0.19124423963133558,0.3548387096774192,0.14285714285714274,0.75
9.0,0.0,8.222222222222221,17.950617283950617,3.3333333333333335,8,0.0,0.0,42000002,23,cpu_intensive/batch/mixed,SJF,0.16346153846153771,0.0,0.05448717948717925,0.3012820512820512,0.09935897435897166,0.75
7.0,0.0,7.571428571428571,10.816326530612244,3,6.428571428571429,0.0,0.0,42000002,24,cpu_intensive/batch/mixed,Priority,0.026923076923076168,0.0038461538461503648,0.038461538461536444,0.36153846153846225,0.0,0.75
7.0,0.0,9.142857142857142,75.26530612244898,3,5.285714285714286,0.0,1.0,42000002,25,cpu_intensive/batch/mixed,SRTF,0.10769230769230775,0.007692307692307228,0.0,0.32307692307692326,0.11153846153846202,0.75
6.0,0.0,7.166666666666667,72.47222222222223,3,5.833333333333333,0.0,0.0,42000002,26,cpu_intensive/batch/mixed,SJF,0.05769230769230391,0.0,0.0,0.25,0.19230769230768952,0.75
2.0,0.0,12,100,4.5,2,0.0,0.0,42000002,27,cpu_intensive/batch/mixed,FCFS,0.0,0.0,0.0,0.0,0.5,0.42499999999999527
1.0,0.0,4,0,4,0,0.0,0.0,42000002,28,cpu_intensive/batch/mixed,FCFS,0.0,0.0,0.0,0.0,0.0,0.0
12.0,1.0,7.153846153846154,87.51479289940828,3.923076923076923,4.916666666666667,15.0,0.2857142857142857,42000003,0,interactive/cpu_intensive/mixed,SJF,0.4111295681063123,0.01767015706806283,0.09466264284844585,0.3239202657807309,0.5411868814249187,0.7801047120418848
19.0,0.0,11.263157894736842,103.24653739612188,3.5789473684210527,9.68421052631579,6.0,0.5384615384615384,42000003,1,interactive/cpu_intensive/mixed,SJF,0.75,0.0491183879093199,0.06006315983853702,0.2571592210767468,0.462369547090002,0.6667589971752635
27.0,2.0,10.206896551724139,91.26753864447087,3.206896551724138,15.666666666666666,11.0,0.08333333333333333,42000003,2,interactive/cpu_intensive/mixed,SJF,0.5099693251533742,0.07590759075907591,0.08282208588957055,0.35293537022413896,0.5433092388993501,0.8217821782178218
27.0,2.0,10,82.27586206896552,3.206896551724138,23.333333333333332,0.0,1.0,42000003,3,interactive/cpu_intensive/mixed,SJF,0.4114859209270086,0.10633116883116883,0.14721312172218518,0.23816717019133937,0.75,0.634018486548698
29.0,0.0,9.379310344827585,77.89060642092747,3.206896551724138,25.724137931034484,0.0,1.0,42000003,4,interactive/cpu_intensive/mixed,SJF,0.5275891341256367,0.085,0.14082342954159593,0.3030560271646859,0.44823429541595927,0.77
27.0,0.0,9.777777777777779,71.50617283950618,3.2222222222222223,24.185185185185187,0.0,1.0,42000003,5,interactive/cpu_intensive/mixed,SJF,0.16990920881971466,0.0,0.07392996108949416,0.25616083009079116,0.5,0.6280804150453956
26.0,1.0,9.185185185185185,70.44718792866941,3.2222222222222223,24.846153846153847,0.0,1.0,42000003,6,interactive/cpu_intensive/mixed,SJF,0.5,0.0,0.07054455445544554,0.23886138613861385,0.43069306930693074,0.6033415841584158
26.0,1.0,8.851851851851851,61.38545953360768,3.2222222222222223,24.26923076923077,0.0,1.0,42000003,7,interactive/cpu_intensive/mixed,SJF,0.13897058823529412,0.0,0.029411764705882353,0.21911764705882353,0.5,0.6213235294117647
26.0,0.0,8.615384615384615,57.62130177514793,3.1923076923076925,22.46153846153846,0.0,1.0,42000003,8,interactive/cpu_intensive/mixed,SJF,0.15585443037974683,0.0,0.015031645569620253,0.2088607594936709,0.5,0.6115506329113923
24.0,0.0,8.666666666666666,52.80555555555556,3.0416666666666665,22.166666666666668,0.0,1.0,42000003,9,interactive/cpu_intensive/mixed,SJF,0.21063829787234045,0.0,0.060638297872340416,0.2574468085106383,0.5,0.7074468085106383
23.0,0.0,8.608695652173912,46.67296786389414,3,21.217391304347824,0.0,1.0,42000003,10,interactive/cpu_intensive/mixed,SJF,0.5,0.0,0.09865092748735245,0.2774030354131535,0.43929173693086004,0.6564080944350759
20.0,1.0,8.666666666666666,41.17460317460318,3.1904761904761907,22.75,0.0,1.0,42000003,11,interactive/cpu_intensive/mixed,SRTF,0.4313063063063063,0.024774774774774775,0.0,0.3063063063063063,0.5,0.7184684684684685
19.0,1.0,8.6,36.74,3.2,20.05263157894737,0.0,1.0,42000003,12,interactive/cpu_intensive/mixed,SJF,0.3343195266272189,0.0,0.026627218934911243,0.33530571992110453,0.5,0.7214003944773175
20.0,0.0,7.6,33.54,3.2,17.55,0.0,1.0,42000003,13,interactive/cpu_intensive/mixed,SJF,0.45070422535211263,0.0,0.12793427230046947,0.33568075117370894,0.47300469483568075,0.75
18.0,1.0,7.315789473684211,29.900277008310248,3.1578947368421053,18.27777777777778,0.0,1.0,42000003,14,interactive/cpu_intensive/mixed,SJF,0.48197115384615385,0.0,0.10697115384615384,0.34615384615384615,0.485576923076923,0.75
18.0,0.0,6.611111111111111,27.015432098765434,3.0555555555555554,17.444444444444443,0.0,1.0,42000003,15,interactive/cpu_intensive/mixed,SJF,0.23626373626373626,0.0,0.15521978021978022,0.3282967032967033,0.37225274725274726,0.75
16.0,0.0,6.5,22.75,2.9375,16.5,0.0,1.0,42000003,16,interactive/cpu_intensive/mixed,SJF,0.4700996677740864,0.0,0.1046511627906977,0.31561461794019935,0.29401993355481726,0.75
13.0,0.0,8.538461538461538,43.94082840236686,3.1538461538461537,15.538461538461538,0.0,1.0,42000003,17,interactive/cpu_intensive/mixed,SJF,0.35797665369649806,0.0,0.07198443579766536,0.32684824902723736,0.24513618677042798,0.75
12.0,0.0,8.833333333333334,36.47222222222222,3.0833333333333335,10.416666666666666,0.0,1.0,42000003,18,interactive/cpu_intensive/mixed,SJF,0.06621004566210045,0.0,0.1643835616438356,0.3219178082191781,0.20776255707762556,0.75
11.0,0.0,8.090909090909092,30.082644628099175,2.909090909090909,10.545454545454545,0.0,1.0,42000003,19,interactive/cpu_intensive/mixed,SJF,0.3075221238938053,0.0,0.28761061946902655,0.336283185840708,0.1902654867256637,0.75
10.0,0.0,6.9,29.49,2.9,10.2,0.0,0.0,42000003,20,interactive/cpu_intensive/mixed,SJF,0.4017094017094017,0.0,0.28846153846153844,0.33760683760683763,0.07051282051282051,0.75
9.0,0.0,6.888888888888889,27.876543209876544,3.111111111111111,8.333333333333334,0.0,1.0,42000003,21,interactive/cpu_intensive/mixed,SJF,0.12557077625570776,0.0,0.3675799086757991,0.3515981735159817,0.1461187214611872,0.75
9.0,0.0,9,59.111111111111114,3.111111111111111,6.888888888888889,0.0,1.0,42000003,22,interactive/cpu_intensive/mixed,SJF,0.3133047210300429,0.0,0.19313304721030042,0.3540772532188841,0.3133047210300429,0.75
7.0,0.0,12.285714285714286,59.3469387755102,2.857142857142857,7.428571428571429,0.0,1.0,42000003,23,interactive/cpu_intensive/mixed,SJF,0.08132530120481928,0.0,0.006024096385542169,0.34036144578313254,0.11746987951807229,0.75
6.0,0.0,14.5,29.583333333333332,3.1666666666666665,5.833333333333333,0.0,1.0,42000003,24,interactive/cpu_intensive/mixed,SRTF,0.3577586206896552,0.01293103448275862,0.0,0.48275862068965525,0.22413793103448276,0.75
6.0,0.0,11.166666666666666,31.805555555555557,3.1666666666666665,5,0.0,0.0,42000003,25,interactive/cpu_intensive/mixed,SJF,0.2558139534883721,0.0,0.0,0.4186046511627908,0.1511627906976744,0.75
5.0,0.0,9.2,13.36,3,4,0.0,0.0,42000003,26,interactive/cpu_intensive/mixed,SJF,0.31746031746031744,0.0,0.0,0.5,0.14285714285714285,0.7261904761904762
5.0,0.0,5.2,13.36,3,4,0.0,0.0,42000003,27,interactive/cpu_intensive/mixed,SJF,0.5,0.0,0.0,0.3194444444444444,0.2777777777777778,0.6666666666666666
2.0,0.0,3.5,0.25,3.5,1,0.0,0.0,42000003,28,interactive/cpu_intensive/mixed,SJF,0.16666666666666666,0.0,0.0,0.5,0.0,0.41666666666666663
9.0,0.0,19.555555555555557,42.69135802469136,3.111111111111111,5.888888888888889,9.0,0.0,42000004,0,cpu_intensive/io_intensive/mixed,SJF,0.75,0.028621495327102803,0.031720430107526884,0.35684478946839515,0.3391669178976987,0.7470894884936187
20.0,1.0,9.428571428571429,78.24489795918367,2.9523809523809526,11.8,12.0,0.0,42000004,1,cpu_intensive/io_intensive/mixed,SJF,0.75,0.05543478260869565,0.16666666666666666,0.27238101628198247,0.33163803900518873,0.7053766326713187
32.0,0.0,9.96875,74.7802734375,2.59375,14.46875,11.0,0.3125,42000004,2,cpu_intensive/io_intensive/mixed,SJF,0.4152726065406598,0.12897526501766785,0.21171413664714114,0.3389261744966443,0.43590604026845636,0.8401060070671378
30.0,2.0,9.6875,67.27734375,2.59375,22.866666666666667,0.0,1.0,42000004,3,cpu_intensive/io_intensive/mixed,SJF,0.717741935483871,0.17204301075268819,0.30564825114324556,0.30970625798212004,0.3879310344827586,0.8064464631483541
32.0,0.0,9.21875,64.7333984375,2.59375,25.5625,0.0,1.0,42000004,4,cpu_intensive/io_intensive/mixed,SJF,0.6666666666666667,0.23958333333333334,0.3327530946065429,0.2656940760389036,0.4202033598585323,0.6470490716180372
30.0,2.0,8.96875,60.5927734375,2.59375,28.4,0.0,1.0,42000004,5,cpu_intensive/io_intensive/mixed,SJF,0.24216710182767623,0.0,0.1135770234986945,0.3537859007832898,0.24216710182767623,0.75
30.0,2.0,8.625,55.046875,2.59375,30.2,0.0,1.0,42000004,6,cpu_intensive/io_intensive/mixed,SJF,0.5,0.0,0.05750798722044728,0.19728434504792333,0.13099041533546327,0.5503194888178914
32.0,0.0,8.28125,47.9521484375,2.59375,25.40625,0.0,1.0,42000004,7,cpu_intensive/io_intensive/mixed,SJF,0.06521739130434782,0.0,0.09420289855072464,0.3239130434782609,0.23043478260869565,0.75
32.0,0.0,7.9375,44.62109375,2.59375,24.875,0.0,1.0,42000004,8,cpu_intensive/io_intensive/mixed,SJF,0.25616835994194487,0.0,0.15965166908563136,0.3490566037735849,0.3889695210449927,0.75
31.0,1.0,7.4375,41.30859375,2.59375,27.419354838709676,0.0,1.0,42000004,9,cpu_intensive/io_intensive/mixed,SJF,0.2641509433962264,0.0,0.09262435677530018,0.3130360205831904,0.23842195540308747,0.75
30.0,1.0,7.258064516129032,39.09469302809573,2.6129032258064515,28.7,0.0,1.0,42000004,10,cpu_intensive/io_intensive/mixed,SJF,0.43301435406698563,0.0,0.09011164274322168,0.3293460925039872,0.13875598086124402,0.75
27.0,3.0,7.166666666666667,37.53888888888889,2.566666666666667,32.629629629629626,0.0,1.0,42000004,11,cpu_intensive/io_intensive/mixed,SJF,0.2217741935483871,0.0,0.11559139784946236,0.36088709677419356,0.40524193548387094,0.75
30.0,0.0,6.666666666666667,33.15555555555556,2.566666666666667,27.6,0.0,1.0,42000004,12,cpu_intensive/io_intensive/mixed,SJF,0.26725521669341895,0.0,0.07865168539325842,0.3130016051364366,0.25120385232744785,0.75
29.0,1.0,6.366666666666666,29.432222222222222,2.566666666666667,23.482758620689655,0.0,1.0,42000004,13,cpu_intensive/io_intensive/mixed,SJF,0.5,0.0,0.016638935108153077,0.31281198003327787,0.22212978369384362,0.7375207986688852
27.0,2.0,6.275862068965517,25.30321046373365,2.5172413793103448,24.444444444444443,0.0,1.0,42000004,14,cpu_intensive/io_intensive/mixed,SJF,0.5,0.0,0.052152317880794705,0.2905629139072848,0.3352649006622517,0.695364238410596
25.0,2.0,6.185185185185185,23.632373113854594,2.4814814814814814,26.48,0.0,1.0,42000004,15,cpu_intensive/io_intensive/mixed,SJF,0.5,0.0,0.08198051948051949,0.21915584415584416,0.13392857142857142,0.6396103896103896
23.0,1.0,6.25,18.4375,2.5,24.17391304347826,0.0,1.0,42000004,16,cpu_intensive/io_intensive/mixed,SJF,0.15730337078651685,0.0,0.13707865168539327,0.31573033707865167,0.18202247191011237,0.75
22.0,1.0,5.826086956521739,18.66540642722117,2.5652173913043477,23.681818181818183,0.0,1.0,42000004,17,cpu_intensive/io_intensive/mixed,SJF,0.4523809523809524,0.0,0.07380952380952381,0.3107142857142857,0.1380952380952381,0.75
20.0,1.0,5.476190476190476,15.773242630385488,2.4285714285714284,22.75,0.0,1.0,42000004,18,cpu_intensive/io_intensive/mixed,SJF,0.15547263681592038,0.0,0.04228855721393035,0.31716417910447764,0.15547263681592038,0.75
19.0,1.0,4.95,15.9475,2.35,20.68421052631579,0.0,1.0,42000004,19,cpu_intensive/io_intensive/mixed,SJF,0.5,0.0,0.043689320388349516,0.3155339805825243,0.16019417475728157,0.7233009708737864
18.0,1.0,4.684210526315789,13.268698060941828,2.4210526315789473,18.666666666666668,0.0,1.0,42000004,20,cpu_intensive/io_intensive/mixed,SJF,0.17029972752043596,0.0,0.06403269754768393,0.31607629427792916,0.21798365122615804,0.75
15.0,0.0,4.733333333333333,12.72888888888889,2.6,18.333333333333332,0.0,1.0,42000004,21,cpu_intensive/io_intensive/mixed,SJF,0.48035714285714287,0.0,0.06428571428571428,0.31607142857142856,0.1375,0.75
12.0,1.0,4.3076923076923075,8.982248520710058,2.3846153846153846,15,0.0,1.0,42000004,22,cpu_intensive/io_intensive/mixed,SJF,0.3,0.0,0.031914893617021274,0.3191489361702128,0.125531914893617,0.75
13.0,0.0,3.8461538461538463,13.36094674556213,2.3846153846153846,11.076923076923077,0.0,1.0,42000004,23,cpu_intensive/io_intensive/mixed,SJF,0.25688073394495414,0.0,0.19036697247706422,0.29128440366972475,0.22018348623853212,0.75
8.0,0.0,5.375,20.234375,2.5,11.875,0.0,1.0,42000004,24,cpu_intensive/io_intensive/mixed,SJF,0.13194444444444445,0.0,0.2881944444444444,0.3611111111111111,0.3472222222222222,0.75
6.0,0.0,10.666666666666666,53.888888888888886,2.6666666666666665,5,0.0,1.0,42000004,25,cpu_intensive/io_intensive/mixed,SJF,0.35555555555555557,0.0,0.3055555555555556,0.49444444444444446,0.3111111111111111,0.75
5.0,0.0,9,40,2.8,4,0.0,0.0,42000004,26,cpu_intensive/io_intensive/mixed,SJF,0.05357142857142857,0.0,0.07738095238095238,0.31547619047619047,0.16666666666666666,0.75
5.0,0.0,10.6,119.04,2.8,3.2,0.0,1.0,42000004,27,cpu_intensive/io_intensive/mixed,SJF,0.5,0.0,0.0,0.2073170731707317,0.451219512195122,0.676829268292683
2.0,0.0,17,36,3,2,0.0,0.0,42000004,28,cpu_intensive/io_intensive/mixed,FCFS,0.0,0.0,0.0,0.17857142857142858,0.21428571428571427,0.75
2.0,0.0,7,36,3,1,0.0,0.0,42000004,29,cpu_intensive/io_intensive/mixed,FCFS,0.0,0.0,0.0,0.0,0.46153846153846156,0.75
9.0,0.0,15.88888888888889,47.65432098765432,3.5555555555555554,5.333333333333333,9.0,0.0,42000005,0,cpu_intensive/io_intensive/batch,SJF,0.36725955204216076,0.03663793103448274,0.13372859025032946,0.4645177411294352,0.36725955204216076,0.8915229885057472
20.0,1.0,7.761904761904762,50.3718820861678,2.9523809523809526,10.85,12.0,0.0,42000005,1,cpu_intensive/io_intensive/batch,SJF,0.39844804318488497,0.13983050847457626,0.24461618518264355,0.33805668016194323,0.39470253207987405,0.8425141242937854
29.0,1.0,9.233333333333333,42.97888888888889,3,17.275862068965516,9.0,0.25,42000005,2,cpu_intensive/io_intensive/batch,SJF,0.75,0.24789915966386566,0.31097872525465564,0.3492884864165591,0.478994314413994,0.8148719384260824
29.0,1.0,8.733333333333333,40.595555555555556,3,24.75862068965517,0.0,1.0,42000005,3,cpu_intensive/io_intensive/batch,FCFS,0.22242647058823528,0.29005722460658095,0.4216738197424892,0.3526466380543633,0.48843673735588666,0.8106617647058822
30.0,0.0,8.233333333333333,34.37888888888889,3,26.5,0.0,1.0,42000005,4,cpu_intensive/io_intensive/batch,SJF,0.23487261146496818,0.0,0.22213375796178367,0.3105095541401273,0.24283439490445902,0.75
26.0,3.0,8.275862068965518,32.06183115338882,2.9655172413793105,28.96153846153846,0.0,1.0,42000005,5,cpu_intensive/io_intensive/batch,SJF,0.5,0.0,0.14190871369294583,0.2576763485477178,0.20000000000000004,0.5898340248962658
28.0,1.0,7.827586206896552,27.728894173602853,2.9655172413793105,26.857142857142858,0.0,1.0,42000005,6,cpu_intensive/io_intensive/batch,SJF,0.2130081300813012,0.0,0.1951219512195122,0.3349593495934963,0.28780487804878074,0.75
28.0,1.0,7.275862068965517,24.475624256837097,2.9655172413793105,27.25,0.0,1.0,42000005,7,cpu_intensive/io_intensive/batch,SJF,0.39152542372881394,0.0,0.19745762711864456,0.32966101694915284,0.17881355932203402,0.75
27.0,2.0,7.241379310344827,19.35552913198573,2.9655172413793105,27.074074074074073,0.0,1.0,42000005,8,cpu_intensive/io_intensive/batch,SJF,0.5,0.0,0.11538461538461561,0.29146634615384615,0.11658653846153863,0.6634615384615382
28.0,1.0,6.586206896551724,20.3115338882283,2.9655172413793105,26.571428571428573,0.0,1.0,42000005,9,cpu_intensive/io_intensive/batch,SJF,0.15870786516853946,0.0,0.17696629213483175,0.3574438202247193,0.2050561797752808,0.75
28.0,1.0,6.0344827586206895,17.412604042806183,2.9655172413793105,27.142857142857142,0.0,1.0,42000005,10,cpu_intensive/io_intensive/batch,SJF,0.476398601398602,0.0,0.2552447552447557,0.3260489510489512,0.06381118881118893,0.75
27.0,1.0,5.642857142857143,15.58673469387755,3.0357142857142856,27.11111111111111,0.0,1.0,42000005,11,cpu_intensive/io_intensive/batch,SJF,0.1820175438596488,0.0,0.19883040935672527,0.34868421052631565,0.16154970760233878,0.75
26.0,2.0,6.071428571428571,17.4234693877551,3.0357142857142856,26.26923076923077,0.0,1.0,42000005,12,cpu_intensive/io_intensive/batch,SJF,0.3027823240589198,0.0,0.23076923076923067,0.34042553191489366,0.30196399345335534,0.75
25.0,0.0,6.08,14.8736,3,26.08,0.0,1.0,42000005,13,cpu_intensive/io_intensive/batch,SJF,0.5,0.0,0.17219589257503995,0.27646129541864134,0.13823064770932106,0.6615323854660344
25.0,0.0,5.64,13.9904,3,23.88,0.0,1.0,42000005,14,cpu_intensive/io_intensive/batch,SJF,0.2666666666666668,0.0,0.21544715447154428,0.35853658536585337,0.19430894308943025,0.75
23.0,1.0,5.125,11.609375,3.0416666666666665,24.782608695652176,0.0,0.0,42000005,15,cpu_intensive/io_intensive/batch,SJF,0.4909539473684209,0.0,0.20805921052631582,0.3421052631578948,0.37911184210526316,0.75
24.0,0.0,5.583333333333333,33.326388888888886,3.0416666666666665,21.291666666666668,0.0,1.0,42000005,16,cpu_intensive/io_intensive/batch,SJF,0.17340425531914885,0.0,0.18404255319148938,0.29893617021276586,0.1202127659574469,0.75
23.0,0.0,5.478260869565218,34.24952741020794,3.130434782608696,20.304347826086957,0.0,1.0,42000005,17,cpu_intensive/io_intensive/batch,SJF,0.35546874999999983,0.0,0.034179687499999896,0.26660156250000006,0.5,0.6757812500000002
20.0,2.0,5.2727272727272725,30.107438016528924,3.0454545454545454,22.1,0.0,1.0,42000005,18,cpu_intensive/io_intensive/batch,SJF,0.12894736842105342,0.0,0.1578947368421053,0.2828947368421052,0.07500000000000048,0.75
18.0,1.0,5.526315789473684,30.670360110803323,3.0526315789473686,19.11111111111111,0.0,1.0,42000005,19,cpu_intensive/io_intensive/batch,SRTF,0.41029900332225944,0.003322259136212446,0.0,0.28737541528239213,0.37707641196013386,0.75
17.0,0.0,5.0588235294117645,31.46712802768166,2.8823529411764706,17.235294117647058,0.0,1.0,42000005,20,cpu_intensive/io_intensive/batch,SJF,0.14878892733564064,0.0,0.16608996539792342,0.29584775086505155,0.21280276816608956,0.75
14.0,1.0,4.466666666666667,28.38222222222222,2.8666666666666667,17.428571428571427,0.0,0.0,42000005,21,cpu_intensive/io_intensive/batch,SJF,0.30669144981412655,0.0,0.18959107806691458,0.2825278810408921,0.29182156133829096,0.75
13.0,0.0,5.3076923076923075,45.905325443786985,3.076923076923077,11.538461538461538,0.0,1.0,42000005,22,cpu_intensive/io_intensive/batch,SJF,0.27876106194690176,0.0,0.09955752212389377,0.2765486725663713,0.3539823008849566,0.75
9.0,0.0,13.555555555555555,104.46913580246914,3.2222222222222223,10.222222222222221,0.0,1.0,42000005,23,cpu_intensive/io_intensive/batch,SRTF,0.1618497109826571,0.0057803468208089005,0.0,0.3121387283236984,0.2283236994219639,0.75
6.0,0.0,17.166666666666668,61.47222222222222,3.3333333333333335,9,0.0,0.0,42000005,24,cpu_intensive/io_intensive/batch,SJF,0.15028901734103922,0.0,0.0028901734104020034,0.33815028901733996,0.18497109826589578,0.75
5.0,0.0,16.6,23.84,3.2,4.4,0.0,0.0,42000005,25,cpu_intensive/io_intensive/batch,SJF,0.24000000000000088,0.0,0.003999999999996377,0.3319999999999994,0.24000000000000088,0.75
5.0,0.0,12.6,23.84,3.2,4,0.0,0.0,42000005,26,cpu_intensive/io_intensive/batch,SRTF,0.2923728813559305,0.004237288135593698,0.0,0.3220338983050849,0.2923728813559305,0.75
5.0,0.0,8.6,23.84,3.2,4,0.0,0.0,42000005,27,cpu_intensive/io_intensive/batch,SRTF,0.28191489361702116,0.00531914893617442,0.0,0.27659574468085213,0.28191489361702116,0.75
4.0,0.0,5.75,11.1875,3,3,0.0,0.0,42000005,28,cpu_intensive/io_intensive/batch,SRTF,0.08749999999999616,0.012500000000001277,0.0,0.17500000000000088,0.21250000000000896,0.75
1.0,0.0,2,0,2,0,0.0,0.0,42000005,29,cpu_intensive/io_intensive/batch,FCFS,0.0,0.0,0.0,0.0,0.0,0.0
11.0,0.0,12.545454545454545,72.4297520661157,3.727272727272727,4.545454545454546,11.0,0.0,42000006,0,cpu_intensive/io_intensive/mixed,SJF,0.6975524475524475,0.09265734265734266,0.13343881856540085,0.313103036204302,0.6075949367088608,0.7184208196866425
21.0,2.0,7.173913043478261,51.44801512287334,3.347826086956522,11.095238095238095,12.0,0.0,42000006,1,cpu_intensive/io_intensive/mixed,SJF,0.75,0.08564814814814815,0.21583850931677018,0.263917644352427,0.3126485698949467,0.7242398972471437
30.0,2.0,7.0625,42.80859375,3.5625,15.966666666666667,9.0,0.35714285714285715,42000006,2,cpu_intensive/io_intensive/mixed,SJF,0.41642011834319526,0.07601351351351351,0.4059801295378218,0.32988165680473375,0.3003458339996802,0.8243243243243243
31.0,1.0,6.5625,40.68359375,3.5625,23.548387096774192,0.0,1.0,42000006,3,cpu_intensive/io_intensive/mixed,SJF,0.2601339124140427,0.09081196581196581,0.387761351930733,0.31758957654723124,0.2972312703583062,0.795940170940171
31.0,1.0,6.09375,39.5224609375,3.5625,28.741935483870968,0.0,1.0,42000006,4,cpu_intensive/io_intensive/mixed,FCFS,0.1708955223880597,0.19230769230769232,0.42962112514351325,0.3328358208955224,0.3783582089552239,0.7596153846153846
30.0,2.0,5.78125,37.2958984375,3.5625,30.433333333333334,0.0,1.0,42000006,5,cpu_intensive/io_intensive/mixed,SJF,0.1693121693121693,0.0,0.1931216931216931,0.2962962962962963,0.10141093474426807,0.75
29.0,3.0,5.5625,33.24609375,3.5625,29.517241379310345,0.0,1.0,42000006,6,cpu_intensive/io_intensive/mixed,SJF,0.20134730538922155,0.0,0.16167664670658682,0.29565868263473055,0.14520958083832336,0.75
30.0,2.0,5.46875,28.4990234375,3.5625,23.666666666666668,0.0,1.0,42000006,7,cpu_intensive/io_intensive/mixed,SJF,0.5,0.0,0.17043740573152338,0.31825037707390647,0.20361990950226244,0.7326546003016591
30.0,0.0,5.666666666666667,24.68888888888889,3.7,23.166666666666668,0.0,1.0,42000006,8,cpu_intensive/io_intensive/mixed,SJF,0.16262975778546712,0.0,0.15397923875432526,0.31833910034602075,0.15570934256055363,0.75
28.0,2.0,5.2,23.76,3.7,27.178571428571427,0.0,0.0,42000006,9,cpu_intensive/io_intensive/mixed,SJF,0.48878504672897194,0.0,0.1897196261682243,0.2869158878504673,0.3542056074766355,0.75
25.0,2.0,5.222222222222222,22.765432098765434,3.5925925925925926,29.04,0.0,1.0,42000006,10,cpu_intensive/io_intensive/mixed,SJF,0.2935871743486974,0.0,0.1933867735470942,0.3026052104208417,0.1062124248496994,0.75
26.0,1.0,4.925925925925926,20.290809327846365,3.5925925925925926,25.5,0.0,1.0,42000006,11,cpu_intensive/io_intensive/mixed,SJF,0.07453416149068323,0.0,0.10144927536231885,0.2650103519668737,0.36853002070393376,0.75
24.0,2.0,5,15.615384615384615,3.5384615384615383,21.458333333333332,0.0,1.0,42000006,12,cpu_intensive/io_intensive/mixed,SJF,0.32538167938931295,0.0,0.13931297709923665,0.32729007633587787,0.23950381679389313,0.75
22.0,2.0,5.083333333333333,13.993055555555555,3.5833333333333335,21.772727272727273,0.0,1.0,42000006,13,cpu_intensive/io_intensive/mixed,SJF,0.304029304029304,0.0,0.1813186813186813,0.3498168498168498,0.4157509157509158,0.75
21.0,1.0,4.636363636363637,12.322314049586776,3.4545454545454546,22.047619047619047,0.0,1.0,42000006,14,cpu_intensive/io_intensive/mixed,SJF,0.19455645161290322,0.0,0.29838709677419356,0.34475806451612906,0.30443548387096775,0.75
19.0,3.0,4.045454545454546,11.043388429752065,3.4545454545454546,21.36842105263158,0.0,1.0,42000006,15,cpu_intensive/io_intensive/mixed,SJF,0.24109263657957247,0.0,0.22327790973871733,0.31353919239904987,0.31116389548693585,0.75
21.0,1.0,3.4545454545454546,9.15702479338843,3.4545454545454546,19.238095238095237,0.0,1.0,42000006,16,cpu_intensive/io_intensive/mixed,SJF,0.1623246492985972,0.0,0.11322645290581163,0.19939879759519039,0.5,0.6207414829659318
20.0,1.0,4.095238095238095,18.657596371882086,3.380952380952381,17.05,0.0,1.0,42000006,17,cpu_intensive/io_intensive/mixed,SJF,0.11752988047808766,0.0,0.02689243027888446,0.1852589641434263,0.5,0.601593625498008
19.0,1.0,3.75,19.4875,3.35,15.736842105263158,0.0,1.0,42000006,18,cpu_intensive/io_intensive/mixed,SJF,0.39285714285714285,0.0,0.016581632653061226,0.14158163265306123,0.5,0.5778061224489796
15.0,1.0,3.75,17.4375,3.3125,17.466666666666665,0.0,1.0,42000006,19,cpu_intensive/io_intensive/mixed,SJF,0.28350515463917525,0.0,0.010309278350515464,0.1563573883161512,0.5,0.5747422680412371
12.0,0.0,5.75,50.354166666666664,3.25,13,0.0,1.0,42000006,20,cpu_intensive/io_intensive/mixed,SRTF,0.3883248730964467,0.01015228426395939,0.0,0.15736040609137056,0.5,0.6154822335025381
6.0,0.0,8.5,59.583333333333336,3.6666666666666665,9.333333333333334,0.0,1.0,42000006,21,cpu_intensive/io_intensive/mixed,SJF,0.21759259259259256,0.0,0.0,0.20833333333333334,0.5,0.662037037037037
3.0,0.0,10,54,3.6666666666666665,4,0.0,0.0,42000006,22,cpu_intensive/io_intensive/mixed,SJF,0.14516129032258066,0.0,0.0,0.16129032258064516,0.43548387096774194,0.75
2.0,0.0,5.5,12.25,3.5,1,0.0,0.0,42000006,23,cpu_intensive/io_intensive/mixed,FCFS,0.0,0.0,0.0,0.0,0.4375,0.75
12.0,1.0,3.6153846153846154,28.85207100591716,2.4615384615384617,6.916666666666667,13.0,0.1875,42000007,0,io_intensive/cpu_intensive/interactive,SJF,0.3548568507157464,0.22777777777777777,0.3572085889570552,0.3231083844580777,0.2632924335378323,0.9861111111111112
18.0,4.0,8.772727272727273,85.6301652892562,2.590909090909091,11,9.0,0.35714285714285715,42000007,1,io_intensive/cpu_intensive/interactive,SJF,0.6651943462897527,0.033880903490759756,0.1972909305064782,0.3963613430947872,0.213604965861516,0.8162217659137576
29.0,3.0,6.40625,56.1162109375,2.78125,15.551724137931034,10.0,0.3333333333333333,42000007,2,io_intensive/cpu_intensive/interactive,SJF,0.75,0.06974637681159421,0.2144790257104195,0.3662999352826969,0.2631984075621188,0.8712579180639721
31.0,0.0,6.354838709677419,55.71279916753382,2.806451612903226,20.741935483870968,0.0,1.0,42000007,3,io_intensive/cpu_intensive/interactive,SJF,0.4984709480122324,0.032534246575342464,0.21173704494993922,0.3165137614678899,0.27035419546730344,0.8356164383561644
30.0,1.0,6,51.16129032258065,2.806451612903226,25.5,0.0,1.0,42000007,4,io_intensive/cpu_intensive/interactive,SJF,0.75,0.10227272727272728,0.23794431004001115,0.21289662231320367,0.33638457243882014,0.6043023634502651
28.0,3.0,5.709677419354839,45.49635796045786,2.806451612903226,26.285714285714285,0.0,1.0,42000007,5,io_intensive/cpu_intensive/interactive,SJF,0.39612403100775195,0.0,0.23023255813953492,0.30930232558139537,0.20310077519379846,0.75
27.0,3.0,5.9,43.623333333333335,2.8,26.037037037037038,0.0,1.0,42000007,6,io_intensive/cpu_intensive/interactive,SJF,0.5,0.0,0.13953488372093023,0.22238372093023256,0.05232558139534885,0.6242732558139534
26.0,3.0,6.103448275862069,36.71343638525565,2.7241379310344827,24.923076923076923,0.0,1.0,42000007,7,io_intensive/cpu_intensive/interactive,SJF,0.5,0.0,0.08066502463054187,0.24137931034482762,0.060344827586206906,0.6163793103448275
26.0,2.0,5.857142857142857,35.62244897959184,2.7857142857142856,25.692307692307693,0.0,1.0,42000007,8,io_intensive/cpu_intensive/interactive,SJF,0.3602058319039451,0.0,0.09005145797598628,0.3319039451114923,0.08833619210977701,0.75
28.0,0.0,5.25,35.11607142857143,2.7857142857142856,25.5,0.0,1.0,42000007,9,io_intensive/cpu_intensive/interactive,SJF,0.5,0.0,0.02743362831858407,0.21415929203539824,0.18053097345132743,0.6331858407079646
26.0,0.0,5.038461538461538,32.421597633136095,2.769230769230769,26.5,0.0,1.0,42000007,10,io_intensive/cpu_intensive/interactive,Priority,0.4967105263157895,0.060307017543859656,0.08991228070175439,0.2883771929824561,0.0,0.75
22.0,0.0,5.5,29.886363636363637,3.0454545454545454,21.181818181818183,0.0,1.0,42000007,11,io_intensive/cpu_intensive/interactive,SJF,0.4987244897959184,0.0,0.0625,0.2844387755102041,0.45153061224489793,0.75
19.0,1.0,5.4,26.54,3.25,17.63157894736842,0.0,1.0,42000007,12,io_intensive/cpu_intensive/interactive,SJF,0.4819672131147541,0.0,0.04918032786885246,0.2836065573770492,0.32786885245901637,0.75
18.0,0.0,5.222222222222222,25.728395061728396,3.2777777777777777,16.61111111111111,0.0,1.0,42000007,13,io_intensive/cpu_intensive/interactive,SRTF,0.5,0.009940357852882704,0.0,0.1610337972166998,0.220675944333996,0.5462226640159046
12.0,1.0,7,21.846153846153847,3.5384615384615383,15.916666666666666,0.0,1.0,42000007,14,io_intensive/cpu_intensive/interactive,SJF,0.20562770562770563,0.0,0.023809523809523808,0.2748917748917749,0.37012987012987014,0.75
12.0,0.0,6.083333333333333,17.90972222222222,3.5,9.916666666666666,0.0,1.0,42000007,15,io_intensive/cpu_intensive/interactive,SJF,0.18722466960352424,0.0,0.10352422907488987,0.32819383259911894,0.3039647577092511,0.75
9.0,1.0,7,11.6,3.4,10.333333333333334,0.0,1.0,42000007,16,io_intensive/cpu_intensive/interactive,SJF,0.28688524590163933,0.0,0.2336065573770492,0.3401639344262295,0.5,0.7295081967213114
8.0,0.0,6.25,6.6875,3.25,10,0.0,1.0,42000007,17,io_intensive/cpu_intensive/interactive,SJF,0.20625,0.0,0.465625,0.33125,0.28125,0.75
5.0,2.0,8.285714285714286,15.63265306122449,3.4285714285714284,8.4,0.0,0.0,42000007,18,io_intensive/cpu_intensive/interactive,SJF,0.28735632183908044,0.0,0.34770114942528735,0.33045977011494254,0.3017241379310345,0.75
7.0,0.0,5.428571428571429,20.53061224489796,3.4285714285714284,6,0.0,1.0,42000007,19,io_intensive/cpu_intensive/interactive,SJF,0.096045197740113,0.0,0.15254237288135594,0.3107344632768362,0.2937853107344633,0.75
7.0,0.0,10.571428571428571,66.81632653061224,3.4285714285714284,5,0.0,1.0,42000007,20,io_intensive/cpu_intensive/interactive,SRTF,0.1792452830188679,0.06918238993710692,0.0,0.24528301886792453,0.5,0.6713836477987422
5.0,0.0,11,38.4,3.4,4,0.0,0.0,42000007,21,io_intensive/cpu_intensive/interactive,FCFS,0.0,0.0,0.0,0.25333333333333335,0.42000000000000004,0.75
4.0,0.0,8.75,32.6875,3.25,3,0.0,0.0,42000007,22,io_intensive/cpu_intensive/interactive,FCFS,0.0,0.0,0.0,0.1956521739130435,0.43478260869565216,0.75
2.0,0.0,7.5,20.25,2.5,1,0.0,0.0,42000007,23,io_intensive/cpu_intensive/interactive,FCFS,0.0,0.0,0.0,0.3333333333333333,0.0,0.75
17.0,1.0,6.666666666666667,48.111111111111114,2.9444444444444446,5.9411764705882355,18.0,0.14285714285714285,42000008,0,interactive/batch/cpu_intensive,SJF,0.2899676290920482,0.1787709497206704,0.25434222663116385,0.24454828660436206,0.4057632398753898,0.8798882681564246
21.0,2.0,7.913043478260869,50.688090737240074,2.8260869565217392,12.857142857142858,5.0,0.5,42000008,1,interactive/batch/cpu_intensive,SJF,0.4131644004944373,0.20403899721448462,0.30731481832173535,0.3627935723114961,0.4248737221577583,0.8091922005571031
29.0,1.0,9.933333333333334,62.12888888888889,2.7333333333333334,18.17241379310345,7.0,0.3,42000008,2,interactive/batch/cpu_intensive,SJF,0.3018245809021022,0.1454802259887006,0.19027044549411856,0.3147540983606563,0.6229508196721312,0.8403954802259888
30.0,0.0,9.633333333333333,61.23222222222222,2.7333333333333334,22,0.0,1.0,42000008,3,interactive/batch/cpu_intensive,SJF,0.5688412474148699,0.20034246575342457,0.21360597497798867,0.326606875934231,0.6199551569506728,0.8116438356164384
29.0,0.0,9.310344827586206,52.76575505350773,2.7241379310344827,25.06896551724138,0.0,1.0,42000008,4,interactive/batch/cpu_intensive,SJF,0.29110738255033536,0.25,0.3437999360818156,0.32969798657718163,0.37835570469798624,0.7619047619047625
27.0,2.0,9.10344827586207,48.230677764565996,2.7241379310344827,24.814814814814813,0.0,1.0,42000008,5,interactive/batch/cpu_intensive,SJF,0.3725782414307,0.0,0.059612518628911294,0.3561847988077501,0.3725782414307,0.75
29.0,0.0,8.586206896551724,45.690844233055884,2.7241379310344827,23.896551724137932,0.0,1.0,42000008,6,interactive/batch/cpu_intensive,SRTF,0.5,0.012452830188679119,0.0,0.13849056603773607,0.16113207547169833,0.46358490566037747
28.0,0.0,8.214285714285714,38.88265306122449,2.7857142857142856,25.464285714285715,0.0,0.0,42000008,7,interactive/batch/cpu_intensive,SJF,0.1458333333333332,0.0,0.07395833333333286,0.29895833333333427,0.36458333333333326,0.75
25.0,1.0,8.307692307692308,40.366863905325445,2.730769230769231,27.88,0.0,1.0,42000008,8,interactive/batch/cpu_intensive,SJF,0.410746812386157,0.0,0.0364298724954467,0.34335154826958214,0.410746812386157,0.75
24.0,0.0,8.125,33.442708333333336,2.8333333333333335,25.833333333333332,0.0,1.0,42000008,9,interactive/batch/cpu_intensive,SJF,0.31917211328976147,0.0,0.05337690631808324,0.31699346405228884,0.32788671023965205,0.75
22.0,0.0,8,32.45454545454545,2.772727272727273,24.772727272727273,0.0,0.0,42000008,10,interactive/batch/cpu_intensive,SJF,0.3004750593824236,0.0,0.07600950118764835,0.2980997624703097,0.46318289786223377,0.75
19.0,0.0,8.631578947368421,26.548476454293628,2.5789473684210527,22.526315789473685,0.0,1.0,42000008,11,interactive/batch/cpu_intensive,SJF,0.5,0.0,0.04887218045112782,0.19047619047619097,0.14598997493734372,0.5238095238095237
17.0,1.0,8.11111111111111,19.987654320987655,2.611111111111111,19.647058823529413,0.0,0.0,42000008,12,interactive/batch/cpu_intensive,SRTF,0.2499999999999989,0.01804123711340103,0.0,0.3376288659793819,0.40850515463917497,0.75
18.0,0.0,7,18.77777777777778,2.611111111111111,17.11111111111111,0.0,1.0,42000008,13,interactive/batch/cpu_intensive,SJF,0.2915567282321891,0.0,0.018469656992083396,0.3337730870712405,0.3113456464379939,0.75
17.0,1.0,6.944444444444445,20.941358024691358,2.611111111111111,16.823529411764707,0.0,1.0,42000008,14,interactive/batch/cpu_intensive,SJF,0.38968481375358177,0.0,0.15329512893982802,0.32234957020057325,0.25214899713466954,0.75
18.0,0.0,6.055555555555555,18.941358024691358,2.611111111111111,16.055555555555557,0.0,1.0,42000008,15,interactive/batch/cpu_intensive,SJF,0.12869822485207016,0.0,0.1834319526627218,0.31508875739645115,0.312130177514793,0.75
17.0,0.0,5.294117647058823,18.325259515570934,2.7058823529411766,16.764705882352942,0.0,1.0,42000008,16,interactive/batch/cpu_intensive,SJF,0.414956011730206,0.0,0.19354838709677497,0.3328445747800604,0.2712609970674489,0.75
16.0,0.0,5.9375,37.68359375,2.75,15.25,0.0,1.0,42000008,17,interactive/batch/cpu_intensive,SJF,0.16202090592334442,0.0,0.09407665505226392,0.2909407665505233,0.36411149825783895,0.75
13.0,0.0,8.76923076923077,57.71597633136095,2.6153846153846154,14,0.0,1.0,42000008,18,interactive/batch/cpu_intensive,SJF,0.20149253731343403,0.0,0.1268656716417914,0.3264925373134348,0.26492537313432907,0.75
12.0,0.0,8.833333333333334,51.30555555555556,2.75,11.083333333333334,0.0,1.0,42000008,19,interactive/batch/cpu_intensive,SJF,0.5,0.0,0.14161849710982807,0.2716763005780359,0.2182080924855498,0.6387283236994223
10.0,0.0,9.9,41.89,2.6,10,0.0,1.0,42000008,20,interactive/batch/cpu_intensive,SJF,0.41760299625468034,0.0,0.17415730337078714,0.383895131086143,0.2696629213483142,0.75
8.0,1.0,10.555555555555555,27.358024691358025,2.7777777777777777,8.375,0.0,0.0,42000008,21,interactive/batch/cpu_intensive,SJF,0.35365853658536545,0.0,0.26829268292682723,0.36585365853658636,0.10243902439024252,0.75
9.0,0.0,10.777777777777779,30.617283950617285,2.7777777777777777,8,0.0,1.0,42000008,22,interactive/batch/cpu_intensive,SJF,0.12441314553990523,0.0,0.19483568075117297,0.3333333333333349,0.16431924882629,0.75
9.0,0.0,8.555555555555555,31.80246913580247,2.7777777777777777,8,0.0,0.0,42000008,23,interactive/batch/cpu_intensive,SJF,0.15151515151515177,0.0,0.16666666666666607,0.3207070707070724,0.22474747474747314,0.75
8.0,0.0,7.25,25.9375,2.5,7,0.0,0.0,42000008,24,interactive/batch/cpu_intensive,SJF,0.02252252252251747,0.0,0.02702702702702557,0.3198198198198218,0.17567567567567313,0.75
7.0,0.0,8.285714285714286,46.204081632653065,2.5714285714285716,5.571428571428571,0.0,1.0,42000008,25,interactive/batch/cpu_intensive,SRTF,0.5,0.0163934426229527,0.0,0.2786885245901693,0.18852459016393786,0.696721311475412
5.0,0.0,7.6,31.44,2.4,4,0.0,0.0,42000008,26,interactive/batch/cpu_intensive,SRTF,0.5,0.041666666666674956,0.0,0.3333333333333428,0.1041666666666714,0.7083333333333357
2.0,0.0,9,16,4.5,2,0.0,0.0,42000008,27,interactive/batch/cpu_intensive,SJF,0.23529411764708774,0.0,0.0,0.17647058823532835,0.23529411764708774,0.75
13.0,2.0,4.666666666666667,29.155555555555555,2.6666666666666665,6.076923076923077,15.0,0.21052631578947367,42000009,0,io_intensive/batch/interactive,SJF,0.279623368156111,0.10272277227722773,0.25059322547875007,0.34226646248085757,0.31431852986217523,0.8762376237623762
23.0,1.0,7.5,46.166666666666664,2.7083333333333335,10.782608695652174,9.0,0.4,42000009,1,io_intensive/batch/interactive,SJF,0.5207579147176464,0.020202020202020252,0.19165141346349412,0.2191275167785235,0.75,0.5969629177682871
32.0,2.0,5.676470588235294,30.336505190311417,2.676470588235294,16.71875,10.0,0.16666666666666666,42000009,2,io_intensive/batch/interactive,SJF,0.4124001967684566,0.021739130434782684,0.29699738903394274,0.3596321943466908,0.4347258485639687,0.8985507246376812
32.0,2.0,5.676470588235294,27.630622837370243,2.676470588235294,23.75,0.0,1.0,42000009,3,io_intensive/batch/interactive,SJF,0.5722575080373249,0.06818181818181825,0.25395807047183194,0.27522935779816504,0.75,0.7482998652723424
33.0,1.0,5.235294117647059,27.768166089965398,2.676470588235294,27.666666666666668,0.0,1.0,42000009,4,io_intensive/batch/interactive,SJF,0.75,0.06512605042016821,0.2450335962605905,0.20194274028629855,0.6362968500283552,0.6381785843171626
34.0,0.0,4.705882352941177,23.85467128027682,2.676470588235294,28.852941176470587,0.0,1.0,42000009,5,io_intensive/batch/interactive,SJF,0.19343575418994385,0.0,0.11801675977653651,0.31494413407821226,0.48254189944134096,0.75
30.0,1.0,4.870967741935484,23.0156087408949,2.6451612903225805,30.2,0.0,1.0,42000009,6,io_intensive/batch/interactive,SJF,0.20158597662771272,0.0,0.10726210350584318,0.2090984974958262,0.5,0.5626043405676125
29.0,2.0,4.741935483870968,21.159209157127993,2.6451612903225805,27,0.0,1.0,42000009,7,io_intensive/batch/interactive,SJF,0.4958217270194985,0.0,0.07706592386258165,0.19823584029712163,0.5,0.5601207056638813
30.0,1.0,4.548387096774194,15.860561914672216,2.6451612903225805,23.133333333333333,0.0,1.0,42000009,8,io_intensive/batch/interactive,SJF,0.2231012658227846,0.0,0.111550632911392,0.30221518987341756,0.4620253164556961,0.75
29.0,2.0,4.290322580645161,15.689906347554631,2.6451612903225805,24.724137931034484,0.0,1.0,42000009,9,io_intensive/batch/interactive,SJF,0.3272442588726512,0.0,0.10751565762004178,0.21033402922755706,0.5,0.5897703549060538
29.0,0.0,4.137931034482759,13.015457788347206,2.586206896551724,24.06896551724138,0.0,1.0,42000009,10,io_intensive/batch/interactive,SJF,0.34386973180076597,0.0,0.25191570881226066,0.2835249042145592,0.25574712643678194,0.75
28.0,1.0,3.896551724137931,10.023781212841856,2.586206896551724,23.785714285714285,0.0,1.0,42000009,11,io_intensive/batch/interactive,SJF,0.1391369047619047,0.0,0.17485119047619097,0.20461309523809512,0.5,0.6250000000000001
26.0,2.0,4.75,16.116071428571427,2.607142857142857,24.73076923076923,0.0,1.0,42000009,12,io_intensive/batch/interactive,SRTF,0.42158385093167683,0.005434782608695812,0.0,0.18555900621118007,0.5,0.5846273291925469
27.0,0.0,4.407407407407407,14.463648834019205,2.6296296296296298,23.11111111111111,0.0,1.0,42000009,13,io_intensive/batch/interactive,SJF,0.05869074492099348,0.0,0.0,0.25959367945823864,0.4142212189616248,0.75
24.0,1.0,4.2,12.8,2.68,23.708333333333332,0.0,1.0,42000009,14,io_intensive/batch/interactive,SRTF,0.31272727272727274,0.004545454545454977,0.0,0.2027272727272727,0.5,0.6118181818181821
23.0,1.0,3.875,11.276041666666666,2.75,22.565217391304348,0.0,1.0,42000009,15,io_intensive/batch/interactive,SJF,0.20447761194029895,0.0,0.10298507462686607,0.2253731343283581,0.4641791044776128,0.75
20.0,0.0,3.7,9.61,2.55,22.9,0.0,1.0,42000009,16,io_intensive/batch/interactive,SJF,0.19131832797427623,0.0,0.024115755627009426,0.18810289389067478,0.5,0.6776527331189699
16.0,0.0,4.75,20.9375,2.5,20.6875,0.0,1.0,42000009,17,io_intensive/batch/interactive,SJF,0.14760147601475992,0.0,0.17896678966789642,0.2785977859778594,0.40036900369003625,0.75
13.0,1.0,4.571428571428571,21.244897959183675,2.5,13.461538461538462,0.0,1.0,42000009,18,io_intensive/batch/interactive,SJF,0.28400000000000125,0.0,0.13600000000000026,0.27,0.43199999999999983,0.75
12.0,0.0,4.5,21.083333333333332,2.5833333333333335,12.333333333333334,0.0,1.0,42000009,19,io_intensive/batch/interactive,SJF,0.19293478260869662,0.0,0.16032608695652084,0.2554347826086944,0.3668478260869569,0.75
7.0,1.0,9.375,45.484375,2.5,9,0.0,1.0,42000009,20,io_intensive/batch/interactive,SJF,0.15662650602409736,0.0,0.018072289156627556,0.3012048192771085,0.20783132530120585,0.75
7.0,0.0,10.571428571428571,35.38775510204081,2.142857142857143,6.142857142857143,0.0,1.0,42000009,21,io_intensive/batch/interactive,SJF,0.21538461538461331,0.0,0.0,0.30769230769230665,0.21538461538461331,0.75
6.0,0.0,9,23.333333333333332,2.3333333333333335,5.333333333333333,0.0,0.0,42000009,22,io_intensive/batch/interactive,SJF,0.10576923076923109,0.0,0.0,0.2692307692307694,0.25480769230769257,0.75
4.0,0.0,8.5,10.25,2.25,3.5,0.0,0.0,42000009,23,io_intensive/batch/interactive,SRTF,0.11038961038960993,0.0064935064935055815,0.0,0.22727272727272546,0.18831168831169195,0.75
3.0,0.0,4.666666666666667,6.888888888888889,1.3333333333333333,2,0.0,0.0,42000009,24,io_intensive/batch/interactive,SJF,0.19999999999999357,0.0,0.0,0.16666666666665808,0.19999999999999357,0.75
14.0,2.0,5.0625,37.43359375,3.125,3.857142857142857,16.0,0.23809523809523808,42000010,0,io_intensive/batch/mixed,SJF,0.6489431968295907,0.2419786096256683,0.2732959402086763,0.27278731836195513,0.2871329269068019,0.8328877005347592
22.0,1.0,7.043478260869565,32.476370510396976,2.8260869565217392,10.954545454545455,7.0,0.5625,42000010,1,io_intensive/batch/mixed,SJF,0.6488970588235294,0.10347043701799487,0.16360294117647028,0.37985943091889696,0.28076799485861187,0.8528277634961439
31.0,3.0,7.9411764705882355,43.34948096885813,2.8529411764705883,17.64516129032258,11.0,0.15384615384615385,42000010,2,io_intensive/batch/mixed,SJF,0.6481841763942935,0.10581395348837205,0.11932555123216534,0.38505565107230105,0.39010195155792804,0.8883720930232557
33.0,1.0,7.5588235294117645,42.54065743944636,2.8529411764705883,24.575757575757574,0.0,1.0,42000010,3,io_intensive/batch/mixed,SJF,0.7456647398843932,0.13150289017341044,0.20332943803342995,0.22864019253910928,0.7469915764139591,0.739962646856284
32.0,2.0,7.382352941176471,37.88321799307958,2.8529411764705883,28,0.0,1.0,42000010,4,io_intensive/batch/mixed,SJF,0.3668181818181816,0.22727272727272732,0.37348484848484853,0.35575757575757566,0.393030303030303,0.7727272727272727
31.0,3.0,7.0588235294117645,32.055363321799305,2.8529411764705883,29.612903225806452,0.0,1.0,42000010,5,io_intensive/batch/mixed,SJF,0.39078282828282873,0.0,0.17424242424242453,0.340909090909091,0.5,0.7405303030303031
33.0,1.0,6.617647058823529,31.94204152249135,2.8529411764705883,28.636363636363637,0.0,1.0,42000010,6,io_intensive/batch/mixed,SJF,0.5,0.0,0.09575688073394537,0.25516055045871566,0.5,0.6399082568807337
32.0,1.0,6.454545454545454,29.399449035812673,2.8484848484848486,29.59375,0.0,1.0,42000010,7,io_intensive/batch/mixed,SJF,0.2588495575221246,0.0,0.16224188790560543,0.32964601769911545,0.40560471976401213,0.75
32.0,1.0,5.9393939393939394,25.875114784205692,2.8484848484848486,30.78125,0.0,1.0,42000010,8,io_intensive/batch/mixed,SJF,0.37009063444108753,0.0,0.1548338368580062,0.30287009063444087,0.49622356495468245,0.75
30.0,2.0,5.90625,24.9599609375,2.8125,30.866666666666667,0.0,1.0,42000010,9,io_intensive/batch/mixed,SJF,0.48432835820895564,0.0,0.08432835820895576,0.3082089552238807,0.48432835820895564,0.75
30.0,0.0,5.966666666666667,21.29888888888889,2.933333333333333,29.233333333333334,0.0,1.0,42000010,10,io_intensive/batch/mixed,SJF,0.22250000000000011,0.0,0.07083333333333318,0.30333333333333323,0.3391666666666667,0.75
29.0,1.0,5.466666666666667,18.04888888888889,2.933333333333333,27.03448275862069,0.0,1.0,42000010,11,io_intensive/batch/mixed,SJF,0.32467532467532445,0.0,0.09925788497217086,0.3135435992578851,0.4545454545454546,0.75
26.0,2.0,5.392857142857143,18.095663265306122,2.9285714285714284,29.153846153846153,0.0,1.0,42000010,12,io_intensive/batch/mixed,SJF,0.5,0.0,0.017335766423357785,0.26733576642335743,0.4516423357664239,0.6943430656934307
27.0,0.0,4.925925925925926,16.068587105624143,2.925925925925926,27.185185185185187,0.0,1.0,42000010,13,io_intensive/batch/mixed,SJF,0.4591611479028706,0.0,0.08057395143487917,0.2991169977924949,0.4282560706401778,0.75
23.0,2.0,4.84,13.5744,3.04,26.434782608695652,0.0,1.0,42000010,14,io_intensive/batch/mixed,SJF,0.10275689223057732,0.0,0.05263157894736893,0.29699248120300736,0.4473684210526311,0.75
21.0,2.0,4.608695652173913,11.977315689981097,3.0434782608695654,24.714285714285715,0.0,1.0,42000010,15,io_intensive/batch/mixed,SJF,0.31944444444444453,0.0,0.062499999999999944,0.3298611111111107,0.4236111111111113,0.75
22.0,0.0,4.5,11.613636363636363,3.1363636363636362,18.136363636363637,0.0,1.0,42000010,16,io_intensive/batch/mixed,SJF,0.21727748691099485,0.0,0.014397905759161885,0.2814136125654451,0.4698952879581162,0.75
18.0,0.0,4.388888888888889,12.015432098765432,3.0555555555555554,20.166666666666668,0.0,0.0,42000010,17,io_intensive/batch/mixed,SJF,0.24928366762177634,0.0,0.05587392550143434,0.3022922636103154,0.3366762177650434,0.75
15.0,1.0,3.8125,9.77734375,3,18.133333333333333,0.0,0.0,42000010,18,io_intensive/batch/mixed,SJF,0.31578947368420973,0.0,0.17017543859649054,0.28771929824561365,0.4280701754385954,0.75
12.0,2.0,5.5,13.535714285714286,3.2142857142857144,14.083333333333334,0.0,1.0,42000010,19,io_intensive/batch/mixed,SJF,0.20305676855895105,0.0,0.1877729257641924,0.28384279475982543,0.3777292576419225,0.75
10.0,0.0,5.8,10.96,3.2,10.3,0.0,1.0,42000010,20,io_intensive/batch/mixed,SJF,0.1578947368421055,0.0,0.14354066985645872,0.3349282296650715,0.22966507177033485,0.75
10.0,0.0,5.4,23.04,3.2,8.6,0.0,1.0,42000010,21,io_intensive/batch/mixed,SJF,0.4171779141104299,0.0,0.0674846625766851,0.31901840490797384,0.3343558282208575,0.75
7.0,0.0,7,31.142857142857142,3.4285714285714284,7.714285714285714,0.0,1.0,42000010,22,io_intensive/batch/mixed,SRTF,0.32666666666666583,0.01333333333333409,0.0,0.25333333333333224,0.45333333333333325,0.75
4.0,0.0,7.5,22.75,3.25,6.5,0.0,0.0,42000010,23,io_intensive/batch/mixed,SRTF,0.21568627450981617,0.019607843137256015,0.0,0.23529411764706462,0.37254901960784537,0.75
2.0,0.0,5,0,1.5,1,0.0,0.0,42000010,24,io_intensive/batch/mixed,FCFS,0.0,0.0,0.0,0.5,0.0,0.3749999999999034
11.0,0.0,11.727272727272727,22.380165289256198,3.090909090909091,8,11.0,0.0,42000011,0,batch/interactive/mixed,SRTF,0.75,0.05482456140350878,0.037201062887510634,0.36139292262986966,0.5489900431992295,0.7620468354233683
23.0,0.0,6,26.695652173913043,2.739130434782609,11.08695652173913,12.0,0.0,42000011,1,batch/interactive/mixed,SJF,0.43387096774193545,0.09517426273458453,0.14387096774193492,0.3677237741070659,0.21439245870448848,0.8579088471849866
33.0,1.0,7.294117647058823,48.97231833910035,2.8823529411764706,17.636363636363637,11.0,0.08333333333333333,42000011,2,batch/interactive/mixed,SJF,0.6513998369122039,0.23717948717948723,0.25144211893328494,0.3421672555948176,0.3507067137809189,0.8707264957264956
33.0,1.0,7.0588235294117645,47.46712802768166,2.8823529411764706,23.96969696969697,0.0,1.0,42000011,3,batch/interactive/mixed,SJF,0.7333948339483398,0.1902573529411764,0.37396896027783855,0.33825338253382553,0.25181223319586105,0.8161764705882353
34.0,0.0,6.764705882352941,40.121107266435985,2.8823529411764706,27.08823529411765,0.0,1.0,42000011,4,batch/interactive/mixed,SJF,0.546448635634029,0.23809523809523778,0.48859684323167474,0.33637640449438233,0.30547752808988743,0.7827380952380953
33.0,1.0,6.352941176470588,38.93425605536332,2.8823529411764706,29.727272727272727,0.0,1.0,42000011,5,batch/interactive/mixed,Priority,0.3288000000000004,0.022399999999999736,0.2600000000000002,0.3152000000000004,0.0,0.75
33.0,1.0,6.411764705882353,37.71280276816609,2.8823529411764706,30.393939393939394,0.0,1.0,42000011,6,batch/interactive/mixed,SJF,0.5,0.0,0.16365979381443366,0.24677835051546448,0.012886597938145068,0.6469072164948456
31.0,2.0,6.242424242424242,35.880624426078974,2.8484848484848486,32.41935483870968,0.0,1.0,42000011,7,batch/interactive/mixed,SJF,0.42124277456647424,0.0,0.2001445086705201,0.3359826589595379,0.0021676300578028973,0.75
31.0,2.0,5.909090909090909,31.355371900826448,2.8484848484848486,32.096774193548384,0.0,1.0,42000011,8,batch/interactive/mixed,SJF,0.2555031446540879,0.0,0.1462264150943402,0.2995283018867926,0.001572327044025245,0.75
31.0,1.0,6,31.5625,2.8125,30.129032258064516,0.0,1.0,42000011,9,batch/interactive/mixed,SJF,0.4373865698729583,0.0,0.09437386569872978,0.30036297640653364,0.42468239564428323,0.75
30.0,0.0,5.866666666666666,27.182222222222222,2.9,29.266666666666666,0.0,1.0,42000011,10,batch/interactive/mixed,SJF,0.38918918918918893,0.0,0.1297297297297302,0.3072072072072076,0.3333333333333333,0.75
29.0,1.0,5.333333333333333,27.155555555555555,2.9,29.24137931034483,0.0,1.0,42000011,11,batch/interactive/mixed,SJF,0.28761061946902655,0.0,0.1743362831858401,0.31946902654867265,0.13805309734513266,0.75
27.0,0.0,5.592592592592593,27.42661179698217,2.925925925925926,29.62962962962963,0.0,1.0,42000011,12,batch/interactive/mixed,SJF,0.4363001745200703,0.0,0.11692844677137887,0.3350785340314142,0.29057591623036694,0.75
26.0,1.0,5.518518518518518,23.21262002743484,2.925925925925926,25.807692307692307,0.0,1.0,42000011,13,batch/interactive/mixed,SJF,0.3235294117647065,0.0,0.10294117647058876,0.30147058823529455,0.19209558823529455,0.75
26.0,0.0,5.6923076923076925,28.366863905325445,2.923076923076923,23.192307692307693,0.0,1.0,42000011,14,batch/interactive/mixed,SJF,0.25049900199600866,0.0,0.04590818363273517,0.31836327345309445,0.2514970059880245,0.75
26.0,0.0,5.115384615384615,26.255917159763314,2.923076923076923,22.73076923076923,0.0,1.0,42000011,15,batch/interactive/mixed,SJF,0.4111922141119228,0.0,0.029197080291970164,0.28102189781021925,0.3953771289537722,0.75
24.0,0.0,4.916666666666667,23.57638888888889,2.9166666666666665,23.333333333333332,0.0,1.0,42000011,16,batch/interactive/mixed,SJF,0.18341121495327073,0.0,0.028037383177569482,0.26752336448598146,0.32009345794392596,0.75
20.0,0.0,5.8,26.96,3.2,20.6,0.0,1.0,42000011,17,batch/interactive/mixed,SJF,0.2611111111111109,0.0,0.1124999999999997,0.2833333333333333,0.2972222222222214,0.75
18.0,0.0,5.555555555555555,25.02469135802469,3.2222222222222223,17.333333333333332,0.0,1.0,42000011,18,batch/interactive/mixed,SJF,0.2227564102564106,0.0,0.3173076923076914,0.30448717948717974,0.28846153846153905,0.75
15.0,1.0,6.0625,28.93359375,3.25,17.866666666666667,0.0,1.0,42000011,19,batch/interactive/mixed,SJF,0.3629518072289153,0.0,0.2033132530120476,0.33584337349397575,0.34939759036144613,0.75
13.0,0.0,7.384615384615385,36.3905325443787,3.1538461538461537,16.307692307692307,0.0,1.0,42000011,20,batch/interactive/mixed,SJF,0.20522388059701593,0.0,0.04477611940298622,0.3339552238805986,0.32276119402985315,0.75
10.0,0.0,12.4,57.24,2.9,10.2,0.0,1.0,42000011,21,batch/interactive/mixed,SJF,0.1398305084745761,0.0,0.016949152542373853,0.3516949152542394,0.3898305084745781,0.75
9.0,0.0,11.444444444444445,49.135802469135804,2.888888888888889,8.555555555555555,0.0,0.0,42000011,22,batch/interactive/mixed,SRTF,0.2837209302325575,0.07441860465116237,0.0,0.32093023255813913,0.4906976744186042,0.75
9.0,0.0,9.222222222222221,49.72839506172839,2.888888888888889,8,0.0,0.0,42000011,23,batch/interactive/mixed,SRTF,0.43781094527363323,0.03482587064676354,0.0,0.27363184079602065,0.5,0.6853233830845779
8.0,0.0,8,39,2.875,7,0.0,0.0,42000011,24,batch/interactive/mixed,SRTF,0.12413793103448353,0.037931034482757565,0.0,0.2620689655172411,0.2758620689655138,0.75
6.0,0.0,7.166666666666667,41.138888888888886,2.6666666666666665,6,0.0,0.0,42000011,25,batch/interactive/mixed,SRTF,0.3296703296703287,0.027472527472523857,0.0,0.23076923076923012,0.4450549450549459,0.75
3.0,0.0,8,34.666666666666664,2,3,0.0,0.0,42000011,26,batch/interactive/mixed,SJF,0.37499999999998995,0.0,0.0,0.16666666666666397,0.37499999999998995,0.75
1.0,0.0,4,0,2,0,0.0,0.0,42000011,27,batch/interactive/mixed,FCFS,0.0,0.0,0.0,0.0,0.0,0.0
14.0,1.0,2.8,1.4933333333333334,2.8,6,15.0,0.2857142857142857,42000012,0,interactive/io_intensive/cpu_intensive,SJF,0.4060144129924612,0.08519553072625698,0.1366171003717472,0.24867084795746713,0.425079437602542,1.0
24.0,2.0,3.769230769230769,33.946745562130175,2.923076923076923,12.166666666666666,11.0,0.15384615384615385,42000012,1,interactive/io_intensive/cpu_intensive,SJF,0.2611056933301054,0.13183279742765272,0.21477087901034192,0.21792152704135737,0.75,0.7129321485441892
30.0,2.0,6.125,63.296875,3.15625,18.366666666666667,6.0,0.5,42000012,2,interactive/io_intensive/cpu_intensive,SJF,0.743279569892473,0.1424731182795699,0.19759645793801392,0.17379679144385027,0.7141711229946525,0.6347061698579725
29.0,1.0,6.4,61.10666666666667,3.1666666666666665,24.379310344827587,0.0,1.0,42000012,3,interactive/io_intensive/cpu_intensive,SJF,0.4656169955335882,0.16379310344827586,0.25685407576167124,0.2278835386338186,0.75,0.6622324336152192
28.0,2.0,5.9,53.75666666666667,3.1666666666666665,27.392857142857142,0.0,1.0,42000012,4,interactive/io_intensive/cpu_intensive,SJF,0.2314004376367615,0.0,0.11870897155361049,0.21553610503282275,0.5,0.5973741794310722
24.0,6.0,5.9,53.75666666666667,3.1666666666666665,26.208333333333332,0.0,1.0,42000012,5,interactive/io_intensive/cpu_intensive,SJF,0.5,0.0,0.11268403171007926,0.22366930917327293,0.4830124575311438,0.6073046432616082
28.0,1.0,5.586206896551724,46.38049940546968,3.2413793103448274,22,0.0,1.0,42000012,6,interactive/io_intensive/cpu_intensive,SJF,0.2576974564926372,0.0,0.17202141900937082,0.2215528781793842,0.5,0.6301874163319946
25.0,4.0,5.689655172413793,42.351961950059454,3.2413793103448274,22.64,0.0,1.0,42000012,7,interactive/io_intensive/cpu_intensive,SJF,0.5,0.0,0.1267427122940431,0.21356147021546262,0.4695817490494297,0.6061470215462611
26.0,2.0,6,37.357142857142854,3.25,21.076923076923077,0.0,1.0,42000012,8,interactive/io_intensive/cpu_intensive,SJF,0.3393177737881508,0.0,0.1400359066427289,0.24147217235188506,0.5,0.6584380610412927
25.0,2.0,5.703703703703703,32.28257887517147,3.185185185185185,23.64,0.0,1.0,42000012,9,interactive/io_intensive/cpu_intensive,SJF,0.05347091932457786,0.0,0.1425891181988743,0.2129455909943715,0.5,0.6618198874296435
25.0,1.0,5.423076923076923,35.39792899408284,3.1538461538461537,23.16,0.0,1.0,42000012,10,interactive/io_intensive/cpu_intensive,SJF,0.5,0.0,0.11054172767203516,0.2225475841874085,0.424597364568082,0.6057833089311859
25.0,1.0,4.961538461538462,27.421597633136095,3.1538461538461537,23.76,0.0,1.0,42000012,11,interactive/io_intensive/cpu_intensive,SJF,0.1529126213592233,0.0,0.08737864077669903,0.15898058252427186,0.5,0.6225728155339806
21.0,2.0,5.391304347826087,28.15122873345936,3.1739130434782608,26.761904761904763,0.0,1.0,42000012,12,interactive/io_intensive/cpu_intensive,SJF,0.5,0.0,0.06367924528301887,0.1945754716981132,0.4410377358490566,0.6485849056603773
20.0,0.0,5.45,24.4475,3.2,19.95,0.0,1.0,42000012,13,interactive/io_intensive/cpu_intensive,SJF,0.4235474006116208,0.0,0.10244648318042814,0.29510703363914376,0.4923547400611621,0.75
17.0,0.0,5.470588235294118,26.013840830449826,3.3529411764705883,19.294117647058822,0.0,1.0,42000012,14,interactive/io_intensive/cpu_intensive,SJF,0.5,0.0,0.07083333333333333,0.2569444444444444,0.38472222222222224,0.6916666666666667
15.0,0.0,5.2,20.826666666666668,3.533333333333333,15.733333333333333,0.0,1.0,42000012,15,interactive/io_intensive/cpu_intensive,SJF,0.13721804511278196,0.0,0.05075187969924812,0.28383458646616544,0.5,0.7255639097744361
12.0,1.0,6.538461538461538,39.32544378698225,3.6153846153846154,13.833333333333334,0.0,1.0,42000012,16,interactive/io_intensive/cpu_intensive,SRTF,0.25100401606425704,0.04819277108433735,0.0,0.3172690763052209,0.44779116465863456,0.75
11.0,1.0,6.833333333333333,35.638888888888886,3.5,10.818181818181818,0.0,1.0,42000012,17,interactive/io_intensive/cpu_intensive,SJF,0.359375,0.0,0.18973214285714285,0.3125,0.5,0.7477678571428571
8.0,0.0,7.625,28.984375,3.625,8.875,0.0,1.0,42000012,18,interactive/io_intensive/cpu_intensive,SJF,0.002702702702702703,0.0,0.34864864864864864,0.25135135135135134,0.1783783783783784,0.75
6.0,0.0,6.833333333333333,22.47222222222222,4,5.666666666666667,0.0,0.0,42000012,19,interactive/io_intensive/cpu_intensive,SJF,0.22254335260115607,0.0,0.2023121387283237,0.2976878612716763,0.31213872832369943,0.75
6.0,0.0,10.166666666666666,56.80555555555556,4,4.333333333333333,0.0,1.0,42000012,20,interactive/io_intensive/cpu_intensive,FCFS,0.0,0.015503875968992248,0.03488372093023256,0.2441860465116279,0.3023255813953488,0.75
5.0,0.0,12.2,60.96,3.8,5.8,0.0,1.0,42000012,21,interactive/io_intensive/cpu_intensive,SJF,0.319047619047619,0.0,0.0,0.3047619047619048,0.35714285714285715,0.75
4.0,0.0,10.5,32.75,3.5,3,0.0,0.0,42000012,22,interactive/io_intensive/cpu_intensive,SJF,0.37777777777777777,0.0,0.0,0.35555555555555557,0.37777777777777777,0.75
2.0,0.0,11,1,3,3,0.0,0.0,42000012,23,interactive/io_intensive/cpu_intensive,FCFS,0.0,0.0,0.0,0.5,0.125,0.5625
1.0,0.0,2,0,1,0,0.0,0.0,42000012,24,interactive/io_intensive/cpu_intensive,FCFS,0.0,0.0,0.0,0.0,0.0,0.0
10.0,0.0,17.6,17.64,3.8,5.5,10.0,0.0,42000013,0,cpu_intensive/batch/interactive,SJF,0.25,0.10345652120254731,0.3369745643481262,0.42053364269141547,0.4724555092066939,0.7865691489361701
19.0,0.0,14.157894736842104,22.975069252077564,3.6315789473684212,11.68421052631579,9.0,0.0,42000013,1,cpu_intensive/batch/interactive,SRTF,0.6552348336594909,0.10958904109589042,0.05519480519480589,0.43491371642056625,0.5922077922077924,0.8476027397260274
30.0,0.0,9.2,42.22666666666667,3.3333333333333335,16.733333333333334,11.0,0.0,42000013,2,cpu_intensive/batch/interactive,SJF,0.5736151603498536,0.07131901840490801,0.07580174927113642,0.4404970577187931,0.5871170115723757,0.9079754601226995
29.0,1.0,8.6,36.373333333333335,3.3333333333333335,25.103448275862068,0.0,0.0,42000013,3,cpu_intensive/batch/interactive,SJF,0.4163503818560513,0.046140939597315404,0.0849051145568159,0.31896551724137967,0.564655172413793,0.7911073825503356
29.0,1.0,8.233333333333333,39.57888888888889,3.3333333333333335,28.137931034482758,0.0,1.0,42000013,4,cpu_intensive/batch/interactive,SJF,0.23541383989145215,0.031249999999999896,0.07055630936227958,0.3575305291723204,0.6353459972862954,0.7578125000000004
30.0,0.0,7.666666666666667,34.68888888888889,3.3333333333333335,27.1,0.0,1.0,42000013,5,cpu_intensive/batch/interactive,SJF,0.33101529902642535,0.0,0.16063977746870609,0.3539638386648124,0.37621696801112664,0.75
29.0,1.0,7.233333333333333,29.112222222222222,3.3333333333333335,27.03448275862069,0.0,1.0,42000013,6,cpu_intensive/batch/interactive,SJF,0.31852409638554247,0.0,0.1581325301204818,0.32228915662650676,0.3780120481927712,0.75
29.0,0.0,7.241379310344827,27.976218787158146,3.2758620689655173,25.413793103448278,0.0,1.0,42000013,7,cpu_intensive/batch/interactive,SJF,0.5,0.0,0.08566629339305658,0.25083986562150073,0.27827547592385227,0.6145016797312429
29.0,0.0,6.551724137931035,25.074910820451844,3.2758620689655173,26.448275862068964,0.0,0.0,42000013,8,cpu_intensive/batch/interactive,SJF,0.5,0.0,0.10098253275109119,0.1954148471615723,0.20141921397379897,0.5562227074235809
25.0,4.0,6.206896551724138,21.819262782401903,3.2758620689655173,29.44,0.0,1.0,42000013,9,cpu_intensive/batch/interactive,SJF,0.26252158894645905,0.0,0.06822107081174415,0.32815198618307456,0.3911917098445591,0.75
28.0,0.0,5.928571428571429,20.066326530612244,3.25,25.285714285714285,0.0,1.0,42000013,10,cpu_intensive/batch/interactive,SJF,0.2536873156342185,0.0,0.15634218289085614,0.3554572271386437,0.3554572271386437,0.75
28.0,0.0,5.214285714285714,16.882653061224488,3.25,25.642857142857142,0.0,0.0,42000013,11,cpu_intensive/batch/interactive,SJF,0.2281021897810216,0.0,0.13594890510948843,0.29562043795620496,0.3458029197080293,0.75
26.0,1.0,5.925925925925926,21.179698216735254,3.2962962962962963,24.346153846153847,0.0,1.0,42000013,12,cpu_intensive/batch/interactive,SJF,0.5,0.0,0.011686143572620386,0.29883138564273837,0.343906510851419,0.706594323873122
24.0,1.0,5.96,20.9184,3.24,26.166666666666668,0.0,1.0,42000013,13,cpu_intensive/batch/interactive,SJF,0.5,0.0,0.05661664392905881,0.22442019099590782,0.1705320600272852,0.5924283765347887
23.0,2.0,5.32,16.4576,3.24,24.782608695652176,0.0,1.0,42000013,14,cpu_intensive/batch/interactive,SJF,0.15575916230366532,0.0,0.06282722513089009,0.27748691099476575,0.26570680628272336,0.75
22.0,0.0,5.136363636363637,19.026859504132233,3.272727272727273,24.454545454545453,0.0,1.0,42000013,15,cpu_intensive/batch/interactive,SJF,0.16552511415525023,0.0,0.1826484018264831,0.3287671232876715,0.23287671232876714,0.75
21.0,0.0,5.238095238095238,24.276643990929706,3.2857142857142856,21.714285714285715,0.0,1.0,42000013,16,cpu_intensive/batch/interactive,SJF,0.3079365079365094,0.0,0.10158730158730123,0.28412698412698556,0.19999999999999946,0.75
17.0,0.0,6.411764705882353,24.71280276816609,3.588235294117647,18.764705882352942,0.0,1.0,42000013,17,cpu_intensive/batch/interactive,SJF,0.11635220125786282,0.0,0.2154088050314459,0.3223270440251583,0.08647798742138525,0.75
15.0,1.0,6.0625,22.93359375,3.5,16.8,0.0,0.0,42000013,18,cpu_intensive/batch/interactive,SJF,0.21790540540540582,0.0,0.19763513513513384,0.3158783783783789,0.17060810810810836,0.75
14.0,0.0,6.785714285714286,20.596938775510203,3.5,13.857142857142858,0.0,1.0,42000013,19,cpu_intensive/batch/interactive,SJF,0.5,0.0,0.12403100775193804,0.2906976744186058,0.14147286821705307,0.7189922480620171
13.0,0.0,6.6923076923076925,18.674556213017752,3.4615384615384617,13.153846153846153,0.0,1.0,42000013,20,cpu_intensive/batch/interactive,SJF,0.18069306930693058,0.0,0.02475247524752329,0.27722772277227775,0.08663366336633532,0.75
10.0,0.0,8.4,18.84,3.5,13.3,0.0,1.0,42000013,21,cpu_intensive/batch/interactive,SJF,0.1302083333333348,0.0,0.2213541666666652,0.3203125000000018,0.16666666666666607,0.75
9.0,0.0,7.111111111111111,15.876543209876543,3.7777777777777777,8.666666666666666,0.0,0.0,42000013,22,cpu_intensive/batch/interactive,SJF,0.14610389610389632,0.0,0.18831168831168896,0.30844155844156074,0.3051948051948049,0.75
6.0,0.0,7.333333333333333,8.555555555555555,3.3333333333333335,9,0.0,0.0,42000013,23,cpu_intensive/batch/interactive,SJF,0.22000000000000014,0.0,0.1599999999999987,0.4050000000000016,0.16499999999999926,0.75
6.0,0.0,4,5.666666666666667,3.3333333333333335,5,0.0,0.0,42000013,24,cpu_intensive/batch/interactive,SRTF,0.17187499999999617,0.08393610608800445,0.039062499999996586,0.32031250000000294,0.5,0.7343750000000008
2.0,0.0,15,100,3.5,4.5,0.0,1.0,42000013,25,cpu_intensive/batch/interactive,SJF,0.41666666666667024,0.0,0.0,0.125000000000016,0.41666666666667024,0.75
1.0,0.0,11,0,3,0,0.0,0.0,42000013,26,cpu_intensive/batch/interactive,FCFS,0.0,0.0,0.0,0.0,0.0,0.0
12.0,1.0,10,59.53846153846154,2.6153846153846154,7.25,13.0,0.13333333333333333,42000014,0,mixed/interactive/cpu_intensive,SJF,0.5028818443804035,0.047160243407707914,0.22334293948126802,0.41993236726271554,0.19328670551993032,0.8539553752535497
24.0,1.0,6.52,45.1296,2.56,12.75,12.0,0.14285714285714285,42000014,1,mixed/interactive/cpu_intensive,SJF,0.2925770110895969,0.10615384615384615,0.17718359443759904,0.2505720823798627,0.75,0.7214398873437775
32.0,0.0,9.3125,75.46484375,2.6875,18.625,7.0,0.4166666666666667,42000014,2,mixed/interactive/cpu_intensive,SJF,0.409877800407332,0.1804245283018868,0.24173327441109788,0.2545824847250509,0.7488207547169812,0.7011561887561004
30.0,2.0,9.0625,73.99609375,2.6875,26.2,0.0,1.0,42000014,3,mixed/interactive/cpu_intensive,SJF,0.6889204545454546,0.25,0.2967478354978355,0.2838095238095238,0.6889204545454546,0.6972943722943723
31.0,1.0,8.46875,63.3115234375,2.6875,29.548387096774192,0.0,1.0,42000014,4,mixed/interactive/cpu_intensive,SJF,0.1603658536585366,0.0,0.09329268292682927,0.28597560975609754,0.5,0.6884146341463415
31.0,1.0,8.1875,63.83984375,2.6875,27.483870967741936,0.0,1.0,42000014,5,mixed/interactive/cpu_intensive,SJF,0.1925925925925926,0.0,0.0728395061728395,0.25246913580246916,0.5,0.6395061728395062
31.0,1.0,7.96875,58.7177734375,2.6875,26.225806451612904,0.0,1.0,42000014,6,mixed/interactive/cpu_intensive,SJF,0.4080604534005038,0.0,0.17632241813602015,0.3589420654911839,0.25,0.75
31.0,1.0,7.5,50.4375,2.6875,27.35483870967742,0.0,1.0,42000014,7,mixed/interactive/cpu_intensive,SJF,0.18159203980099503,0.0,0.17475124378109452,0.2568407960199005,0.5,0.6461442786069651
31.0,0.0,7.935483870967742,53.15712799167534,2.6129032258064515,27.70967741935484,0.0,1.0,42000014,8,mixed/interactive/cpu_intensive,SJF,0.3223314606741573,0.0,0.042134831460674156,0.2710674157303371,0.5,0.696629213483146
31.0,0.0,7.483870967741935,53.41103017689906,2.6129032258064515,27.193548387096776,0.0,1.0,42000014,9,mixed/interactive/cpu_intensive,SJF,0.4280397022332506,0.0,0.09181141439205956,0.3641439205955335,0.45967741935483863,0.75
31.0,0.0,6.967741935483871,46.8054110301769,2.6129032258064515,27.580645161290324,0.0,1.0,42000014,10,mixed/interactive/cpu_intensive,SJF,0.2974137931034483,0.0,0.10416666666666667,0.28160919540229884,0.5,0.7262931034482758
30.0,0.0,7.033333333333333,42.565555555555555,2.566666666666667,24.5,0.0,1.0,42000014,11,mixed/interactive/cpu_intensive,SJF,0.5,0.0,0.05428226779252111,0.25995174909529556,0.3968636911942099,0.6498793727382388
28.0,0.0,7.071428571428571,36.28061224489796,2.5357142857142856,23.75,0.0,1.0,42000014,12,mixed/interactive/cpu_intensive,SJF,0.2461656441717791,0.0,0.08205521472392638,0.3496932515337423,0.4171779141104295,0.75
28.0,0.0,6.464285714285714,35.24872448979592,2.5357142857142856,25.642857142857142,0.0,1.0,42000014,13,mixed/interactive/cpu_intensive,SJF,0.30357142857142855,0.0,0.020833333333333332,0.31547619047619047,0.4494047619047619,0.75
26.0,0.0,6.538461538461538,34.710059171597635,2.6153846153846154,24.384615384615383,0.0,1.0,42000014,14,mixed/interactive/cpu_intensive,SRTF,0.3353448275862069,0.02413793103448276,0.0,0.3431034482758621,0.3560344827586207,0.75
25.0,1.0,5.884615384615385,31.79437869822485,2.6153846153846154,25.32,0.0,0.0,42000014,15,mixed/interactive/cpu_intensive,SRTF,0.5,0.01675485008818342,0.0,0.24691358024691357,0.30599647266313934,0.6741622574955908
23.0,0.0,5.782608695652174,31.474480151228732,2.6956521739130435,23.434782608695652,0.0,1.0,42000014,16,mixed/interactive/cpu_intensive,SJF,0.4481012658227848,0.0,0.04177215189873418,0.2873417721518987,0.4088607594936709,0.75
18.0,0.0,6.277777777777778,29.089506172839506,3,21.72222222222222,0.0,0.0,42000014,17,mixed/interactive/cpu_intensive,SJF,0.4229559748427673,0.0,0.09905660377358491,0.3081761006289308,0.4339622641509434,0.75
13.0,1.0,8.428571428571429,44.673469387755105,3.0714285714285716,17.615384615384617,0.0,0.0,42000014,18,mixed/interactive/cpu_intensive,SJF,0.3108108108108108,0.0,0.12355212355212356,0.3166023166023166,0.34942084942084944,0.75
11.0,0.0,8.818181818181818,42.51239669421488,3.4545454545454546,13.545454545454545,0.0,1.0,42000014,19,mixed/interactive/cpu_intensive,SJF,0.16210045662100456,0.0,0.19406392694063926,0.3264840182648402,0.2009132420091324,0.75
10.0,0.0,9.2,36.56,3.3,9.6,0.0,1.0,42000014,20,mixed/interactive/cpu_intensive,SJF,0.0990990990990991,0.0,0.21171171171171171,0.35135135135135137,0.21171171171171171,0.75
10.0,0.0,10,66.8,3.3,8.9,0.0,1.0,42000014,21,mixed/interactive/cpu_intensive,SJF,0.20222222222222222,0.0,0.17333333333333334,0.3488888888888889,0.2822222222222222,0.75
9.0,0.0,9,64.22222222222223,3.2222222222222223,8,0.0,0.0,42000014,22,mixed/interactive/cpu_intensive,SJF,0.03216374269005848,0.0,0.2543859649122807,0.30701754385964913,0.16666666666666666,0.75
7.0,0.0,12.571428571428571,71.95918367346938,3.142857142857143,7.428571428571429,0.0,1.0,42000014,23,mixed/interactive/cpu_intensive,SJF,0.14939024390243902,0.0,0.23780487804878048,0.36585365853658536,0.2286585365853659,0.75
7.0,0.0,12.714285714285714,73.06122448979592,3.142857142857143,5.714285714285714,0.0,1.0,42000014,24,mixed/interactive/cpu_intensive,SJF,0.2887700534759358,0.0,0.2192513368983957,0.3770053475935829,0.3048128342245989,0.75
6.0,0.0,11.5,60.916666666666664,3.1666666666666665,5.666666666666667,0.0,0.0,42000014,25,mixed/interactive/cpu_intensive,SJF,0.2838983050847458,0.0,0.03389830508474576,0.4110169491525424,0.2838983050847458,0.75
5.0,0.0,14,22,3.2,4,0.0,1.0,42000014,26,mixed/interactive/cpu_intensive,SJF,0.22527472527472528,0.0,0.0,0.46703296703296704,0.22527472527472528,0.75
5.0,0.0,10,22,3.2,4,0.0,0.0,42000014,27,mixed/interactive/cpu_intensive,SJF,0.17346938775510204,0.0,0.0,0.5,0.17346938775510204,0.6683673469387755
4.0,0.0,7.5,7.25,3.5,3,0.0,0.0,42000014,28,mixed/interactive/cpu_intensive,SJF,0.2096774193548387,0.0,0.0,0.5,0.06451612903225806,0.75
3.0,0.0,3.3333333333333335,4.222222222222222,3.3333333333333335,3.3333333333333335,0.0,0.0,42000014,29,mixed/interactive/cpu_intensive,FCFS,0.0,0.0,0.0,0.125,0.125,0.75
15.0,0.0,9.6,33.57333333333333,2.6666666666666665,7.066666666666666,15.0,0.0625,42000015,0,mixed/batch/interactive,SJF,0.7091700133868809,0.11461538461538454,0.2500226547214499,0.3661311914323962,0.38493975903614475,0.8084615384615385
22.0,2.0,10.125,38.442708333333336,2.7083333333333335,13.590909090909092,9.0,0.1,42000015,1,mixed/batch/interactive,SJF,0.6265432098765433,0.023423423423423448,0.16956956956956962,0.37160493827160473,0.562579245912579,0.8054054054054054
34.0,0.0,7.411764705882353,31.71280276816609,2.7941176470588234,18.205882352941178,10.0,0.16666666666666666,42000015,2,mixed/batch/interactive,SJF,0.5289256198347104,0.03418803418803423,0.2045454545454539,0.36662075298438923,0.42312401403310473,0.8383190883190884
33.0,1.0,6.9411764705882355,29.05536332179931,2.7941176470588234,25.424242424242426,0.0,1.0,42000015,3,mixed/batch/interactive,SJF,0.4975884850159513,0.07438016528925614,0.18511831495390452,0.31686930091185395,0.5623100303951364,0.8181818181818181
33.0,1.0,6.647058823529412,29.05190311418685,2.7941176470588234,30.636363636363637,0.0,1.0,42000015,4,mixed/batch/interactive,SJF,0.275451997894707,0.074766355140187,0.19009516493833556,0.318112633181126,0.6046423135464233,0.794392523364486
34.0,0.0,6.205882352941177,27.6340830449827,2.7941176470588234,30.147058823529413,0.0,1.0,42000015,5,mixed/batch/interactive,SJF,0.3422619047619043,0.0,0.11755952380952338,0.3229166666666666,0.2522321428571423,0.75
34.0,0.0,5.617647058823529,23.765570934256054,2.7941176470588234,31.323529411764707,0.0,0.0,42000015,6,mixed/batch/interactive,SJF,0.46757679180887357,0.0,0.15955631399317394,0.2696245733788399,0.3430034129692844,0.75
31.0,3.0,5.705882352941177,22.325259515570934,2.7941176470588234,30.903225806451612,0.0,1.0,42000015,7,mixed/batch/interactive,SJF,0.18895800933125953,0.0,0.08631415241057523,0.3094867807153967,0.3989113530326595,0.75
34.0,0.0,5.411764705882353,20.359861591695502,2.7941176470588234,28,0.0,1.0,42000015,8,mixed/batch/interactive,SJF,0.2626262626262623,0.0,0.11976911976911966,0.32828282828282823,0.41774891774891776,0.75
33.0,0.0,4.96969696969697,16.271808999081728,2.787878787878788,30.363636363636363,0.0,0.0,42000015,9,mixed/batch/interactive,SJF,0.38143382352941124,0.0,0.180147058823529,0.29503676470588225,0.3952205882352935,0.75
27.0,3.0,5,17.6,2.7,34.407407407407405,0.0,0.0,42000015,10,mixed/batch/interactive,SJF,0.18528864059590222,0.0,0.11824953445065123,0.30540037243947826,0.4059590316573558,0.75
28.0,0.0,5.142857142857143,17.693877551020407,2.75,28.5,0.0,1.0,42000015,11,mixed/batch/interactive,SJF,0.3865384615384622,0.0,0.06923076923076851,0.3115384615384615,0.447115384615385,0.75
28.0,0.0,4.428571428571429,13.673469387755102,2.75,26.357142857142858,0.0,0.0,42000015,12,mixed/batch/interactive,SJF,0.24293785310734367,0.0,0.20621468926553643,0.233050847457627,0.3954802259887001,0.75
23.0,3.0,5.038461538461538,15.652366863905325,2.769230769230769,28.217391304347824,0.0,1.0,42000015,13,mixed/batch/interactive,SJF,0.2106430155210649,0.0,0.11308203991130783,0.2727272727272723,0.2815964523281597,0.75
24.0,1.0,5.44,17.6064,2.68,23.916666666666668,0.0,1.0,42000015,14,mixed/batch/interactive,SJF,0.1995192307692312,0.0,0.15985576923076844,0.284855769230769,0.3040865384615394,0.75
23.0,0.0,5.826086956521739,21.100189035916824,2.782608695652174,22.565217391304348,0.0,1.0,42000015,15,mixed/batch/interactive,SJF,0.005102040816325189,0.0,0.09693877551020488,0.24659863945578214,0.28911564625850406,0.75
19.0,0.0,6,24.526315789473685,2.736842105263158,25.157894736842106,0.0,0.0,42000015,16,mixed/batch/interactive,SJF,0.2925764192139742,0.0,0.2030567685589513,0.3580786026200874,0.3700873362445412,0.75
18.0,0.0,5.722222222222222,18.645061728395063,2.7222222222222223,18.944444444444443,0.0,1.0,42000015,17,mixed/batch/interactive,SJF,0.14577259475218676,0.0,0.11807580174927108,0.30174927113702577,0.22448979591836654,0.75
16.0,0.0,6.5,20.875,2.75,14.125,0.0,1.0,42000015,18,mixed/batch/interactive,SJF,0.270773638968481,0.0,0.11461318051575894,0.3366762177650423,0.23209169054441314,0.75
16.0,0.0,5.9375,18.05859375,2.75,14.0625,0.0,1.0,42000015,19,mixed/batch/interactive,SJF,0.19230769230769335,0.0,0.19755244755244722,0.3129370629370625,0.2517482517482529,0.75
15.0,0.0,5.666666666666667,18.88888888888889,2.8,14.133333333333333,0.0,1.0,42000015,20,mixed/batch/interactive,SJF,0.3191126279863479,0.0,0.1348122866894191,0.3122866894197946,0.2730375426621149,0.75
11.0,0.0,7,12.363636363636363,2.6363636363636362,13.545454545454545,0.0,1.0,42000015,21,mixed/batch/interactive,SJF,0.12440191387559632,0.0,0.02392344497607799,0.3110047846889954,0.10047846889952294,0.75
9.0,0.0,7.888888888888889,8.765432098765432,2.2222222222222223,11.222222222222221,0.0,1.0,42000015,22,mixed/batch/interactive,SRTF,0.05864197530864249,0.006172839506173208,0.0,0.3179012345678993,0.03395061728394966,0.75
9.0,0.0,5.666666666666667,8.666666666666666,2.2222222222222223,8,0.0,0.0,42000015,23,mixed/batch/interactive,SRTF,0.2873134328358238,0.007462686567161725,0.0,0.2985074626865671,0.11194029850746626,0.75
7.0,0.0,4.428571428571429,3.673469387755102,2.4285714285714284,6.285714285714286,0.0,0.0,42000015,24,mixed/batch/interactive,SRTF,0.07647058823529278,0.005882352941171121,0.0,0.2647058823529392,0.10588235294117113,0.75
4.0,0.0,2.5,4.25,2.75,4.75,0.0,0.0,42000015,25,mixed/batch/interactive,SRTF,0.35714285714286503,0.03571428571425613,0.0,0.17857142857141872,0.2142857142857439,0.75
11.0,0.0,10.818181818181818,23.421487603305785,2.6363636363636362,8.181818181818182,11.0,0.0,42000016,0,batch/io_intensive/cpu_intensive,SJF,0.5090163934426228,0.07729007633587785,0.2213114754098359,0.3940620698285572,0.28489237892629227,0.8740458015267176
23.0,1.0,7.125,42.026041666666664,2.9166666666666665,9.521739130434783,13.0,0.0,42000016,1,batch/io_intensive/cpu_intensive,SJF,0.4762247838616717,0.10714285714285716,0.23847262247838635,0.3824774274322258,0.34268851830337765,0.8302348336594911
28.0,2.0,9.5,70.18333333333334,2.966666666666667,17.285714285714285,6.0,0.4,42000016,2,batch/io_intensive/cpu_intensive,SJF,0.3078898225957051,0.16825396825396818,0.29318394024276395,0.36928104575163406,0.4839869281045752,0.8111111111111111
29.0,1.0,9.066666666666666,70.1288888888889,2.966666666666667,23.79310344827586,0.0,1.0,42000016,3,batch/io_intensive/cpu_intensive,SJF,0.4323943520728456,0.23972602739726032,0.37808620309272173,0.34626647144948763,0.3956808199121526,0.803082191780822
30.0,0.0,8.4,59.64,2.966666666666667,26.7,0.0,1.0,42000016,4,batch/io_intensive/cpu_intensive,SJF,0.05595026642984019,0.0,0.1873889875666077,0.31172291296625215,0.12344582593250433,0.75
26.0,4.0,8.266666666666667,59.39555555555555,2.966666666666667,28.653846153846153,0.0,1.0,42000016,5,batch/io_intensive/cpu_intensive,SJF,0.13343328335832083,0.0,0.18215892053972998,0.3470764617691153,0.274362818590705,0.75
28.0,2.0,7.866666666666666,55.315555555555555,2.966666666666667,25.821428571428573,0.0,1.0,42000016,6,batch/io_intensive/cpu_intensive,SJF,0.07327586206896586,0.0,0.1689655172413793,0.3198275862068965,0.17672413793103475,0.75
29.0,1.0,7.3,48.343333333333334,2.966666666666667,25.93103448275862,0.0,1.0,42000016,7,batch/io_intensive/cpu_intensive,SJF,0.13008130081300756,0.0,0.16565040650406504,0.24796747967479635,0.1290650406504062,0.75
27.0,0.0,8.074074074074074,49.3278463648834,3.074074074074074,24.62962962962963,0.0,1.0,42000016,8,batch/io_intensive/cpu_intensive,SJF,0.24041811846689876,0.0,0.21428571428571408,0.31445993031358876,0.18292682926829276,0.75
25.0,1.0,8.423076923076923,41.782544378698226,3.076923076923077,25.08,0.0,1.0,42000016,9,batch/io_intensive/cpu_intensive,SJF,0.5,0.0,0.18294460641399427,0.2704081632653062,0.17346938775510207,0.6530612244897959
23.0,2.0,8.28,36.8416,3.04,26.08695652173913,0.0,1.0,42000016,10,batch/io_intensive/cpu_intensive,SJF,0.10706401766004472,0.0,0.03311258278145698,0.31346578366445926,0.16777041942604856,0.75
24.0,1.0,7.72,34.0416,3.04,23.291666666666668,0.0,1.0,42000016,11,batch/io_intensive/cpu_intensive,SJF,0.14355468749999936,0.0,0.12792968749999925,0.3291015624999995,0.13183593750000003,0.75
25.0,0.0,6.92,31.5136,3.04,22.44,0.0,1.0,42000016,12,batch/io_intensive/cpu_intensive,SJF,0.12406947890818912,0.0,0.21339950372208488,0.29032258064516164,0.12282878411910708,0.75
22.0,1.0,6.782608695652174,34.43100189035917,3.0434782608695654,25.227272727272727,0.0,0.0,42000016,13,batch/io_intensive/cpu_intensive,SJF,0.23383620689655227,0.0,0.10775862068965533,0.33189655172413823,0.14762931034482824,0.75
22.0,1.0,6.434782608695652,28.071833648393195,3.0434782608695654,20.90909090909091,0.0,1.0,42000016,14,batch/io_intensive/cpu_intensive,SJF,0.5,0.0,0.11966463414634099,0.20655487804878025,0.16692073170731728,0.5792682926829267
20.0,0.0,7.1,24.09,2.9,19.5,0.0,1.0,42000016,15,batch/io_intensive/cpu_intensive,SJF,0.1709770114942532,0.0,0.07902298850574777,0.29885057471264387,0.08189655172413843,0.75
20.0,0.0,6.1,24.49,2.9,19.6,0.0,0.0,42000016,16,batch/io_intensive/cpu_intensive,SJF,0.5,0.0,0.03538812785388105,0.26255707762557046,0.22374429223744285,0.6746575342465748
18.0,2.0,5.7,17.91,2.9,18.555555555555557,0.0,1.0,42000016,17,batch/io_intensive/cpu_intensive,SJF,0.5,0.0,0.03202846975088965,0.26334519572953735,0.18327402135231322,0.7393238434163695
15.0,0.0,6.466666666666667,13.315555555555555,3,17.933333333333334,0.0,1.0,42000016,18,batch/io_intensive/cpu_intensive,SRTF,0.2606177606177602,0.036679536679537494,0.0,0.3050193050193049,0.2625482625482636,0.75
14.0,0.0,5.5,11.678571428571429,3.0714285714285716,15,0.0,0.0,42000016,19,batch/io_intensive/cpu_intensive,SJF,0.37899543378995515,0.0,0.0022831050228313133,0.28767123287671204,0.15981735159817245,0.75
11.0,0.0,5.2727272727272725,9.47107438016529,3.090909090909091,14.090909090909092,0.0,0.0,42000016,20,batch/io_intensive/cpu_intensive,SRTF,0.2717391304347814,0.00543478260869535,0.0,0.29891304347826,0.15489130434782442,0.75
8.0,0.0,5,3.75,3.25,9.25,0.0,1.0,42000016,21,batch/io_intensive/cpu_intensive,SJF,0.25185185185185016,0.0,0.0,0.28148148148148067,0.2444444444444432,0.75
7.0,0.0,3,4.285714285714286,3.142857142857143,7,0.0,0.0,42000016,22,batch/io_intensive/cpu_intensive,SJF,0.3076923076923094,0.0,0.032051282051285414,0.1538461538461547,0.3974358974358998,0.75
1.0,1.0,24,36,3,2,0.0,1.0,42000016,23,batch/io_intensive/cpu_intensive,FCFS,0.0,0.0,0.0,0.2666666666666629,0.0,0.75
2.0,0.0,14,36,3,1,0.0,1.0,42000016,24,batch/io_intensive/cpu_intensive,FCFS,0.0,0.0,0.0,0.1499999999999923,0.0,0.75
1.0,0.0,8,0,3,0,0.0,0.0,42000016,25,batch/io_intensive/cpu_intensive,FCFS,0.0,0.0,0.0,0.0,0.0,0.0
11.0,0.0,11.727272727272727,16.016528925619834,2.8181818181818183,8.090909090909092,11.0,0.0,42000017,0,batch/mixed/io_intensive,SJF,0.5761802575107303,0.020270270270270268,0.1266094420600867,0.39703920658856295,0.46625971465027305,0.8068693693693694
23.0,0.0,8.869565217391305,40.80907372400756,2.739130434782609,11.173913043478262,12.0,0.0,42000017,1,batch/mixed/io_intensive,SJF,0.5674567921175901,0.09685430463576158,0.1341463414634145,0.4020071699061363,0.7344173441734415,0.8663079470198676
33.0,1.0,6.205882352941177,32.98702422145329,2.7941176470588234,18.939393939393938,11.0,0.0,42000017,2,batch/mixed/io_intensive,SJF,0.3502785515320337,0.1454983922829583,0.197771587743733,0.3945512275076356,0.5901933738770615,0.8890675241157555
34.0,0.0,5.617647058823529,31.94204152249135,2.7941176470588234,26.41176470588235,0.0,1.0,42000017,3,batch/mixed/io_intensive,SJF,0.75,0.2177914110429448,0.28899520010172003,0.31865284974093266,0.653092119902094,0.8270924059887468
33.0,1.0,5.323529411764706,31.689446366782008,2.7941176470588234,30.606060606060606,0.0,1.0,42000017,4,batch/mixed/io_intensive,SJF,0.4638040238450073,0.07500000000000004,0.30183960506706425,0.3062593144560358,0.75,0.7785348360655744
32.0,2.0,5.088235294117647,31.19809688581315,2.7941176470588234,31.8125,0.0,1.0,42000017,5,batch/mixed/io_intensive,SJF,0.5,0.0,0.2121604139715394,0.33182406209573106,0.4327296248382922,0.7357697283311776
32.0,2.0,4.911764705882353,24.96280276816609,2.7941176470588234,30.5625,0.0,1.0,42000017,6,batch/mixed/io_intensive,SJF,0.5,0.0,0.25053995680345525,0.28347732181425467,0.36717062634989184,0.6803455723542113
31.0,3.0,5.588235294117647,24.771626297577853,2.7941176470588234,29.29032258064516,0.0,1.0,42000017,7,batch/mixed/io_intensive,SJF,0.30958721704394065,0.0,0.20838881491344857,0.3202396804260984,0.4134487350199735,0.75
30.0,3.0,5.7272727272727275,23.41046831955923,2.757575757575758,27.866666666666667,0.0,1.0,42000017,8,batch/mixed/io_intensive,SJF,0.5,0.0,0.09597924773021987,0.32036316472114146,0.35603112840466955,0.71887159533074
33.0,0.0,5.121212121212121,21.13682277318641,2.757575757575758,27.303030303030305,0.0,1.0,42000017,9,batch/mixed/io_intensive,SJF,0.05863708399366112,0.0,0.16561014263074428,0.3153724247226619,0.2955625990491275,0.75
31.0,1.0,4.71875,20.1396484375,2.75,29.451612903225808,0.0,0.0,42000017,10,batch/mixed/io_intensive,SJF,0.24028268551236698,0.0,0.1890459363957598,0.2994699646643111,0.2429328621908132,0.75
30.0,1.0,4.419354838709677,20.308012486992716,2.7419354838709675,30.266666666666666,0.0,1.0,42000017,11,batch/mixed/io_intensive,SJF,0.3831683168316839,0.0,0.1287128712871287,0.2910891089108911,0.2584158415841575,0.75
29.0,0.0,4.517241379310345,19.90487514863258,2.6551724137931036,30.275862068965516,0.0,1.0,42000017,12,batch/mixed/io_intensive,SJF,0.06448412698412782,0.0,0.2142857142857151,0.30357142857142877,0.11111111111111174,0.75
23.0,5.0,4.642857142857143,17.729591836734695,2.6785714285714284,31.652173913043477,0.0,1.0,42000017,13,batch/mixed/io_intensive,SJF,0.24690402476780168,0.0,0.33204334365325094,0.35061919504643935,0.1509287925696598,0.75
28.0,0.0,5.214285714285714,18.81122448979592,2.6785714285714284,21.892857142857142,0.0,1.0,42000017,14,batch/mixed/io_intensive,SJF,0.21440536013400255,0.0,0.2755443886097155,0.33668341708542676,0.09631490787269661,0.75
27.0,1.0,5.178571428571429,20.075255102040817,2.6785714285714284,23.074074074074073,0.0,1.0,42000017,15,batch/mixed/io_intensive,SJF,0.31111111111111117,0.0,0.13838383838383939,0.278787878787879,0.13434343434343513,0.75
24.0,3.0,5.37037037037037,18.973936899862824,2.6296296296296298,26.375,0.0,1.0,42000017,16,batch/mixed/io_intensive,SJF,0.39211618257261405,0.0,0.04771784232365213,0.2997925311203317,0.2489626556016597,0.75
25.0,1.0,5,17.076923076923077,2.6538461538461537,25.2,0.0,1.0,42000017,17,batch/mixed/io_intensive,SJF,0.16530612244897885,0.0,0.12244897959183758,0.3142857142857139,0.1999999999999992,0.75
23.0,1.0,4.916666666666667,15.743055555555555,2.75,26.17391304347826,0.0,1.0,42000017,18,batch/mixed/io_intensive,SJF,0.14936708860759357,0.0,0.0987341772151881,0.2645569620253154,0.20253164556961942,0.75
22.0,1.0,4.826086956521739,14.578449905482042,2.6956521739130435,23.227272727272727,0.0,1.0,42000017,19,batch/mixed/io_intensive,SJF,0.128749999999999,0.0,0.027499999999999178,0.27625000000000033,0.15375000000000047,0.75
20.0,1.0,4.619047619047619,14.712018140589569,2.619047619047619,20.75,0.0,1.0,42000017,20,batch/mixed/io_intensive,SJF,0.16822429906541814,0.0,0.023364485981308244,0.2725856697819305,0.23208722741432997,0.75
18.0,0.0,4.444444444444445,12.246913580246913,2.8333333333333335,20.72222222222222,0.0,1.0,42000017,21,batch/mixed/io_intensive,SJF,0.19850187265917596,0.0,0.056179775280898306,0.247191011235954,0.19288389513108395,0.75
15.0,0.0,5,14.4,2.8,15.933333333333334,0.0,1.0,42000017,22,batch/mixed/io_intensive,SRTF,0.258620689655175,0.07974137931034322,0.0,0.29741379310344895,0.2370689655172427,0.75
11.0,0.0,5.181818181818182,13.057851239669422,2.909090909090909,14.363636363636363,0.0,1.0,42000017,23,batch/mixed/io_intensive,SRTF,0.27222222222222076,0.04444444444444683,0.0,0.2944444444444441,0.17222222222222072,0.75
8.0,0.0,4.625,10.234375,3.125,9.625,0.0,0.0,42000017,24,batch/mixed/io_intensive,SRTF,0.2259615384615371,0.07211538461538398,0.0,0.2740384615384629,0.24519230769230743,0.75
5.0,0.0,3.4,6.64,3.2,4,0.0,0.0,42000017,25,batch/mixed/io_intensive,SRTF,0.5,0.23333333333331616,0.0,0.2999999999999871,0.19999999999998067,0.7333333333333161
11.0,0.0,13,21.454545454545453,3.1818181818181817,8.181818181818182,11.0,0.0,42000018,0,batch/io_intensive/interactive,SJF,0.524274274274274,0.04506802721088434,0.16466466466466428,0.4288944556801699,0.7193877551020409,0.8007969704398279
23.0,0.0,6.608695652173913,30.325141776937617,3.391304347826087,10.91304347826087,12.0,0.0,42000018,1,batch/io_intensive/interactive,SJF,0.5648312611012432,0.06880108991825613,0.13365896980461786,0.33363138306367696,0.7224114441416893,0.7271265989420246
33.0,1.0,4.911764705882353,22.139273356401382,3.4411764705882355,17,11.0,0.21428571428571427,42000018,2,batch/io_intensive/interactive,SJF,0.5735888869351153,0.07283057851239672,0.1710638297872339,0.26065851943027957,0.75,0.6638609987691225
33.0,1.0,4.529411764705882,18.366782006920417,3.4411764705882355,24.90909090909091,0.0,1.0,42000018,3,batch/io_intensive/interactive,SJF,0.5265834377711367,0.08893280632411059,0.27330569748385247,0.25609756097560976,0.75,0.756941097078955
33.0,1.0,4.411764705882353,16.301038062283737,3.4411764705882355,26.272727272727273,0.0,1.0,42000018,4,batch/io_intensive/interactive,SJF,0.1682824545174219,0.1566666666666669,0.315491828553808,0.24283071230342262,0.75,0.6196762257169286
31.0,3.0,4.323529411764706,13.924740484429066,3.4411764705882355,27.70967741935484,0.0,1.0,42000018,5,batch/io_intensive/interactive,SJF,0.4989235737351991,0.0,0.17761033369214185,0.2271259418729816,0.5,0.6245963401506996
32.0,2.0,4.205882352941177,11.163494809688581,3.4411764705882355,27.34375,0.0,1.0,42000018,6,batch/io_intensive/interactive,SJF,0.29629629629629595,0.0,0.08365261813537708,0.19859514687100874,0.5,0.6005747126436778
31.0,3.0,3.9705882352941178,10.32266435986159,3.4411764705882355,29.903225806451612,0.0,1.0,42000018,7,batch/io_intensive/interactive,SJF,0.31623449830890643,0.0,0.17643742953776742,0.2880496054114994,0.5,0.6693912063134159
33.0,1.0,3.764705882352941,8.062283737024222,3.4411764705882355,29.363636363636363,0.0,1.0,42000018,8,batch/io_intensive/interactive,SJF,0.5,0.0,0.11316113161131555,0.23247232472324697,0.4464944649446493,0.6288437884378844
31.0,2.0,3.4242424242424243,7.638200183654729,3.4242424242424243,31.032258064516128,0.0,1.0,42000018,9,batch/io_intensive/interactive,SJF,0.28197226502311246,0.0,0.07935285053929121,0.18104776579352844,0.5,0.6321263482280429
28.0,0.0,3.5357142857142856,7.105867346938775,3.4642857142857144,30.392857142857142,0.0,1.0,42000018,10,batch/io_intensive/interactive,SJF,0.296979865771812,0.0,0.20385906040268487,0.3137583892617448,0.5,0.7231543624161074
26.0,1.0,3.1481481481481484,5.607681755829904,3.4074074074074074,29.423076923076923,0.0,1.0,42000018,11,batch/io_intensive/interactive,SJF,0.4453124999999988,0.0,0.1591796874999994,0.2880859374999991,0.4707031249999991,0.75
24.0,1.0,3.56,6.4064,3.4,26.208333333333332,0.0,1.0,42000018,12,batch/io_intensive/interactive,SJF,0.32860262008733715,0.0,0.08515283842794827,0.2587336244541484,0.5,0.7259825327510916
23.0,1.0,3.1666666666666665,6.722222222222222,3.4583333333333335,22.73913043478261,0.0,1.0,42000018,13,batch/io_intensive/interactive,SJF,0.34034416826003877,0.0,0.08604206500956134,0.2543021032504782,0.5,0.6782982791586997
21.0,1.0,3.5454545454545454,12.611570247933884,3.3181818181818183,19.80952380952381,0.0,1.0,42000018,14,batch/io_intensive/interactive,SJF,0.2520775623268706,0.0,0.056786703601107213,0.21329639889196644,0.5,0.6918282548476448
15.0,1.0,4.375,18.234375,3.125,19.8,0.0,1.0,42000018,15,batch/io_intensive/interactive,SJF,0.4023904382470121,0.0,0.047808764940237954,0.282868525896413,0.3505976095617517,0.75
12.0,1.0,4.3076923076923075,16.21301775147929,3,15.75,0.0,1.0,42000018,16,batch/io_intensive/interactive,SJF,0.2711442786069646,0.0,0.0995024875621895,0.2711442786069646,0.27363184079601993,0.75
10.0,1.0,3.909090909090909,12.809917355371901,3,9.3,0.0,1.0,42000018,17,batch/io_intensive/interactive,SJF,0.215053763440861,0.0,0.16129032258064524,0.2930107526881711,0.35215053763440873,0.75
8.0,0.0,8.375,33.984375,2.5,8.75,0.0,1.0,42000018,18,batch/io_intensive/interactive,SRTF,0.19291338582677356,0.003937007874019762,0.0,0.31102362204724465,0.29133858267716567,0.75
6.0,0.0,8.166666666666666,22.805555555555557,2.8333333333333335,5.333333333333333,0.0,1.0,42000018,19,batch/io_intensive/interactive,SJF,0.35632183908045734,0.0,0.005747126436780818,0.37356321839080203,0.22413793103447854,0.75
4.0,0.0,7.25,5.1875,2.75,4,0.0,0.0,42000018,20,batch/io_intensive/interactive,SRTF,0.21621621621621595,0.01351351351351676,0.0,0.459459459459455,0.0540540540540566,0.75
3.0,0.0,2.6666666666666665,2.888888888888889,3.3333333333333335,2.6666666666666665,0.0,0.0,42000018,21,batch/io_intensive/interactive,SJF,0.19230769230769917,0.0,0.0,0.11538461538461653,0.19230769230769917,0.75
9.0,0.0,18.22222222222222,55.50617283950617,2.888888888888889,6.111111111111111,9.0,0.0,42000019,0,cpu_intensive/batch/interactive,SJF,0.3386106602996031,0.1223776223776223,0.22744266668932578,0.4064398541919807,0.4553462940461729,0.819055944055944
19.0,0.0,14.526315789473685,42.45983379501385,3,11.947368421052632,10.0,0.0,42000019,1,cpu_intensive/batch/interactive,SJF,0.38204419889502783,0.028829604130808966,0.04585635359116054,0.4373184925970657,0.5034856077823532,0.8313253012048193
30.0,0.0,9.433333333333334,53.51222222222222,2.8666666666666667,14.7,11.0,0.0,42000019,2,cpu_intensive/batch/interactive,SJF,0.5939306358381502,0.04836065573770491,0.09031791907514483,0.4162986828390033,0.3342509239078936,0.8524590163934427
29.0,1.0,8.766666666666667,50.312222222222225,2.8666666666666667,22.96551724137931,0.0,0.0,42000019,3,cpu_intensive/batch/interactive,SJF,0.37643005164303883,0.09651162790697675,0.14639321074964715,0.3502878194796228,0.5038896746817545,0.8430232558139535
30.0,0.0,8.333333333333334,49.08888888888889,2.8666666666666667,25.733333333333334,0.0,1.0,42000019,4,cpu_intensive/batch/interactive,SJF,0.7040537327627194,0.1891025641025641,0.19024104758769542,0.35235378031383713,0.5431526390870182,0.7852564102564099
30.0,0.0,7.8,47.56,2.8666666666666667,27.366666666666667,0.0,1.0,42000019,5,cpu_intensive/batch/interactive,SJF,0.309487951807229,0.0,0.07756024096385546,0.34186746987951816,0.26204819277108465,0.75
29.0,0.0,7.482758620689655,42.59453032104637,2.896551724137931,27.724137931034484,0.0,1.0,42000019,6,cpu_intensive/batch/interactive,SJF,0.3390522875816995,0.0,0.0898692810457521,0.3145424836601308,0.27614379084967283,0.75
25.0,3.0,7.607142857142857,39.52423469387755,2.892857142857143,26.44,0.0,1.0,42000019,7,cpu_intensive/batch/interactive,SJF,0.40301724137931044,0.0,0.02442528735632239,0.3620689655172413,0.3211206896551724,0.75
27.0,0.0,7.148148148148148,33.755829903978054,2.962962962962963,24.925925925925927,0.0,1.0,42000019,8,cpu_intensive/batch/interactive,SJF,0.44534050179211493,0.0,0.08602150537634384,0.33512544802867394,0.2383512544802871,0.75
25.0,1.0,6.730769230769231,32.96597633136095,2.9615384615384617,24.64,0.0,1.0,42000019,9,cpu_intensive/batch/interactive,SJF,0.4300567107750473,0.0,0.060491493383742725,0.32608695652173925,0.24102079395085074,0.75
24.0,1.0,6.36,35.3504,2.96,25.166666666666668,0.0,1.0,42000019,10,cpu_intensive/batch/interactive,SJF,0.3274268104776585,0.0,0.1409861325115568,0.36440677966101725,0.3274268104776585,0.75
24.0,0.0,6.208333333333333,28.74826388888889,2.9583333333333335,23.541666666666668,0.0,1.0,42000019,11,cpu_intensive/batch/interactive,SJF,0.22506082725060877,0.0,0.1326034063260345,0.2785888077858884,0.1751824817518251,0.75
20.0,1.0,7.571428571428571,31.768707482993197,3,19.5,0.0,1.0,42000019,12,cpu_intensive/batch/interactive,SJF,0.3077617328519862,0.0,0.2102888086642598,0.3664259927797837,0.25631768953068557,0.75
21.0,0.0,6.809523809523809,29.011337868480727,3,17.904761904761905,0.0,1.0,42000019,13,cpu_intensive/batch/interactive,SJF,0.15595238095238123,0.0,0.1345238095238098,0.32857142857142896,0.11547619047619104,0.75
19.0,1.0,7.15,30.6275,2.95,18.473684210526315,0.0,1.0,42000019,14,cpu_intensive/batch/interactive,SJF,0.1925754060324834,0.0,0.08468677494199545,0.33990719257540614,0.17053364269141524,0.75
19.0,0.0,7.631578947368421,41.49584487534626,3.0526315789473686,17.57894736842105,0.0,1.0,42000019,15,cpu_intensive/batch/interactive,SJF,0.23543689320388286,0.0,0.11650485436893179,0.31796116504854344,0.17961165048543604,0.75
19.0,0.0,6.7368421052631575,35.35180055401662,3.0526315789473686,16.36842105263158,0.0,1.0,42000019,16,cpu_intensive/batch/interactive,SJF,0.19220055710306394,0.0,0.27576601671309176,0.3133704735376043,0.1378830083565454,0.75
18.0,0.0,7,36.888888888888886,2.9444444444444446,16.88888888888889,0.0,1.0,42000019,17,cpu_intensive/batch/interactive,SJF,0.306748466257669,0.0,0.187116564417178,0.2990797546012274,0.25460122699386556,0.75
15.0,0.0,7.066666666666666,30.32888888888889,2.933333333333333,16.333333333333332,0.0,0.0,42000019,18,cpu_intensive/batch/interactive,SJF,0.14726027397260344,0.0,0.16609589041095826,0.3133561643835617,0.1352739726027396,0.75
14.0,0.0,9.285714285714286,34.06122448979592,3,12.785714285714286,0.0,1.0,42000019,19,cpu_intensive/batch/interactive,SJF,0.2985611510791368,0.0,0.019784172661870946,0.3255395683453239,0.15647482014388392,0.75
10.0,0.0,11,14,3.2,14,0.0,0.0,42000019,20,cpu_intensive/batch/interactive,SJF,0.15637860082304647,0.0,0.047325102880658776,0.35596707818929985,0.15637860082304647,0.75
10.0,0.0,9,14,3.2,9,0.0,0.0,42000019,21,cpu_intensive/batch/interactive,SJF,0.2120535714285728,0.0,0.026785714285714298,0.3526785714285721,0.2120535714285728,0.75
10.0,0.0,7,14,3.2,9,0.0,0.0,42000019,22,cpu_intensive/batch/interactive,SRTF,0.2753623188405805,0.10869565217391304,0.0,0.3454106280193242,0.21739130434782608,0.75
9.0,0.0,5.444444444444445,11.358024691358025,3.2222222222222223,8.555555555555555,0.0,0.0,42000019,23,cpu_intensive/batch/interactive,SRTF,0.29487179487179516,0.05128205128204848,0.0,0.29807692307692263,0.20192307692307626,0.75
7.0,0.0,4.142857142857143,8.693877551020408,3.4285714285714284,6.571428571428571,0.0,0.0,42000019,24,cpu_intensive/batch/interactive,SRTF,0.23195876288659684,0.02577319587629147,0.0,0.2164948453608237,0.2113402061855672,0.75
3.0,0.0,3.3333333333333335,1.5555555555555556,3.3333333333333335,2,0.0,0.0,42000019,25,cpu_intensive/batch/interactive,SJF,0.23076923076921563,0.0,0.0,0.30769230769231376,0.07692307692307188,0.75
10.0,3.0,7.230769230769231,95.56213017751479,3.3076923076923075,6.3,13.0,0.1875,42000020,0,mixed/interactive/batch,SJF,0.75,0.0,0.05863595783698923,0.2004920203428592,0.07791530374311181,0.5048495305038019
27.0,1.0,5.892857142857143,51.09566326530612,3.142857142857143,8.37037037037037,15.0,0.2857142857142857,42000020,1,mixed/interactive/batch,SJF,0.6621621621621625,0.21888888888888886,0.2510401310401309,0.33968058968058945,0.5533742833742835,0.8977777777777778
31.0,3.0,7.117647058823529,50.280276816608996,3.1470588235294117,17.258064516129032,6.0,0.4,42000020,2,mixed/interactive/batch,SJF,0.75,0.16715976331360943,0.17489206567329474,0.22443674176776401,0.38383215571257173,0.6420631095341132
31.0,2.0,7,49.81818181818182,3.1818181818181817,26.35483870967742,0.0,1.0,42000020,3,mixed/interactive/batch,SJF,0.7471751412429379,0.25,0.3040865384615381,0.2878605769230768,0.4996638689700133,0.7390400912646679
33.0,0.0,6.484848484848484,43.461891643709826,3.1818181818181817,29.272727272727273,0.0,1.0,42000020,4,mixed/interactive/batch,SJF,0.34815436241610764,0.2272727272727274,0.33968883465527766,0.30620805369127463,0.543624161073825,0.7613636363636369
32.0,0.0,6.28125,43.2646484375,3.25,28.53125,0.0,1.0,42000020,5,mixed/interactive/batch,SJF,0.5,0.0,0.09915014164305971,0.2370160528800755,0.1643059490084989,0.6036355051935792
32.0,0.0,6.1875,39.27734375,3.25,25.21875,0.0,1.0,42000020,6,mixed/interactive/batch,SJF,0.4565217391304339,0.0,0.05152979066022585,0.32447665056360653,0.239130434782608,0.75
32.0,0.0,5.59375,35.2412109375,3.25,26.40625,0.0,1.0,42000020,7,mixed/interactive/batch,SJF,0.5,0.0,0.04199683042789232,0.16244057052297864,0.09270998415213935,0.6295562599049122
27.0,0.0,6.296296296296297,32.50480109739369,3.2962962962962963,26.88888888888889,0.0,1.0,42000020,8,mixed/interactive/batch,SJF,0.4991304347826095,0.0,0.12434782608695627,0.32608695652173897,0.13130434782608713,0.75
26.0,0.0,6.346153846153846,30.534023668639055,3.3076923076923075,25.5,0.0,1.0,42000020,9,mixed/interactive/batch,SJF,0.5,0.0,0.038255033557046444,0.2704697986577179,0.25234899328859084,0.6426174496644298
26.0,0.0,5.653846153846154,26.84171597633136,3.3076923076923075,23.5,0.0,1.0,42000020,10,mixed/interactive/batch,SJF,0.5,0.0,0.03228476821192153,0.26903973509933754,0.11920529801324527,0.6630794701986753
22.0,2.0,5.708333333333333,25.20659722222222,3.4166666666666665,25.09090909090909,0.0,1.0,42000020,11,mixed/interactive/batch,SRTF,0.23125000000000095,0.02708333333333486,0.0,0.3250000000000002,0.46458333333333335,0.75
23.0,0.0,5.043478260869565,26.998109640831757,3.4347826086956523,22.608695652173914,0.0,1.0,42000020,12,mixed/interactive/batch,SJF,0.5,0.0,0.021176470588235134,0.2694117647058815,0.08941176470588152,0.7017647058823523
21.0,1.0,4.545454545454546,22.702479338842974,3.3636363636363638,21.38095238095238,0.0,1.0,42000020,13,mixed/interactive/batch,SJF,0.3687002652519895,0.0,0.13660477453580921,0.2877984084880631,0.25066312997347473,0.75
16.0,1.0,6.352941176470588,51.87543252595156,3.176470588235294,21.3125,0.0,1.0,42000020,14,mixed/interactive/batch,Priority,0.4245562130177514,0.060650887573963676,0.17455621301775,0.3284023668639041,0.0,0.75
14.0,0.0,9.642857142857142,57.37244897959184,3.5,16.071428571428573,0.0,1.0,42000020,15,mixed/interactive/batch,SJF,0.43202416918428876,0.0,0.2114803625377649,0.3610271903323252,0.26888217522658586,0.75
14.0,0.0,9.428571428571429,47.95918367346939,3.5,11.928571428571429,0.0,1.0,42000020,16,mixed/interactive/batch,SJF,0.1964856230031956,0.0,0.22204472843450393,0.3370607028753991,0.11980830670926448,0.75
14.0,0.0,8.714285714285714,42.06122448979592,3.5,11.5,0.0,1.0,42000020,17,mixed/interactive/batch,SJF,0.5,0.0,0.11397849462365606,0.25161290322580604,0.12688172043010842,0.615591397849462
12.0,0.0,10,37.333333333333336,3.25,13.583333333333334,0.0,1.0,42000020,18,mixed/interactive/batch,SJF,0.2659574468085093,0.0,0.1382978723404259,0.3662613981762902,0.1033434650455926,0.75
12.0,0.0,9.75,35.1875,3.25,10.75,0.0,1.0,42000020,19,mixed/interactive/batch,Priority,0.14869888475836515,0.029739776951674464,0.25092936802974075,0.3513011152416349,0.0,0.75
11.0,0.0,8.909090909090908,26.99173553719008,3.3636363636363638,10.545454545454545,0.0,0.0,42000020,20,mixed/interactive/batch,SJF,0.04320987654321026,0.0,0.1851851851851858,0.3456790123456781,0.04115226337448627,0.75
11.0,0.0,8.727272727272727,31.289256198347108,3.3636363636363638,9.727272727272727,0.0,1.0,42000020,21,mixed/interactive/batch,SJF,0.15189873417721558,0.0,0.1814345991561186,0.341772151898733,0.225738396624471,0.75
10.0,0.0,7.7,28.81,3.2,9.9,0.0,0.0,42000020,22,mixed/interactive/batch,SJF,0.15517241379310245,0.0,0.20689655172413757,0.3546798029556637,0.20443349753694579,0.75
9.0,0.0,8.777777777777779,46.17283950617284,3.4444444444444446,8,0.0,1.0,42000020,23,mixed/interactive/batch,SJF,0.18484848484848582,0.0,0.021212121212119402,0.34242424242423997,0.18181818181817969,0.75
7.0,0.0,10.857142857142858,34.97959183673469,3.7142857142857144,6.285714285714286,0.0,1.0,42000020,24,mixed/interactive/batch,SJF,0.1509433962264112,0.0,0.0031446540880474476,0.3301886792452798,0.20754716981131996,0.75
7.0,0.0,8,34,3.7142857142857144,6,0.0,0.0,42000020,25,mixed/interactive/batch,SRTF,0.412000000000003,0.008000000000000432,0.0,0.27199999999999924,0.3680000000000013,0.75
5.0,0.0,7.2,24.96,3.2,4.6,0.0,0.0,42000020,26,mixed/interactive/batch,SRTF,0.3174603174603167,0.015873015873016604,0.0,0.26984126984126694,0.19841269841269987,0.75
3.0,0.0,5.666666666666667,16.88888888888889,3,2.6666666666666665,0.0,0.0,42000020,27,mixed/interactive/batch,SJF,0.44444444444444087,0.0,0.0,0.22222222222220434,0.1666666666666452,0.75
13.0,0.0,1.9230769230769231,0.9940828402366864,3,6.538461538461538,13.0,0.1875,42000021,0,interactive/mixed/cpu_intensive,SJF,0.20854728022560193,0.0,0.12373465695144016,0.1465149070044175,0.2162452931683701,1.0
23.0,2.0,6.36,55.2704,3.08,9.217391304347826,13.0,0.38095238095238093,42000021,1,interactive/mixed/cpu_intensive,SJF,0.3243256139457946,0.11637931034482758,0.17832792552063453,0.29059040590405905,0.514760147601476,0.8283045977011494
27.0,3.0,9.066666666666666,79.79555555555555,2.8,17.555555555555557,6.0,0.4,42000021,2,interactive/mixed/cpu_intensive,SJF,0.638469142776444,0.15077319587628865,0.18850621381160854,0.3210616438356164,0.5419520547945206,0.8324742268041236
30.0,0.0,8.7,78.34333333333333,2.8,22.5,0.0,1.0,42000021,3,interactive/mixed/cpu_intensive,SJF,0.5718978102189781,0.24803149606299213,0.27081441462152994,0.34817518248175183,0.5530978791884591,0.8149606299212598
30.0,0.0,8.2,69.16,2.8,25.566666666666666,0.0,1.0,42000021,4,interactive/mixed/cpu_intensive,SJF,0.3888888888888889,0.0,0.10931899641577061,0.29121863799283154,0.28584229390681004,0.75
26.0,2.0,8.571428571428571,66.88775510204081,2.6785714285714284,25.96153846153846,0.0,1.0,42000021,5,interactive/mixed/cpu_intensive,SJF,0.5,0.0,0.05699855699855701,0.26406926406926406,0.246031746031746,0.6792929292929293
26.0,1.0,8.481481481481481,62.84224965706447,2.7037037037037037,24.423076923076923,0.0,1.0,42000021,6,interactive/mixed/cpu_intensive,SJF,0.09464856230031948,0.0,0.0011980830670926517,0.1409744408945687,0.5,0.4664536741214057
24.0,3.0,8,54.074074074074076,2.7037037037037037,25.333333333333332,0.0,1.0,42000021,7,interactive/mixed/cpu_intensive,SJF,0.35461689587426326,0.0,0.04420432220039293,0.293713163064833,0.2151277013752456,0.75
24.0,0.0,8.25,55.9375,2.6666666666666665,23.333333333333332,0.0,1.0,42000021,8,interactive/mixed/cpu_intensive,SJF,0.2744510978043912,0.0,0.02694610778443114,0.3343313373253493,0.2744510978043912,0.75
24.0,0.0,7.666666666666667,50.55555555555556,2.6666666666666665,21.916666666666668,0.0,1.0,42000021,9,interactive/mixed/cpu_intensive,SJF,0.3419354838709677,0.0,0.00967741935483871,0.3172043010752688,0.2096774193548387,0.75
21.0,1.0,7.954545454545454,47.861570247933884,2.6363636363636362,20.952380952380953,0.0,1.0,42000021,10,interactive/mixed/cpu_intensive,SJF,0.5,0.0,0.006920415224913495,0.3027681660899654,0.3754325259515571,0.7067474048442907
21.0,1.0,7.363636363636363,38.50413223140496,2.6363636363636362,18.571428571428573,0.0,1.0,42000021,11,interactive/mixed/cpu_intensive,SJF,0.3065217391304348,0.0,0.025,0.3065217391304348,0.11304347826086955,0.75
20.0,1.0,7.190476190476191,33.77324263038549,2.7142857142857144,18.35,0.0,1.0,42000021,12,interactive/mixed/cpu_intensive,SRTF,0.3463414634146341,0.0012195121951219512,0.0,0.32439024390243903,0.41707317073170735,0.75
20.0,0.0,6.55,30.4475,2.75,18.65,0.0,1.0,42000021,13,interactive/mixed/cpu_intensive,SJF,0.2163323782234957,0.0,0.03151862464183381,0.2979942693409742,0.3452722063037249,0.75
18.0,0.0,6.333333333333333,31.22222222222222,2.8333333333333335,20.166666666666668,0.0,1.0,42000021,14,interactive/mixed/cpu_intensive,SJF,0.29973118279569894,0.0,0.11827956989247312,0.3118279569892473,0.3481182795698925,0.75
16.0,0.0,5.9375,28.93359375,2.9375,17.5,0.0,1.0,42000021,15,interactive/mixed/cpu_intensive,SJF,0.19718309859154928,0.0,0.2012072434607646,0.26156941649899396,0.5,0.6393360160965794
15.0,0.0,10,68.13333333333334,2.8,12.866666666666667,0.0,1.0,42000021,16,interactive/mixed/cpu_intensive,SJF,0.44883720930232557,0.0,0.10116279069767442,0.19069767441860466,0.5,0.5499999999999999
12.0,0.0,10.833333333333334,60.30555555555556,2.6666666666666665,12.416666666666666,0.0,0.0,42000021,17,interactive/mixed/cpu_intensive,FCFS,0.0,0.02862595419847328,0.08396946564885496,0.31297709923664124,0.5,0.7232824427480916
12.0,0.0,10.5,62.083333333333336,2.6666666666666665,10.916666666666666,0.0,1.0,42000021,18,interactive/mixed/cpu_intensive,SJF,0.43432203389830504,0.0,0.0211864406779661,0.3135593220338983,0.5,0.7309322033898304
11.0,0.0,12.090909090909092,76.62809917355372,2.6363636363636362,9.818181818181818,0.0,1.0,42000021,19,interactive/mixed/cpu_intensive,SJF,0.27734375,0.0,0.142578125,0.330078125,0.263671875,0.75
9.0,0.0,12.666666666666666,57.55555555555556,2.6666666666666665,10.444444444444445,0.0,0.0,42000021,20,interactive/mixed/cpu_intensive,SJF,0.20270270270270271,0.0,0.4099099099099099,0.36261261261261263,0.21396396396396397,0.75
8.0,0.0,11.625,49.484375,2.625,7,0.0,0.0,42000021,21,interactive/mixed/cpu_intensive,SJF,0.20760233918128654,0.0,0.2573099415204678,0.34210526315789475,0.16374269005847952,0.75
7.0,0.0,10.571428571428571,40.244897959183675,2.857142857142857,7,0.0,0.0,42000021,22,interactive/mixed/cpu_intensive,SJF,0.10632183908045975,0.0,0.19540229885057472,0.32471264367816094,0.23563218390804597,0.75
7.0,0.0,7.714285714285714,37.06122448979592,2.857142857142857,6,0.0,0.0,42000021,23,interactive/mixed/cpu_intensive,FCFS,0.0,0.03869047619047619,0.06845238095238096,0.23809523809523808,0.16666666666666666,0.75
7.0,0.0,10.857142857142858,79.26530612244898,2.857142857142857,5.571428571428571,0.0,1.0,42000021,24,interactive/mixed/cpu_intensive,SJF,0.16554054054054054,0.0,0.0,0.21283783783783783,0.5,0.6959459459459459
5.0,0.0,11,59.6,2.8,4,0.0,0.0,42000021,25,interactive/mixed/cpu_intensive,SJF,0.0990990990990991,0.0,0.0,0.23423423423423423,0.38288288288288286,0.75
4.0,0.0,8.75,54.1875,2.5,3,0.0,0.0,42000021,26,interactive/mixed/cpu_intensive,SJF,0.375,0.0,0.0,0.1875,0.375,0.75
1.0,0.0,15,0,1,2,0.0,0.0,42000021,27,interactive/mixed/cpu_intensive,FCFS,0.0,0.0,0.0,0.0,0.0,0.75
11.0,0.0,11.090909090909092,19.90082644628099,3.1818181818181817,8,11.0,0.0,42000022,0,batch/interactive/cpu_intensive,SJF,0.5499999999999998,0.02935010482180294,0.041732283464566575,0.4347331583552054,0.48651100216246523,0.9035639412997902
23.0,0.0,6.304347826086956,32.2117202268431,2.9130434782608696,11.91304347826087,12.0,0.0,42000022,1,batch/interactive/cpu_intensive,SJF,0.6704204204204203,0.09439528023598825,0.13138138138138156,0.3564870179914428,0.47330516357065,0.8259587020648967
26.0,4.0,9.233333333333333,63.97888888888889,3.1333333333333333,18.884615384615383,7.0,0.3,42000022,2,batch/interactive/cpu_intensive,SJF,0.4867518173788979,0.201219512195122,0.2714391262993414,0.3614206128133707,0.5139275766016711,0.8429878048780488
29.0,1.0,8.633333333333333,63.36555555555555,3.1333333333333333,22.517241379310345,0.0,1.0,42000022,3,batch/interactive/cpu_intensive,SJF,0.7142857142857142,0.24319727891156465,0.3178241445832061,0.324966078697422,0.42571234735413827,0.7735579985046936
30.0,0.0,8.1,53.623333333333335,3.1333333333333333,25.966666666666665,0.0,1.0,42000022,4,batch/interactive/cpu_intensive,SJF,0.1434859154929578,0.0,0.10915492957746548,0.29489436619718357,0.1610915492957752,0.75
28.0,1.0,8.413793103448276,53.34601664684899,3.1724137931034484,26.035714285714285,0.0,1.0,42000022,5,batch/interactive/cpu_intensive,SJF,0.3925811437403402,0.0,0.023956723338485145,0.34544049459041737,0.1414219474497679,0.75
28.0,0.0,8.107142857142858,51.23852040816327,3.107142857142857,25.214285714285715,0.0,1.0,42000022,6,batch/interactive/cpu_intensive,SJF,0.27014652014652024,0.0,0.11904761904761932,0.3205128205128206,0.09890109890109941,0.75
27.0,0.0,7.666666666666667,46.666666666666664,3.185185185185185,27.037037037037038,0.0,0.0,42000022,7,batch/interactive/cpu_intensive,SJF,0.13344887348353546,0.0,0.1325823223570189,0.3240901213171579,0.16117850953206286,0.75
25.0,0.0,7.64,48.3904,3.08,24.6,0.0,1.0,42000022,8,batch/interactive/cpu_intensive,SJF,0.1722319859402455,0.0,0.08875219683655508,0.34797891036906875,0.1467486818980669,0.75
24.0,1.0,7.36,42.7104,3.08,24.541666666666668,0.0,1.0,42000022,9,batch/interactive/cpu_intensive,SJF,0.5,0.0,0.03340517241379304,0.1761853448275862,0.084590517241379,0.5193965517241377
24.0,1.0,6.88,39.2256,3.08,23.458333333333332,0.0,1.0,42000022,10,batch/interactive/cpu_intensive,SJF,0.14743589743589794,0.0,0.012820512820513896,0.293803418803419,0.12713675213675293,0.75
23.0,0.0,7.173913043478261,38.40453686200378,3.0869565217391304,21.434782608695652,0.0,1.0,42000022,11,batch/interactive/cpu_intensive,SRTF,0.36091954022988415,0.03333333333333242,0.0,0.3195402298850569,0.1413793103448264,0.75
21.0,0.0,6.904761904761905,35.89569160997733,3.0952380952380953,22.857142857142858,0.0,0.0,42000022,12,batch/interactive/cpu_intensive,SJF,0.28678304239401464,0.0,0.04613466334164558,0.30174563591022413,0.06483790523690741,0.75
17.0,0.0,7.411764705882353,34.00692041522491,3.235294117647059,20.176470588235293,0.0,1.0,42000022,13,batch/interactive/cpu_intensive,SJF,0.20317002881844337,0.0,0.07780979827089242,0.3285302593659939,0.03314121037463912,0.75
16.0,1.0,6.647058823529412,28.93425605536332,3.235294117647059,14.75,0.0,1.0,42000022,14,batch/interactive/cpu_intensive,SJF,0.20179948586118263,0.0,0.11825192802056565,0.35475578406169694,0.08997429305912542,0.75
14.0,1.0,7.2,28.96,3.1333333333333333,16.428571428571427,0.0,1.0,42000022,15,batch/interactive/cpu_intensive,Priority,0.5,0.03370786516853937,0.14044943820224723,0.24494382022471892,0.0,0.6061797752808992
15.0,0.0,6.6,30.24,3.1333333333333333,13.6,0.0,1.0,42000022,16,batch/interactive/cpu_intensive,SJF,0.2500000000000008,0.0,0.1918238993710692,0.3254716981132079,0.11320754716981143,0.75
11.0,1.0,7.583333333333333,25.07638888888889,3.5,17,0.0,0.0,42000022,17,batch/interactive/cpu_intensive,SJF,0.11553784860557811,0.0,0.27091633466135323,0.3107569721115537,0.20318725099601495,0.75
11.0,0.0,7.909090909090909,26.264462809917354,3.6363636363636362,9.272727272727273,0.0,1.0,42000022,18,batch/interactive/cpu_intensive,SJF,0.16816143497757838,0.0,0.20627802690582925,0.3744394618834076,0.16816143497757838,0.75
10.0,0.0,8,19.6,3.5,9.3,0.0,1.0,42000022,19,batch/interactive/cpu_intensive,SJF,0.16826923076923178,0.0,0.13942307692307532,0.36778846153846234,0.09374999999999878,0.75
9.0,0.0,8.333333333333334,19.333333333333332,3.6666666666666665,8,0.0,1.0,42000022,20,batch/interactive/cpu_intensive,SRTF,0.17010309278350672,0.002577319587630914,0.0,0.3324742268041242,0.172680412371135,0.75
7.0,0.0,8,8.857142857142858,3.857142857142857,7.714285714285714,0.0,0.0,42000022,21,batch/interactive/cpu_intensive,SRTF,0.11971830985915431,0.017605633802816528,0.0,0.34507042253521025,0.20866720792591859,0.75
7.0,0.0,5.142857142857143,9.83673469387755,3.857142857142857,6,0.0,0.0,42000022,22,batch/interactive/cpu_intensive,SJF,0.38942307692307443,0.03613199665831343,0.0769230769230773,0.29807692307692185,0.28132430435061895,0.75
4.0,0.0,4,6,3.25,5.75,0.0,0.0,42000022,23,batch/interactive/cpu_intensive,FCFS,0.04207277452891618,0.04207277452891618,0.07500000000001492,0.22500000000000214,0.04207277452891618,0.75
1.0,0.0,12,0,5,2,0.0,1.0,42000022,24,batch/interactive/cpu_intensive,FCFS,0.0,0.0,0.0,0.0,0.0,0.75
12.0,1.0,2.8461538461538463,13.053254437869823,2.5384615384615383,5.083333333333333,13.0,0.2777777777777778,42000023,0,io_intensive/batch/cpu_intensive,SJF,0.23949513601152939,0.18122860745811506,0.2569244280309851,0.2849936948297603,0.25,0.7877747252747253
24.0,2.0,10.23076923076923,59.71597633136095,2.3076923076923075,9.583333333333334,13.0,0.4090909090909091,42000023,1,io_intensive/batch/cpu_intensive,SRTF,0.6965699208443272,0.18297179808815278,0.1717382528079353,0.3265027322404375,0.25,0.7738710584367838
30.0,0.0,11.033333333333333,66.16555555555556,2.466666666666667,17.9,4.0,0.3333333333333333,42000023,2,io_intensive/batch/cpu_intensive,SJF,0.2295571131848464,0.1513381179555018,0.17403314917127075,0.24377031419284953,0.75,0.6970110078233961
30.0,0.0,10.633333333333333,63.632222222222225,2.466666666666667,23.9,0.0,1.0,42000023,3,io_intensive/batch/cpu_intensive,SJF,0.7450980392156863,0.24754901960784328,0.33363443657561287,0.3341523341523341,0.6461916461916464,0.7744194729488847
29.0,1.0,10.033333333333333,61.09888888888889,2.466666666666667,28.17241379310345,0.0,0.0,42000023,4,io_intensive/batch/cpu_intensive,SJF,0.41939711664482265,0.0,0.15268676277850557,0.3623853211009175,0.12123197903014385,0.75
29.0,1.0,9.533333333333333,57.98222222222222,2.466666666666667,27.75862068965517,0.0,1.0,42000023,5,io_intensive/batch/cpu_intensive,SJF,0.13259345794392513,0.0,0.13025700934579443,0.26985981308411233,0.5,0.6425233644859815
28.0,2.0,9.4,51.973333333333336,2.466666666666667,27.321428571428573,0.0,1.0,42000023,6,io_intensive/batch/cpu_intensive,SJF,0.5,0.0,0.07602339181286556,0.3385964912280704,0.4081871345029237,0.7026315789473686
29.0,1.0,9.066666666666666,43.995555555555555,2.466666666666667,25.862068965517242,0.0,1.0,42000023,7,io_intensive/batch/cpu_intensive,SJF,0.3053221288515403,0.0,0.13375350140056033,0.35434173669467783,0.17016806722689043,0.75
30.0,0.0,8.5,44.31666666666667,2.466666666666667,25.533333333333335,0.0,1.0,42000023,8,io_intensive/batch/cpu_intensive,SJF,0.12960687960687908,0.0,0.07862407862407837,0.24201474201474193,0.5,0.6130221130221128
29.0,0.0,8.310344827586206,40.21403091557669,2.5172413793103448,26.310344827586206,0.0,1.0,42000023,9,io_intensive/batch/cpu_intensive,SJF,0.2507886435331228,0.0,0.03706624605678226,0.3399053627760255,0.09542586750788629,0.75
29.0,0.0,7.620689655172414,37.54577883472057,2.5172413793103448,27.275862068965516,0.0,0.0,42000023,10,io_intensive/batch/cpu_intensive,SJF,0.1636807817589576,0.0,0.10260586319218226,0.33143322475570064,0.1644951140065144,0.75
25.0,2.0,8.185185185185185,38.81755829903978,2.4814814814814814,28.72,0.0,1.0,42000023,11,io_intensive/batch/cpu_intensive,SRTF,0.5,0.0028050490883588844,0.0,0.25035063113604494,0.5,0.6504207573632537
25.0,1.0,8.26923076923077,33.1198224852071,2.5384615384615383,26.04,0.0,1.0,42000023,12,io_intensive/batch/cpu_intensive,SRTF,0.5,0.027456647398844347,0.0,0.257947976878613,0.10404624277456626,0.6372832369942194
25.0,1.0,7.6923076923076925,32.21301775147929,2.5384615384615383,23.72,0.0,1.0,42000023,13,io_intensive/batch/cpu_intensive,SRTF,0.21492007104795707,0.05861456483126074,0.0,0.30550621669626987,0.5,0.7171403197158077
22.0,2.0,7.708333333333333,27.20659722222222,2.4583333333333335,24.681818181818183,0.0,1.0,42000023,14,io_intensive/batch/cpu_intensive,SRTF,0.3371369294605804,0.0020746887966803804,0.0,0.3267634854771785,0.12655601659751028,0.75
21.0,0.0,7.904761904761905,20.75283446712018,2.5714285714285716,22.19047619047619,0.0,1.0,42000023,15,io_intensive/batch/cpu_intensive,SRTF,0.008905852417303363,0.01908396946564882,0.0,0.31424936386768454,0.4312977099236638,0.75
20.0,0.0,7.3,19.11,2.45,21.4,0.0,0.0,42000023,16,io_intensive/batch/cpu_intensive,SJF,0.19972067039106256,0.0,0.1229050279329603,0.31284916201117396,0.2513966480446931,0.75
18.0,0.0,7,16.333333333333332,2.4444444444444446,20.77777777777778,0.0,0.0,42000023,17,io_intensive/batch/cpu_intensive,SJF,0.06213872832369963,0.0,0.23843930635838165,0.3005780346820813,0.4450867052023118,0.75
15.0,0.0,7.133333333333334,11.848888888888888,2.6,17.333333333333332,0.0,0.0,42000023,18,io_intensive/batch/cpu_intensive,SJF,0.17222222222222192,0.0,0.28888888888888903,0.3541666666666667,0.36249999999999954,0.75
14.0,0.0,6.785714285714286,8.311224489795919,2.7142857142857144,14.071428571428571,0.0,1.0,42000023,19,io_intensive/batch/cpu_intensive,SJF,0.4711246200607905,0.0,0.17173252279635232,0.3510638297872344,0.45136778115501525,0.75
14.0,0.0,5.357142857142857,8.51530612244898,2.7142857142857144,13.071428571428571,0.0,0.0,42000023,20,io_intensive/batch/cpu_intensive,FCFS,0.0,0.03269230769230749,0.15192307692307655,0.3115384615384623,0.3730769230769237,0.75
13.0,1.0,4.928571428571429,12.637755102040817,2.7142857142857144,13,0.0,0.0,42000023,21,io_intensive/batch/cpu_intensive,SJF,0.4616858237547881,0.0,0.22988505747126464,0.3275862068965515,0.3352490421455932,0.75
11.0,0.0,6,25.09090909090909,3,12.727272727272727,0.0,1.0,42000023,22,io_intensive/batch/cpu_intensive,SJF,0.17489711934156285,0.0,0.18930041152263377,0.3395061728395067,0.34567901234567877,0.75
10.0,0.0,6.7,40.21,2.9,9.1,0.0,1.0,42000023,23,io_intensive/batch/cpu_intensive,SJF,0.2689530685920571,0.0,0.3465703971119128,0.34476534296028866,0.26714801444043296,0.75
9.0,0.0,10.444444444444445,72.46913580246914,2.6666666666666665,8,0.0,1.0,42000023,24,io_intensive/batch/cpu_intensive,SJF,0.1598984771573605,0.0,0.08375634517766503,0.33502538071066096,0.26395939086294484,0.75
7.0,0.0,10.571428571428571,60.816326530612244,2.857142857142857,6.857142857142857,0.0,0.0,42000023,25,io_intensive/batch/cpu_intensive,SJF,0.2093596059113301,0.0,0.029556650246305383,0.3448275862068976,0.10591133004926123,0.75
7.0,0.0,14.428571428571429,45.38775510204081,2.857142857142857,5.857142857142857,0.0,1.0,42000023,26,io_intensive/batch/cpu_intensive,SJF,0.23841059602648923,0.0,0.0,0.31788079470198755,0.23841059602648923,0.75
6.0,0.0,13.333333333333334,27.88888888888889,2.8333333333333335,5.833333333333333,0.0,0.0,42000023,27,io_intensive/batch/cpu_intensive,SJF,0.2781954887218039,0.0,0.0,0.3308270676691731,0.14661654135338462,0.75
6.0,0.0,10,24.333333333333332,2.8333333333333335,5,0.0,0.0,42000023,28,io_intensive/batch/cpu_intensive,SJF,0.14414414414414736,0.0,0.0,0.30630630630630695,0.18468468468468457,0.75
5.0,0.0,8,16.4,2.4,4,0.0,0.0,42000023,29,io_intensive/batch/cpu_intensive,SJF,0.22307692307692523,0.0,0.0,0.32307692307692626,0.22307692307692523,0.75
4.0,0.0,5,7.5,2.75,3,0.0,0.0,42000023,30,io_intensive/batch/cpu_intensive,SJF,0.2045454545454489,0.0,0.0,0.2727272727272833,0.2954545454545511,0.75
1.0,0.0,1,0,3,0,0.0,0.0,42000023,31,io_intensive/batch/cpu_intensive,FCFS,0.0,0.0,0.0,0.0,0.0,0.0
16.0,0.0,10.125,53.984375,2.6875,6.4375,16.0,0.058823529411764705,42000024,0,mixed/cpu_intensive/batch,SJF,0.6261755485893419,0.12042682926829269,0.13031625124244936,0.3330721003134797,0.6208831906109032,0.8315548780487805
25.0,2.0,11.444444444444445,47.65432098765432,3,10.16,11.0,0.15384615384615385,42000024,1,mixed/cpu_intensive/batch,SJF,0.25,0.154111177836599,0.2465540437793659,0.3678526048284624,0.5394622555677837,0.8012170385395538
30.0,0.0,11.433333333333334,40.64555555555555,2.8333333333333335,17.1,3.0,0.5,42000024,2,mixed/cpu_intensive/batch,SJF,0.5472560975609755,0.15000000000000005,0.2690869704749681,0.3414634146341463,0.5879733632862638,0.8421052631578947
30.0,0.0,10.9,40.556666666666665,2.8333333333333335,24.833333333333332,0.0,1.0,42000024,3,mixed/cpu_intensive/batch,SJF,0.25749440914415517,0.18531468531468545,0.2827863760604882,0.3407360406091375,0.75,0.7676910652798983
29.0,1.0,10.333333333333334,37.48888888888889,2.8333333333333335,28.03448275862069,0.0,0.0,42000024,4,mixed/cpu_intensive/batch,SJF,0.257207890743551,0.0,0.04400606980273148,0.3406676783004553,0.32169954476479484,0.75
30.0,0.0,9.666666666666666,36.422222222222224,2.8333333333333335,28,0.0,1.0,42000024,5,mixed/cpu_intensive/batch,SRTF,0.4351687388987566,0.007104795737123056,0.0,0.3152753108348136,0.4111900532859677,0.75
29.0,0.0,9.379310344827585,35.47681331747919,2.8620689655172415,28.17241379310345,0.0,1.0,42000024,6,mixed/cpu_intensive/batch,SJF,0.15562499999999968,0.0,0.10249999999999998,0.33750000000000013,0.5,0.7143750000000004
28.0,1.0,8.89655172413793,30.230677764565993,2.8620689655172415,28.321428571428573,0.0,1.0,42000024,7,mixed/cpu_intensive/batch,SJF,0.359907120743034,0.0,0.10371517027863793,0.3490712074303406,0.37925696594427194,0.75
29.0,0.0,8.413793103448276,27.828775267538646,2.8620689655172415,26,0.0,1.0,42000024,8,mixed/cpu_intensive/batch,SJF,0.5,0.0,0.03949044585987256,0.25923566878980897,0.4484076433121021,0.638535031847134
29.0,0.0,7.724137931034483,29.027348394768133,2.8620689655172415,26.620689655172413,0.0,0.0,42000024,9,mixed/cpu_intensive/batch,SJF,0.27373211963589095,0.0,0.09687906371911591,0.31989596879063753,0.5,0.7018855656697014
29.0,0.0,7.0344827586206895,27.067776456599287,2.8620689655172415,27.482758620689655,0.0,0.0,42000024,10,mixed/cpu_intensive/batch,SJF,0.19650655021834051,0.0,0.09061135371179059,0.2762008733624454,0.5,0.75
27.0,0.0,7.185185185185185,24.669410150891633,2.7777777777777777,28.74074074074074,0.0,1.0,42000024,11,mixed/cpu_intensive/batch,SJF,0.5,0.0,0.026479750778816022,0.22352024922118371,0.4073208722741426,0.6160436137071648
24.0,0.0,7.791666666666667,21.83159722222222,2.625,29.916666666666668,0.0,1.0,42000024,12,mixed/cpu_intensive/batch,SJF,0.2823193916349809,0.0,0.11977186311787022,0.3374524714828897,0.5,0.7442965779467677
24.0,0.0,7.75,21.020833333333332,2.625,24.583333333333332,0.0,1.0,42000024,13,mixed/cpu_intensive/batch,SJF,0.09596928982725567,0.0,0.050863723608444836,0.3282149712092133,0.07869481765834974,0.75
22.0,0.0,7.818181818181818,17.05785123966942,2.6818181818181817,20.681818181818183,0.0,1.0,42000024,14,mixed/cpu_intensive/batch,SJF,0.12030075187969887,0.0,0.18327067669172942,0.355263157894737,0.44360902255639095,0.75
22.0,0.0,6.909090909090909,18.8099173553719,2.6818181818181817,20.90909090909091,0.0,0.0,42000024,15,mixed/cpu_intensive/batch,SJF,0.20272572402044306,0.0,0.19676320272572434,0.36882453151618416,0.20102214650766634,0.75
22.0,0.0,6.090909090909091,15.991735537190083,2.6818181818181817,20,0.0,1.0,42000024,16,mixed/cpu_intensive/batch,SJF,0.14845360824742304,0.0,0.1474226804123707,0.34123711340206203,0.33505154639175205,0.75
20.0,1.0,6.333333333333333,20.603174603174605,2.7142857142857144,21.35,0.0,0.0,42000024,17,mixed/cpu_intensive/batch,SJF,0.18629550321199112,0.0,0.1937901498929327,0.34689507494646654,0.2591006423982869,0.75
20.0,0.0,7.35,23.9275,2.75,19.1,0.0,1.0,42000024,18,mixed/cpu_intensive/batch,SJF,0.1205073995771675,0.0,0.1828752642706128,0.3520084566596198,0.34038054968287534,0.75
20.0,0.0,6.35,25.6275,2.75,18.7,0.0,0.0,42000024,19,mixed/cpu_intensive/batch,SJF,0.21867612293144276,0.0,0.12293144208037851,0.335697399527187,0.23049645390070922,0.75
18.0,0.0,5.888888888888889,22.765432098765434,2.8333333333333335,19.5,0.0,0.0,42000024,20,mixed/cpu_intensive/batch,SJF,0.16708860759493688,0.0,0.09746835443037971,0.32278481012658267,0.21392405063291137,0.75
17.0,0.0,6.352941176470588,20.346020761245676,2.764705882352941,15.764705882352942,0.0,1.0,42000024,21,mixed/cpu_intensive/batch,SJF,0.2215189873417725,0.0,0.11708860759493785,0.31803797468354456,0.19145569620253242,0.75
16.0,0.0,7.0625,40.93359375,2.6875,15.5625,0.0,1.0,42000024,22,mixed/cpu_intensive/batch,SJF,0.30263157894736803,0.0,0.13596491228070054,0.3421052631578949,0.18421052631578935,0.75
12.0,1.0,9.384615384615385,60.082840236686394,2.6153846153846154,16.166666666666668,0.0,0.0,42000024,23,mixed/cpu_intensive/batch,SJF,0.05217391304347778,0.0,0.054347826086955556,0.31304347826087037,0.08913043478260814,0.75
11.0,0.0,10.181818181818182,56.14876033057851,2.3636363636363638,10.545454545454545,0.0,1.0,42000024,24,mixed/cpu_intensive/batch,SJF,0.3792372881355933,0.0,0.004237288135592976,0.34322033898305127,0.06991525423728952,0.75
10.0,0.0,9.3,56.81,2.5,9.4,0.0,0.0,42000024,25,mixed/cpu_intensive/batch,SRTF,0.4787234042553177,0.06382978723404326,0.0,0.3404255319148941,0.12499999999999932,0.75
9.0,0.0,8.11111111111111,56.54320987654321,2.5555555555555554,9.777777777777779,0.0,0.0,42000024,26,mixed/cpu_intensive/batch,SRTF,0.47368421052631726,0.05921052631578952,0.0,0.34210526315789574,0.14802631578947378,0.75
7.0,0.0,7.428571428571429,53.95918367346939,2.4285714285714284,7.571428571428571,0.0,0.0,42000024,27,mixed/cpu_intensive/batch,SRTF,0.5,0.036290322580646406,0.0,0.2258064516129033,0.056451612903225146,0.5806451612903191
4.0,0.0,8.25,55.6875,3,5,0.0,0.0,42000024,28,mixed/cpu_intensive/batch,SJF,0.5,0.0,0.0,0.21951219512195,0.06097560975609583,0.6158536585365834
2.0,0.0,6.5,12.25,4.5,1,0.0,0.0,42000024,29,mixed/cpu_intensive/batch,SJF,0.21875000000000333,0.0,0.0,0.12500000000001865,0.21875000000000333,0.75
11.0,0.0,11.909090909090908,26.082644628099175,2.1818181818181817,8.090909090909092,11.0,0.0,42000025,0,batch/io_intensive/cpu_intensive,SJF,0.7066724436741763,0.13447971781305113,0.18370883882149022,0.40289660379203995,0.4680652221091271,0.904320987654321
24.0,0.0,7.208333333333333,48.998263888888886,2.4166666666666665,11.458333333333334,13.0,0.0,42000025,1,batch/io_intensive/cpu_intensive,SJF,0.42996604414261436,0.1555944055944056,0.23259762308998322,0.35381963819994383,0.5190319018841936,0.8682983682983683
25.0,5.0,9.8,73.36,2.466666666666667,20.12,6.0,0.3333333333333333,42000025,2,batch/io_intensive/cpu_intensive,SJF,0.48160214038401006,0.25,0.38300283286119025,0.3512747875354109,0.3725487881649357,0.8361111111111112
30.0,0.0,9.333333333333334,71.55555555555556,2.466666666666667,21.033333333333335,0.0,1.0,42000025,3,batch/io_intensive/cpu_intensive,SJF,0.75,0.20833333333333331,0.362986553432413,0.24394904458598754,0.3739163128096247,0.6859231245576788
30.0,0.0,8.733333333333333,61.19555555555556,2.466666666666667,24.733333333333334,0.0,1.0,42000025,4,batch/io_intensive/cpu_intensive,SJF,0.21936056838365955,0.0,0.2220248667850796,0.3143872113676737,0.1003552397868558,0.75
27.0,3.0,8.333333333333334,65.42222222222222,2.466666666666667,29.666666666666668,0.0,1.0,42000025,5,batch/io_intensive/cpu_intensive,SJF,0.475150602409638,0.0,0.1099397590361439,0.3207831325301205,0.08207831325301232,0.75
29.0,0.0,8.206896551724139,57.26753864447087,2.413793103448276,25.586206896551722,0.0,1.0,42000025,6,batch/io_intensive/cpu_intensive,SJF,0.5,0.0,0.11582733812949647,0.285611510791367,0.20143884892086272,0.6787769784172659
28.0,1.0,7.655172413793103,52.984542211652794,2.413793103448276,26.714285714285715,0.0,1.0,42000025,7,batch/io_intensive/cpu_intensive,SJF,0.2750836120401345,0.0,0.13712374581939873,0.2968227424749173,0.06020066889632191,0.75
27.0,1.0,7.678571428571429,53.360969387755105,2.4642857142857144,24.14814814814815,0.0,1.0,42000025,8,batch/io_intensive/cpu_intensive,SJF,0.1428571428571431,0.0,0.08766233766233741,0.34415584415584466,0.1428571428571431,0.75
27.0,0.0,7.37037037037037,46.23319615912209,2.4814814814814814,23.037037037037038,0.0,1.0,42000025,9,batch/io_intensive/cpu_intensive,SJF,0.5,0.0,0.07766990291262162,0.19963592233009742,0.14502427184466057,0.5637135922330097
22.0,3.0,8.2,46.8,2.4,27.09090909090909,0.0,1.0,42000025,10,batch/io_intensive/cpu_intensive,SJF,0.2614942528735626,0.0,0.1446360153256698,0.3160919540229889,0.010536398467432529,0.75
23.0,1.0,8.166666666666666,43.388888888888886,2.375,22.52173913043478,0.0,1.0,42000025,11,batch/io_intensive/cpu_intensive,SJF,0.2691489361702131,0.0,0.0925531914893618,0.32340425531914974,0.20638297872340433,0.75
23.0,0.0,7.695652173913044,36.646502835538755,2.391304347826087,20.608695652173914,0.0,1.0,42000025,12,batch/io_intensive/cpu_intensive,SJF,0.34547461368653437,0.0,0.12913907284768167,0.3167770419426054,0.04415011037527541,0.75
21.0,2.0,7.478260869565218,36.4234404536862,2.391304347826087,21.19047619047619,0.0,1.0,42000025,13,batch/io_intensive/cpu_intensive,SJF,0.5,0.0,0.010400000000000072,0.2240000000000005,0.05200000000000036,0.6027999999999999
22.0,1.0,6.739130434782608,30.10586011342155,2.391304347826087,20.5,0.0,1.0,42000025,14,batch/io_intensive/cpu_intensive,SRTF,0.24517906336088124,0.015151515151515436,0.0,0.28236914600551066,0.07713498622589549,0.75
20.0,1.0,6.428571428571429,32.816326530612244,2.2857142857142856,22.35,0.0,1.0,42000025,15,batch/io_intensive/cpu_intensive,Priority,0.5,0.0446808510638301,0.022340425531914503,0.27659574468085135,0.0,0.6808510638297867
19.0,1.0,5.8,28.46,2.35,21.94736842105263,0.0,1.0,42000025,16,batch/io_intensive/cpu_intensive,SJF,0.3062827225130891,0.0,0.1060209424083764,0.3206806282722517,0.11387434554973852,0.75
18.0,0.0,5.888888888888889,32.098765432098766,2.4444444444444446,20.444444444444443,0.0,1.0,42000025,17,batch/io_intensive/cpu_intensive,SJF,0.5,0.0,0.0965770171149142,0.31784841075794706,0.10391198044009717,0.7365525672371634
16.0,0.0,6.75,28.4375,2.5,16.1875,0.0,1.0,42000025,18,batch/io_intensive/cpu_intensive,SJF,0.08978873239436552,0.0,0.19366197183098677,0.2764084507042259,0.19366197183098677,0.75
14.0,0.0,8.142857142857142,24.979591836734695,2.7142857142857144,12.785714285714286,0.0,1.0,42000025,19,batch/io_intensive/cpu_intensive,SJF,0.3057851239669425,0.0,0.04132231404958445,0.30991735537190096,0.3243801652892559,0.75
11.0,0.0,8.545454545454545,18.06611570247934,3,14.363636363636363,0.0,0.0,42000025,20,batch/io_intensive/cpu_intensive,SJF,0.25090909090909164,0.0,0.26545454545454533,0.35636363636363705,0.20363636363636403,0.75
11.0,0.0,11,45.63636363636363,3,9,0.0,1.0,42000025,21,batch/io_intensive/cpu_intensive,SJF,0.2792642140468217,0.0,0.2207357859531783,0.3712374581939805,0.33612040133779275,0.75
11.0,0.0,9.181818181818182,43.421487603305785,3,10,0.0,0.0,42000025,22,batch/io_intensive/cpu_intensive,SJF,0.18143459915611646,0.0,0.2405063291139226,0.32911392405063367,0.26371308016877537,0.75
10.0,0.0,8.1,40.49,3.2,11,0.0,0.0,42000025,23,batch/io_intensive/cpu_intensive,SJF,0.08510638297872285,0.0,0.25265957446808585,0.31648936170212916,0.29787234042553223,0.75
9.0,0.0,6.777777777777778,40.39506172839506,3.2222222222222223,8.222222222222221,0.0,0.0,42000025,24,batch/io_intensive/cpu_intensive,SJF,0.10416666666666556,0.0,0.09114583333333513,0.330729166666669,0.3125000000000011,0.75
8.0,0.0,14.125,97.359375,3.25,6.5,0.0,1.0,42000025,25,batch/io_intensive/cpu_intensive,SRTF,0.264204545454547,0.014204545454547052,0.0,0.29545454545454763,0.36079545454545536,0.75
8.0,0.0,11.625,94.234375,3.25,7,0.0,0.0,42000025,26,batch/io_intensive/cpu_intensive,SRTF,0.3972602739726029,0.017123287671234798,0.0,0.2671232876712348,0.4075342465753426,0.75
6.0,0.0,12.166666666666666,66.80555555555556,3.1666666666666665,5,0.0,0.0,42000025,27,batch/io_intensive/cpu_intensive,SRTF,0.09322033898304599,0.012711864406775386,0.0,0.2627118644067804,0.3008474576271182,0.75
4.0,0.0,13,29,3,4.5,0.0,0.0,42000025,28,batch/io_intensive/cpu_intensive,SJF,0.027027027027025155,0.0,0.0,0.2972972972972998,0.16216216216216248,0.75
3.0,0.0,10.666666666666666,24.88888888888889,2.6666666666666665,3.3333333333333335,0.0,0.0,42000025,29,batch/io_intensive/cpu_intensive,SJF,0.29268292682927083,0.0,0.0,0.24390243902439585,0.24390243902439585,0.75
2.0,0.0,6,4,2.5,1,0.0,0.0,42000025,30,batch/io_intensive/cpu_intensive,SJF,0.5,0.0,0.0,0.5,0.0,0.37499999999995737
10.0,3.0,2.1538461538461537,0.7455621301775148,3.4615384615384617,8.2,13.0,0.13333333333333333,42000026,0,io_intensive/mixed/cpu_intensive,SJF,0.6521329987452948,0.04453125,0.09473023839397741,0.2044345984943538,0.6781250000000001,0.7200066656210791
24.0,1.0,6.16,50.0544,3.2,8.875,12.0,0.4782608695652174,42000026,1,io_intensive/mixed/cpu_intensive,SJF,0.75,0.11507128309572301,0.2625503748320839,0.2765957446808511,0.5816007279975733,0.7314718117606275
32.0,0.0,9.15625,84.9443359375,3.125,16.125,7.0,0.4166666666666667,42000026,2,io_intensive/mixed/cpu_intensive,SJF,0.682599455967358,0.17941176470588235,0.32754165249914996,0.3041907514450867,0.75,0.8398588915334919
30.0,2.0,9.09375,82.5224609375,3.125,24.233333333333334,0.0,1.0,42000026,3,io_intensive/mixed/cpu_intensive,SJF,0.75,0.2301829268292683,0.35000000000000003,0.26,0.5964024390243903,0.6842073170731707
31.0,1.0,8.5,78,3.125,28.322580645161292,0.0,1.0,42000026,4,io_intensive/mixed/cpu_intensive,SJF,0.48464912280701755,0.23809523809523808,0.4366776315789474,0.2878289473684211,0.7380952380952381,0.7653900375939849
30.0,2.0,8.28125,70.7646484375,3.125,27.566666666666666,0.0,1.0,42000026,5,io_intensive/mixed/cpu_intensive,SJF,0.4101620029455081,0.0,0.17820324005891017,0.2916053019145803,0.5,0.7036082474226804
30.0,2.0,8.15625,69.2568359375,3.125,27.733333333333334,0.0,1.0,42000026,6,io_intensive/mixed/cpu_intensive,SJF,0.5,0.0,0.03806451612903226,0.23032258064516128,0.3606451612903226,0.6235483870967742
31.0,1.0,7.71875,62.2021484375,3.125,26.838709677419356,0.0,1.0,42000026,7,io_intensive/mixed/cpu_intensive,SJF,0.5,0.0,0.1323529411764706,0.26143790849673204,0.39869281045751637,0.7189542483660131
29.0,2.0,7.903225806451613,55.57127991675338,3.129032258064516,27.482758620689655,0.0,1.0,42000026,8,io_intensive/mixed/cpu_intensive,SJF,0.44539249146757687,0.0,0.1757679180887372,0.3165529010238908,0.4445392491467577,0.75
28.0,1.0,7.931034482758621,58.89179548156956,3.0344827586206895,29.25,0.0,1.0,42000026,9,io_intensive/mixed/cpu_intensive,SJF,0.5,0.0,0.046465968586387435,0.23363874345549734,0.2460732984293194,0.6119109947643979
28.0,0.0,7.571428571428571,51.95918367346939,2.9642857142857144,27.428571428571427,0.0,1.0,42000026,10,io_intensive/mixed/cpu_intensive,SJF,0.5,0.0,0.0355297157622739,0.1925064599483204,0.23320413436692505,0.5691214470284237
26.0,1.0,7.333333333333333,52.148148148148145,3,28.807692307692307,0.0,1.0,42000026,11,io_intensive/mixed/cpu_intensive,SRTF,0.3412863070539419,0.025933609958506226,0.0,0.27593360995850624,0.35269709543568467,0.75
21.0,4.0,7.56,49.8464,2.88,26,0.0,1.0,42000026,12,io_intensive/mixed/cpu_intensive,SJF,0.5,0.0,0.06891271056661562,0.22588055130168452,0.25114854517611024,0.6060490045941807
24.0,0.0,7.083333333333333,42.49305555555556,2.9583333333333335,22.125,0.0,1.0,42000026,13,io_intensive/mixed/cpu_intensive,SJF,0.36850152905198774,0.0,0.07951070336391437,0.25688073394495414,0.37920489296636084,0.75
21.0,0.0,7.476190476190476,42.63038548752834,2.9047619047619047,22.80952380952381,0.0,1.0,42000026,14,io_intensive/mixed/cpu_intensive,SJF,0.5,0.0,0.06547619047619048,0.2718253968253968,0.22817460317460317,0.6646825396825397
21.0,0.0,6.619047619047619,37.28344671201814,2.9047619047619047,19.80952380952381,0.0,1.0,42000026,15,io_intensive/mixed/cpu_intensive,SJF,0.2630208333333333,0.0,0.00390625,0.3098958333333333,0.3111979166666667,0.75
20.0,0.0,6.4,37.14,2.9,18.3,0.0,1.0,42000026,16,io_intensive/mixed/cpu_intensive,SJF,0.5,0.0,0.07110091743119266,0.2694954128440367,0.2511467889908257,0.6926605504587156
17.0,0.0,7.705882352941177,45.3840830449827,2.7058823529411766,17.235294117647058,0.0,1.0,42000026,17,io_intensive/mixed/cpu_intensive,SJF,0.4423791821561338,0.0,0.06319702602230483,0.28810408921933084,0.1412639405204461,0.75
15.0,0.0,7.4,44.373333333333335,2.6,15.4,0.0,0.0,42000026,18,io_intensive/mixed/cpu_intensive,SJF,0.37576687116564417,0.0,0.21319018404907975,0.3236196319018405,0.1579754601226994,0.75
12.0,1.0,9.538461538461538,42.094674556213015,2.5384615384615383,14,0.0,1.0,42000026,19,io_intensive/mixed/cpu_intensive,SJF,0.23665480427046262,0.0,0.20640569395017794,0.3469750889679715,0.298932384341637,0.75
11.0,1.0,10.916666666666666,21.90972222222222,2.5,10.909090909090908,0.0,1.0,42000026,20,io_intensive/mixed/cpu_intensive,SJF,0.26548672566371684,0.0,0.35693215339233036,0.37905604719764013,0.14454277286135694,0.75
12.0,0.0,11.333333333333334,32.888888888888886,2.5,10.583333333333334,0.0,1.0,42000026,21,io_intensive/mixed/cpu_intensive,SJF,0.20454545454545456,0.0,0.4527972027972028,0.3531468531468531,0.20454545454545456,0.75
11.0,0.0,10.545454545454545,26.24793388429752,2.6363636363636362,11.818181818181818,0.0,0.0,42000026,22,io_intensive/mixed/cpu_intensive,SJF,0.25257731958762886,0.0,0.5,0.2646048109965636,0.10824742268041238,0.6469072164948453
11.0,0.0,8.727272727272727,24.198347107438018,2.6363636363636362,10,0.0,0.0,42000026,23,io_intensive/mixed/cpu_intensive,SJF,0.312280701754386,0.0,0.5,0.312280701754386,0.18421052631578946,0.6973684210526315
11.0,0.0,6.909090909090909,22.446280991735538,2.6363636363636362,10,0.0,0.0,42000026,24,io_intensive/mixed/cpu_intensive,SJF,0.24901960784313726,0.0,0.3980392156862745,0.34901960784313724,0.24117647058823533,0.75
11.0,0.0,6.2727272727272725,24.380165289256198,2.6363636363636362,9.818181818181818,0.0,1.0,42000026,25,io_intensive/mixed/cpu_intensive,SJF,0.29446640316205536,0.0,0.191699604743083,0.34782608695652173,0.22727272727272727,0.75
11.0,0.0,8.454545454545455,59.15702479338843,2.6363636363636362,8.818181818181818,0.0,1.0,42000026,26,io_intensive/mixed/cpu_intensive,SJF,0.3659574468085106,0.0,0.16382978723404254,0.3404255319148936,0.2404255319148936,0.75
9.0,0.0,11.11111111111111,81.20987654320987,2.5555555555555554,10.222222222222221,0.0,1.0,42000026,27,io_intensive/mixed/cpu_intensive,SJF,0.25598086124401914,0.0,0.01674641148325359,0.3444976076555024,0.18660287081339713,0.75
7.0,0.0,14.428571428571429,50.816326530612244,2.4285714285714284,6.428571428571429,0.0,1.0,42000026,28,io_intensive/mixed/cpu_intensive,SJF,0.22108843537414963,0.0,0.0,0.3333333333333333,0.08503401360544217,0.75
7.0,0.0,11.571428571428571,46.816326530612244,2.4285714285714284,6,0.0,0.0,42000026,29,io_intensive/mixed/cpu_intensive,SJF,0.19924812030075187,0.0,0.0,0.3458646616541353,0.19924812030075187,0.75
6.0,0.0,10,32,2.5,5,0.0,0.0,42000026,30,io_intensive/mixed/cpu_intensive,SJF,0.33505154639175255,0.0,0.005154639175257732,0.36597938144329895,0.20103092783505155,0.75
5.0,0.0,8.2,19.76,2.4,4,0.0,0.0,42000026,31,io_intensive/mixed/cpu_intensive,SRTF,0.3402777777777778,0.006944444444444444,0.0,0.3402777777777778,0.10416666666666667,0.75
4.0,0.0,5.25,13.1875,2.75,3,0.0,0.0,42000026,32,io_intensive/mixed/cpu_intensive,SRTF,0.34146341463414637,0.012195121951219513,0.0,0.21951219512195125,0.2682926829268293,0.75
1.0,0.0,1,0,3,0,0.0,0.0,42000026,33,io_intensive/mixed/cpu_intensive,FCFS,0.0,0.0,0.0,0.0,0.0,0.0
11.0,0.0,10,12.909090909090908,3.727272727272727,8.090909090909092,11.0,0.0,42000027,0,batch/interactive/mixed,SJF,0.25,0.12116914258977685,0.21662621359223308,0.43399081763949,0.6208109135571414,0.8878012048192772
22.0,1.0,5.391304347826087,13.890359168241966,3.0869565217391304,11.590909090909092,12.0,0.0,42000027,1,batch/interactive/mixed,SJF,0.5333065810593897,0.10874439461883408,0.24317817014446275,0.3950822002605645,0.6832959641255605,0.8941095811529632
32.0,2.0,6.323529411764706,40.51297577854671,3.1470588235294117,18.6875,11.0,0.21428571428571427,42000027,2,batch/interactive/mixed,SJF,0.33613579370026225,0.09773218142548604,0.1193139448173004,0.21012251905753576,0.75,0.6191987862447516
34.0,0.0,5.911764705882353,39.02162629757785,3.1470588235294117,24.470588235294116,0.0,1.0,42000027,3,batch/interactive/mixed,SJF,0.75,0.14351851851851852,0.2005783086841109,0.20733788395904423,0.6263114650486665,0.617207053469852
32.0,2.0,5.5588235294117645,34.128892733564015,3.1470588235294117,31.84375,0.0,1.0,42000027,4,batch/interactive/mixed,SJF,0.720095979015768,0.25,0.2903663298458973,0.3048973143759872,0.6741706161137437,0.8301886792452831
33.0,1.0,5.4411764705882355,32.54065743944636,3.1470588235294117,29.484848484848484,0.0,1.0,42000027,5,batch/interactive/mixed,SJF,0.2735690235690238,0.0,0.09764309764309738,0.2971380471380471,0.43181818181818193,0.75
34.0,0.0,5.264705882352941,31.076989619377162,3.1470588235294117,28.794117647058822,0.0,1.0,42000027,6,batch/interactive/mixed,SJF,0.5,0.0,0.05057803468208055,0.1917148362235065,0.43304431599229287,0.5539499036608864
33.0,0.0,5.03030303030303,26.271808999081728,3.090909090909091,28.272727272727273,0.0,1.0,42000027,7,batch/interactive/mixed,SJF,0.2806236080178173,0.0,0.04231625835189337,0.1681514476614699,0.5,0.5601336302895322
30.0,1.0,4.967741935483871,26.740894901144642,3.129032258064516,29.5,0.0,1.0,42000027,8,batch/interactive/mixed,SJF,0.2086406743940993,0.0,0.05848261327713419,0.21443624868282407,0.5,0.5771865121180193
30.0,0.0,4.533333333333333,28.182222222222222,3.2,28.533333333333335,0.0,1.0,42000027,9,batch/interactive/mixed,SJF,0.5,0.0,0.10116959064327483,0.21520467836257287,0.4461988304093566,0.5862573099415203
29.0,1.0,4.133333333333334,23.715555555555557,3.2,29.379310344827587,0.0,1.0,42000027,10,batch/interactive/mixed,SJF,0.2678369195922988,0.0,0.15798414496036212,0.21574178935447313,0.5,0.602208380520951
27.0,1.0,4.142857142857143,23.979591836734695,3.1785714285714284,26.77777777777778,0.0,1.0,42000027,11,batch/interactive/mixed,SJF,0.2496774193548384,0.0,0.0883870967741934,0.21935483870967726,0.5,0.6119354838709674
26.0,1.0,3.925925925925926,21.920438957475994,3.185185185185185,22.384615384615383,0.0,1.0,42000027,12,batch/interactive/mixed,SJF,0.5,0.0,0.039660056657223844,0.15793201133144477,0.3512747875354106,0.5389518413597733
23.0,2.0,4.32,30.6176,3.16,23.91304347826087,0.0,1.0,42000027,13,batch/interactive/mixed,SJF,0.22645290581162356,0.0,0.08617234468937895,0.2334669338677352,0.5,0.671843687374749
20.0,2.0,4.681818181818182,33.39876033057851,3.272727272727273,21.4,0.0,1.0,42000027,14,batch/interactive/mixed,SJF,0.5,0.0,0.035874439461884566,0.19170403587443963,0.41143497757847575,0.6278026905829595
15.0,1.0,5.4375,30.12109375,3.25,19.066666666666666,0.0,1.0,42000027,15,batch/interactive/mixed,SJF,0.3729838709677426,0.0,0.1088709677419357,0.2620967741935483,0.43548387096774205,0.75
14.0,0.0,6.5,37.25,3.357142857142857,13.857142857142858,0.0,1.0,42000027,16,batch/interactive/mixed,SJF,0.2253787878787873,0.0,0.04924242424242545,0.2878787878787874,0.40340909090909116,0.75
13.0,0.0,7.3076923076923075,32.21301775147929,3.230769230769231,10.23076923076923,0.0,1.0,42000027,17,batch/interactive/mixed,SJF,0.5,0.0,0.07738095238095333,0.323412698412698,0.3432539682539689,0.7420634920634916
10.0,1.0,8.636363636363637,30.231404958677686,3.1818181818181817,11.6,0.0,1.0,42000027,18,batch/interactive/mixed,SJF,0.3479020979020975,0.0,0.1625874125874136,0.3758741258741257,0.3566433566433571,0.75
10.0,1.0,7.181818181818182,24.14876033057851,3.1818181818181817,9.2,0.0,1.0,42000027,19,batch/interactive/mixed,SJF,0.2603686635944704,0.0,0.07373271889400877,0.31797235023041426,0.2557603686635946,0.75
10.0,0.0,6.6,18.44,3.1,8.4,0.0,1.0,42000027,20,batch/interactive/mixed,SJF,0.3095238095238101,0.0,0.029761904761906474,0.3095238095238101,0.09523809523809497,0.75
6.0,1.0,9.428571428571429,18.816326530612244,3.2857142857142856,8.5,0.0,0.0,42000027,21,batch/interactive/mixed,SJF,0.3333333333333313,0.0,0.06201550387596775,0.3294573643410838,0.18604651162790925,0.75
7.0,0.0,6.571428571428571,19.959183673469386,3.2857142857142856,6,0.0,1.0,42000027,22,batch/interactive/mixed,SJF,0.037634408602151455,0.0,0.08064516129032158,0.2741935483870954,0.25806451612903525,0.75
5.0,0.0,5.2,26.96,2.6,7.6,0.0,0.0,42000027,23,batch/interactive/mixed,SRTF,0.43137254901960587,0.17658199643494346,0.0,0.30392156862745123,0.4314839572192527,0.75
2.0,0.0,12,9,2.5,2,0.0,1.0,42000027,24,batch/interactive/mixed,FCFS,0.0,0.0,0.0,0.5,0.0,0.4375000000000302
1.0,0.0,5,0,4,0,0.0,0.0,42000027,25,batch/interactive/mixed,FCFS,0.0,0.0,0.0,0.0,0.0,0.0
13.0,1.0,2.0714285714285716,1.2091836734693877,3.2142857142857144,6.153846153846154,14.0,0.2222222222222222,42000028,0,io_intensive/interactive/cpu_intensive,SJF,0.35777540677514,0.21304347826086956,0.24286476393704987,0.2656441717791411,0.46352360629501194,1.0
22.0,3.0,2.44,4.8864,3.36,10.590909090909092,11.0,0.3888888888888889,42000028,1,io_intensive/interactive/cpu_intensive,SJF,0.14797477331520786,0.08481262327416174,0.15151529259136837,0.14988198269079464,0.75,0.5868276854175298
30.0,2.0,6.4375,56.55859375,3.1875,15.333333333333334,7.0,0.6111111111111112,42000028,2,io_intensive/interactive/cpu_intensive,Round Robin,0.36130715548819,0.2032967032967033,0.24788824681066057,0.19073275862068967,0.75,0.614259662751042
31.0,1.0,6.15625,50.6943359375,3.1875,21.451612903225808,0.0,1.0,42000028,3,io_intensive/interactive/cpu_intensive,SJF,0.6338750187434398,0.25,0.4560466336782126,0.33903133903133903,0.6338750187434398,0.8223684210526316
32.0,0.0,5.75,46.25,3.1875,25.71875,0.0,1.0,42000028,4,io_intensive/interactive/cpu_intensive,SJF,0.1646090534979424,0.0,0.10617283950617284,0.17695473251028807,0.5,0.5335390946502058
31.0,0.0,5.774193548387097,48.174817898022894,3.161290322580645,26.838709677419356,0.0,1.0,42000028,5,io_intensive/interactive/cpu_intensive,SJF,0.49863138686131386,0.0,0.0739051094890511,0.17107664233576642,0.5,0.5301094890510949
30.0,0.0,5.633333333333334,41.43222222222222,3.1333333333333333,27.033333333333335,0.0,1.0,42000028,6,io_intensive/interactive/cpu_intensive,SJF,0.5,0.0,0.08658008658008658,0.19480519480519481,0.2784992784992785,0.5883838383838383
26.0,2.0,5.821428571428571,39.14668367346939,3.142857142857143,27.153846153846153,0.0,1.0,42000028,7,io_intensive/interactive/cpu_intensive,SJF,0.15311804008908686,0.0,0.04510022271714922,0.1714922048997773,0.5,0.544543429844098
25.0,1.0,5.961538461538462,38.80621301775148,3.076923076923077,23.96,0.0,1.0,42000028,8,io_intensive/interactive/cpu_intensive,SJF,0.4497950819672131,0.0,0.08504098360655737,0.29405737704918034,0.38934426229508196,0.75
25.0,0.0,5.48,32.6496,3.08,22.48,0.0,1.0,42000028,9,io_intensive/interactive/cpu_intensive,SJF,0.1176,0.0,0.0656,0.1392,0.5,0.5379999999999999
19.0,2.0,6.190476190476191,35.01133786848072,2.8095238095238093,23.894736842105264,0.0,1.0,42000028,10,io_intensive/interactive/cpu_intensive,SJF,0.5,0.0,0.021739130434782608,0.2490118577075099,0.5,0.6383399209486166
18.0,1.0,5.947368421052632,28.89196675900277,2.6842105263157894,20.833333333333332,0.0,1.0,42000028,11,io_intensive/interactive/cpu_intensive,SRTF,0.16997518610421836,0.03970223325062035,0.0,0.2518610421836228,0.5,0.6581885856079405
17.0,0.0,5.588235294117647,34.00692041522491,2.4705882352941178,17.352941176470587,0.0,1.0,42000028,12,io_intensive/interactive/cpu_intensive,SJF,0.4487804878048781,0.0,0.03536585365853658,0.2451219512195122,0.5,0.6353658536585366
15.0,0.0,5.266666666666667,26.32888888888889,2.4,14,0.0,1.0,42000028,13,io_intensive/interactive/cpu_intensive,SJF,0.4226415094339623,0.0,0.022641509433962263,0.21509433962264152,0.5,0.6745283018867925
12.0,0.0,6.833333333333333,22.305555555555557,2.4166666666666665,10.916666666666666,0.0,1.0,42000028,14,io_intensive/interactive/cpu_intensive,SRTF,0.14035087719298245,0.07309941520467836,0.0,0.28362573099415206,0.5,0.7441520467836257
9.0,0.0,7.222222222222222,17.728395061728396,2.5555555555555554,9.333333333333334,0.0,1.0,42000028,15,io_intensive/interactive/cpu_intensive,SJF,0.35714285714285715,0.0,0.16233766233766234,0.29545454545454547,0.23376623376623376,0.75
7.0,0.0,6.428571428571429,11.959183673469388,2.5714285714285716,8.857142857142858,0.0,0.0,42000028,16,io_intensive/interactive/cpu_intensive,SJF,0.2920353982300885,0.0,0.3141592920353982,0.2920353982300885,0.26548672566371684,0.75
5.0,0.0,4.8,2.56,2.2,4,0.0,0.0,42000028,17,io_intensive/interactive/cpu_intensive,SJF,0.08450704225352113,0.0,0.14084507042253522,0.28169014084507044,0.06338028169014084,0.75
4.0,0.0,14.25,138.1875,2.5,2,0.0,1.0,42000028,18,io_intensive/interactive/cpu_intensive,SJF,0.2314814814814815,0.0,0.0,0.2962962962962963,0.25,0.75
2.0,0.0,18,0,2,1,0.0,0.0,42000028,19,io_intensive/interactive/cpu_intensive,FCFS,0.0,0.0,0.0,0.5,0.0,0.5
2.0,0.0,8,0,2,1,0.0,0.0,42000028,20,io_intensive/interactive/cpu_intensive,FCFS,0.0,0.0,0.0,0.5,0.0,0.33333333333333337
15.0,0.0,9.466666666666667,96.64888888888889,2.6,6.866666666666666,15.0,0.16666666666666666,42000029,0,mixed/io_intensive/interactive,SJF,0.7861616462869077,0.06237113402061857,0.15606694560669446,0.2452271060691022,0.4178428158564466,0.6536017771643012
23.0,1.0,6.583333333333333,60.65972222222222,3.1666666666666665,13.478260869565217,10.0,0.16666666666666666,42000029,1,mixed/io_intensive/interactive,SJF,0.4940427946182522,0.07370184254606364,0.2067448680351906,0.3930453833193336,0.5762463343108502,0.8488274706867671
34.0,1.0,5.0285714285714285,45.1134693877551,3,17.705882352941178,11.0,0.26666666666666666,42000029,2,mixed/io_intensive/interactive,SJF,0.737467018469657,0.07321899736147762,0.16496163682864448,0.26076496905978175,0.47506393861892554,0.6715809990395147
33.0,2.0,4.714285714285714,38.26122448979592,3,24.606060606060606,0.0,1.0,42000029,3,mixed/io_intensive/interactive,SJF,0.5141643059490085,0.1176470588235295,0.33262789535077464,0.3031161473087818,0.5148183636060658,0.8617647058823528
33.0,2.0,4.6571428571428575,36.51102040816327,3,28.12121212121212,0.0,1.0,42000029,4,mixed/io_intensive/interactive,SJF,0.34926470588235314,0.03750000000000028,0.3529411764705887,0.3198529411764704,0.5911764705882354,0.8500000000000005
28.0,7.0,4.6571428571428575,36.453877551020405,3,32.5,0.0,1.0,42000029,5,mixed/io_intensive/interactive,SJF,0.5361616462869077,0.0,0.04487179487179463,0.21336996336996333,0.25045787545787546,0.5641025641025641
33.0,2.0,4.257142857142857,30.819591836734695,3,27.818181818181817,0.0,1.0,42000029,6,mixed/io_intensive/interactive,SJF,0.2377850162866444,0.0,0.1408794788273613,0.276872964169381,0.36156351791530916,0.75
29.0,3.0,4.25,32.25,3.03125,31.93103448275862,0.0,1.0,42000029,7,mixed/io_intensive/interactive,SJF,0.5,0.0,0.13894422310756968,0.2345617529880477,0.2768924302788843,0.6115537848605577
29.0,2.0,4.387096774193548,30.753381893860563,2.967741935483871,29.06896551724138,0.0,1.0,42000029,8,mixed/io_intensive/interactive,SJF,0.21328671328671317,0.0,0.13586413586413598,0.21528471528471532,0.5,0.5886613386613386
29.0,2.0,4.290322580645161,26.46409989594173,2.967741935483871,25.379310344827587,0.0,1.0,42000029,9,mixed/io_intensive/interactive,SJF,0.29069767441860495,0.0,0.22356714570083022,0.2923588039867109,0.2915282392026579,0.75
27.0,2.0,4.655172413793103,25.398335315101072,3.0344827586206895,22.88888888888889,0.0,1.0,42000029,10,mixed/io_intensive/interactive,SJF,0.4494892167990919,0.0,0.07037457434733277,0.22020431328036325,0.5,0.5797389330306468
27.0,1.0,4.464285714285714,22.963010204081634,3,23.77777777777778,0.0,1.0,42000029,11,mixed/io_intensive/interactive,SJF,0.5,0.0,0.014227642276422857,0.1944444444444446,0.47154471544715454,0.5718157181571819
26.0,0.0,4.076923076923077,22.45562130177515,3.0384615384615383,24.692307692307693,0.0,1.0,42000029,12,mixed/io_intensive/interactive,SJF,0.5,0.0,0.03956043956043953,0.2296703296703297,0.2417582417582422,0.698351648351648
23.0,1.0,3.75,23.1875,3.0833333333333335,22.043478260869566,0.0,1.0,42000029,13,mixed/io_intensive/interactive,SJF,0.26850393700787395,0.0,0.05196850393700738,0.2228346456692913,0.5,0.5988188976377957
19.0,3.0,3.772727272727273,19.630165289256198,3.0454545454545454,22.263157894736842,0.0,1.0,42000029,14,mixed/io_intensive/interactive,SJF,0.4454148471615711,0.0,0.13755458515283836,0.20305676855895172,0.5,0.6299126637554582
15.0,3.0,4.777777777777778,17.617283950617285,3.2222222222222223,15.866666666666667,0.0,1.0,42000029,15,mixed/io_intensive/interactive,SJF,0.5,0.0,0.01776649746192828,0.2677664974619287,0.5,0.6916243654822338
15.0,2.0,4.235294117647059,12.768166089965398,3.235294117647059,14.333333333333334,0.0,1.0,42000029,16,mixed/io_intensive/interactive,SJF,0.17826086956521753,0.0,0.05217391304347916,0.2507246376811597,0.5,0.6659420289855068
14.0,2.0,3.625,11.734375,3.25,16.928571428571427,0.0,1.0,42000029,17,mixed/io_intensive/interactive,SRTF,0.4581395348837207,0.05961365732873598,0.031706680584551394,0.23488372093023258,0.5,0.75
9.0,0.0,4.666666666666667,7.111111111111111,3,11.333333333333334,0.0,1.0,42000029,18,mixed/io_intensive/interactive,SJF,0.23913043478260898,0.0361616462869077,0.05065439991009576,0.23188405797101347,0.5361616462869077,0.6920289855072448
7.0,1.0,3.875,3.609375,2.875,6.285714285714286,0.0,1.0,42000029,19,mixed/io_intensive/interactive,SRTF,0.26785714285714396,0.045992394870265386,0.031706680584551394,0.2285714285714283,0.5632812500000001,0.700000000000001
5.0,0.0,2.2,1.36,2.6,5.4,0.0,1.0,42000029,20,mixed/io_intensive/interactive,SRTF,0.27976190476190754,0.005952380952386869,0.0,0.17857142857143066,0.42857142857142577,0.75
2.0,0.0,19,9,1.5,1.5,0.0,1.0,42000029,21,mixed/io_intensive/interactive,FCFS,0.0,0.0,0.0,0.3181818181818157,0.13636363636363127,0.75
2.0,0.0,9,9,1.5,1,0.0,0.0,42000029,22,mixed/io_intensive/interactive,FCFS,0.0,0.0,0.0,0.15384615384616232,0.23076923076925138,0.75
11.0,0.0,10.818181818181818,12.87603305785124,3.1818181818181817,8,11.0,0.0,42000030,0,batch/mixed/cpu_intensive,SJF,0.40653001792114707,0.053931451612903226,0.08564814814814825,0.39635603345280745,0.5405092592592592,0.8346774193548387
25.0,0.0,10.64,49.1104,2.92,11.44,14.0,0.0,42000030,1,batch/mixed/cpu_intensive,SJF,0.7179261862917401,0.06756756756756754,0.07110402911699037,0.23022847100175725,0.6689189189189189,0.6197246235690874
30.0,0.0,11.766666666666667,64.31222222222222,3.1,18.866666666666667,5.0,0.2857142857142857,42000030,2,batch/mixed/cpu_intensive,SJF,0.4624154991672382,0.15534682080924853,0.1755698703504132,0.25035310734463273,0.75,0.6193196662421214
30.0,0.0,11.266666666666667,64.92888888888889,3.1,23.8,0.0,1.0,42000030,3,batch/mixed/cpu_intensive,SJF,0.6732754426931307,0.21527777777777768,0.23514545631445774,0.2443082311733799,0.75,0.6404188558085229
30.0,0.0,10.6,55.24,3.1,26.733333333333334,0.0,1.0,42000030,4,batch/mixed/cpu_intensive,SJF,0.015781922525107447,0.0,0.04878048780487774,0.35007173601147756,0.16212338593974188,0.75
28.0,1.0,10.448275862068966,53.69560047562425,3.103448275862069,27.714285714285715,0.0,1.0,42000030,5,batch/mixed/cpu_intensive,SJF,0.27722007722007713,0.0,0.11389961389961403,0.25057915057915037,0.5,0.5789575289575289
29.0,0.0,9.827586206896552,56.48751486325803,3.103448275862069,26.620689655172413,0.0,1.0,42000030,6,batch/mixed/cpu_intensive,SJF,0.14598880597014924,0.0,0.06716417910447774,0.25466417910447736,0.5,0.5993470149253731
28.0,1.0,9.551724137931034,45.833531510107015,3.103448275862069,27.321428571428573,0.0,1.0,42000030,7,batch/mixed/cpu_intensive,SJF,0.07718696397941693,0.0,0.09262435677530004,0.32933104631217835,0.07718696397941693,0.75
28.0,1.0,9.03448275862069,46.92984542211653,3.103448275862069,26.785714285714285,0.0,1.0,42000030,8,batch/mixed/cpu_intensive,SJF,0.29381443298969045,0.0,0.03842549203373936,0.22867853795688828,0.5,0.5817713214620431
27.0,0.0,8.962962962962964,43.73936899862826,3.1481481481481484,25.85185185185185,0.0,1.0,42000030,9,batch/mixed/cpu_intensive,SJF,0.21990740740740738,0.0,0.087191358024691,0.3055555555555553,0.5,0.6967592592592595
26.0,0.0,8.538461538461538,39.78698224852071,3.076923076923077,26.03846153846154,0.0,0.0,42000030,10,batch/mixed/cpu_intensive,SJF,0.20252403846153838,0.0,0.09915865384615387,0.25060096153846123,0.5,0.6105769230769232
25.0,1.0,8.692307692307692,42.905325443786985,3.076923076923077,24.12,0.0,1.0,42000030,11,batch/mixed/cpu_intensive,SJF,0.5,0.0,0.13757861635220148,0.3168238993710689,0.48584905660377364,0.7083333333333329
26.0,0.0,7.923076923076923,37.22485207100592,3.076923076923077,23.192307692307693,0.0,1.0,42000030,12,batch/mixed/cpu_intensive,FCFS,0.0,0.04642166344293906,0.15860735009671112,0.30367504835589876,0.027079303675047822,0.75
23.0,1.0,7.875,34.692708333333336,3.0833333333333335,23.695652173913043,0.0,0.0,42000030,13,batch/mixed/cpu_intensive,SJF,0.49744463373083475,0.0,0.2589437819420787,0.34156729131175434,0.5,0.730408858603066
22.0,1.0,8.91304347826087,29.38374291115312,3.0869565217391304,23.40909090909091,0.0,1.0,42000030,14,batch/mixed/cpu_intensive,SJF,0.19917864476386113,0.0,0.2936344969199184,0.3347022587268993,0.4989733059548257,0.75
23.0,0.0,8.043478260869565,29.34593572778828,3.0869565217391304,21.608695652173914,0.0,1.0,42000030,15,batch/mixed/cpu_intensive,SJF,0.20818815331010482,0.0,0.29703832752613274,0.3336236933797907,0.5,0.7238675958188153
22.0,1.0,8.217391304347826,35.039697542533084,3.0869565217391304,22.818181818181817,0.0,1.0,42000030,16,batch/mixed/cpu_intensive,SJF,0.06534653465346567,0.0,0.20099009900990117,0.34257425742574227,0.49108910891089075,0.75
21.0,0.0,8,30,2.9523809523809526,22.285714285714285,0.0,1.0,42000030,17,batch/mixed/cpu_intensive,SJF,0.28153153153153165,0.0,0.28903903903903927,0.3896396396396393,0.4662162162162162,0.75
20.0,1.0,10.142857142857142,42.12244897959184,2.9523809523809526,19.35,0.0,1.0,42000030,18,batch/mixed/cpu_intensive,SJF,0.14659685863874344,0.0,0.1849912739965095,0.37347294938917935,0.43368237347294936,0.75
21.0,0.0,10.19047619047619,46.91609977324263,2.9523809523809526,18.38095238095238,0.0,1.0,42000030,19,batch/mixed/cpu_intensive,SJF,0.23701298701298723,0.0,0.13419913419913385,0.34090909090909066,0.2478354978354974,0.75
21.0,0.0,9.238095238095237,44.467120181405896,2.9523809523809526,19.80952380952381,0.0,0.0,42000030,20,batch/mixed/cpu_intensive,FCFS,0.0,0.018617021276596042,0.03058510638297811,0.30718085106382925,0.32845744680851113,0.75
21.0,0.0,8.333333333333334,44.6031746031746,2.9523809523809526,19.666666666666668,0.0,1.0,42000030,21,batch/mixed/cpu_intensive,SJF,0.1844262295081969,0.0,0.125,0.335040983606557,0.2745901639344266,0.75
19.0,1.0,9.2,40.16,3.05,18.526315789473685,0.0,1.0,42000030,22,batch/mixed/cpu_intensive,SJF,0.13402061855670216,0.0,0.15721649484536063,0.3260309278350516,0.29768041237113485,0.75
17.0,0.0,9.647058823529411,36.93425605536332,3.235294117647059,18.764705882352942,0.0,1.0,42000030,23,batch/mixed/cpu_intensive,SJF,0.1654320987654311,0.0,0.29876543209876527,0.3506172839506163,0.3654320987654315,0.75
17.0,0.0,9.235294117647058,31.591695501730104,3.235294117647059,16.705882352941178,0.0,1.0,42000030,24,batch/mixed/cpu_intensive,SJF,0.11436950146627581,0.0,0.2155425219941342,0.32551319648093785,0.2653958944281515,0.75
17.0,0.0,8.058823529411764,34.29065743944636,3.235294117647059,16,0.0,0.0,42000030,25,batch/mixed/cpu_intensive,SJF,0.18117977528089924,0.0,0.20646067415730374,0.337078651685393,0.311797752808989,0.75
15.0,0.0,7.8,26.69333333333333,3.2,15.466666666666667,0.0,0.0,42000030,26,batch/mixed/cpu_intensive,SJF,0.22818791946308736,0.0,0.17953020134228162,0.3053691275167782,0.5,0.7315436241610734
14.0,0.0,6.857142857142857,24.122448979591837,3.0714285714285716,13.857142857142858,0.0,0.0,42000030,27,batch/mixed/cpu_intensive,SJF,0.07692307692307827,0.0,0.01282051282051426,0.24786324786324798,0.5,0.7115384615384623
11.0,0.0,10.818181818181818,53.421487603305785,3.3636363636363638,11.909090909090908,0.0,1.0,42000030,28,batch/mixed/cpu_intensive,SJF,0.19303797468354428,0.0,0.02215189873417705,0.2895569620253161,0.5,0.6566455696202532
10.0,0.0,9.9,49.09,3.4,10.2,0.0,0.0,42000030,29,batch/mixed/cpu_intensive,SRTF,0.1438356164383575,0.03652968036529701,0.0,0.3127853881278531,0.48173515981735116,0.75
9.0,0.0,8.777777777777779,46.839506172839506,3.2222222222222223,9.777777777777779,0.0,0.0,42000030,30,batch/mixed/cpu_intensive,SRTF,0.14161849710982574,0.0202312138728307,0.0,0.28034682080924656,0.5,0.7355491329479752
8.0,0.0,7.375,48.484375,3,7.75,0.0,0.0,42000030,31,batch/mixed/cpu_intensive,SRTF,0.17403314917127,0.08839779005525031,0.0,0.2099447513812151,0.5,0.5980662983425428
5.0,0.0,8,50,3.4,5.8,0.0,0.0,42000030,32,batch/mixed/cpu_intensive,SRTF,0.189320388349516,0.004854368932039381,0.0,0.1650485436893191,0.4271844660194176,0.75
2.0,0.0,10,64,2,4,0.0,0.0,42000030,33,batch/mixed/cpu_intensive,SJF,0.47058823529412414,0.0,0.0,0.058823529411761756,0.47058823529412414,0.75
13.0,0.0,5.3076923076923075,29.597633136094675,2.4615384615384617,7.230769230769231,13.0,0.13333333333333333,42000031,0,mixed/io_intensive/batch,SJF,0.2976190476190478,0.09367396593673964,0.1595238095238099,0.2778530877071024,0.3604391148186765,0.9154501216545012
24.0,1.0,3.72,23.4816,2.92,10.333333333333334,12.0,0.25,42000031,1,mixed/io_intensive/batch,SJF,0.29936607582471675,0.17083333333333336,0.2522648941408173,0.2968980797636631,0.38220088626292437,0.8833333333333333
32.0,2.0,6.235294117647059,40.003460207612456,2.911764705882353,16.9375,9.0,0.4375,42000031,2,mixed/io_intensive/batch,SJF,0.2603470111448836,0.12433510638297872,0.21965823563467918,0.31156462585034017,0.6302721088435372,0.8131648936170213
32.0,1.0,6.333333333333333,35.37373737373738,2.909090909090909,21.75,0.0,1.0,42000031,3,mixed/io_intensive/batch,SJF,0.5221068017930228,0.22857142857142856,0.39432859091794925,0.3424283765347882,0.5248976807639832,0.8
31.0,2.0,5.878787878787879,28.833792470156105,2.909090909090909,27.870967741935484,0.0,1.0,42000031,4,mixed/io_intensive/batch,SJF,0.10769230769230781,0.0,0.1561538461538462,0.27384615384615385,0.3330769230769227,0.75
30.0,1.0,6.387096774193548,28.49531737773153,2.838709677419355,26.3,0.0,1.0,42000031,5,mixed/io_intensive/batch,SJF,0.49136577708006307,0.0,0.03139717425431736,0.3265306122448981,0.3861852433281009,0.75
29.0,1.0,6.266666666666667,25.92888888888889,2.9,26.448275862068964,0.0,1.0,42000031,6,mixed/io_intensive/batch,SJF,0.4322533136966123,0.0,0.08836524300441889,0.345360824742268,0.3041237113402058,0.75
29.0,1.0,5.6,22.506666666666668,2.9,26.724137931034484,0.0,1.0,42000031,7,mixed/io_intensive/batch,SJF,0.08712715855572957,0.0,0.11145996860282593,0.3186813186813184,0.3540031397174248,0.75
27.0,2.0,5.448275862068965,19.48870392390012,2.9655172413793105,25.444444444444443,0.0,1.0,42000031,8,mixed/io_intensive/batch,SJF,0.5,0.0,0.07550335570469835,0.3238255033557045,0.4932885906040265,0.75
28.0,0.0,5.25,18.616071428571427,3.0357142857142856,24.535714285714285,0.0,1.0,42000031,9,mixed/io_intensive/batch,SJF,0.1128712871287125,0.0,0.12376237623762307,0.278217821782178,0.2801980198019801,0.75
24.0,4.0,5.214285714285714,12.454081632653061,3.0357142857142856,24.833333333333332,0.0,1.0,42000031,10,mixed/io_intensive/batch,SJF,0.41512915129151273,0.0,0.24077490774907712,0.32656826568265696,0.3911439114391146,0.75
24.0,1.0,5.16,11.8144,3.04,23.458333333333332,0.0,1.0,42000031,11,mixed/io_intensive/batch,SJF,0.2620614035087722,0.0,0.16557017543859637,0.30153508771929866,0.4407894736842114,0.75
25.0,0.0,4.36,9.3504,3.04,22.92,0.0,1.0,42000031,12,mixed/io_intensive/batch,SJF,0.047680412371135385,0.0,0.22680412371134018,0.27577319587628885,0.16365979381443324,0.75
23.0,1.0,4.041666666666667,8.87326388888889,3,23.73913043478261,0.0,1.0,42000031,13,mixed/io_intensive/batch,SJF,0.3308977035490599,0.0,0.10334029227557406,0.2964509394572022,0.3444676409185795,0.75
21.0,2.0,5.391304347826087,21.803402646502835,3,21.61904761904762,0.0,1.0,42000031,14,mixed/io_intensive/batch,SJF,0.31181318681318776,0.0,0.06318681318681263,0.28021978021978067,0.3543956043956049,0.75
19.0,0.0,5.578947368421052,24.033240997229917,2.8947368421052633,20.894736842105264,0.0,1.0,42000031,15,mixed/io_intensive/batch,SRTF,0.4798488664987408,0.10705289672544102,0.0,0.33249370277078094,0.4181360201511338,0.75
18.0,1.0,5.105263157894737,21.56786703601108,2.8947368421052633,20.444444444444443,0.0,0.0,42000031,16,mixed/io_intensive/batch,SRTF,0.30755395683453385,0.010791366906475421,0.0,0.2589928057553962,0.3147482014388487,0.75
16.0,0.0,4.9375,25.43359375,3,18.6875,0.0,1.0,42000031,17,mixed/io_intensive/batch,SRTF,0.2712264150943395,0.0566037735849044,0.0,0.2688679245283021,0.4150943396226411,0.75
12.0,1.0,5,20,2.923076923076923,16.166666666666668,0.0,1.0,42000031,18,mixed/io_intensive/batch,SJF,0.25238095238095254,0.0,0.12857142857142922,0.2904761904761909,0.29523809523809585,0.75
10.0,0.0,5.7,22.21,3.1,8.1,0.0,1.0,42000031,19,mixed/io_intensive/batch,SJF,0.26648351648351737,0.0,0.10989010989011042,0.29670329670329654,0.2554945054945058,0.75
7.0,1.0,7.375,40.234375,2.875,7.142857142857143,0.0,1.0,42000031,20,mixed/io_intensive/batch,SJF,0.21052631578947273,0.0,0.013157894736842842,0.2763157894736844,0.20065789473684126,0.75
6.0,0.0,7.666666666666667,27.555555555555557,2.5,4.666666666666667,0.0,1.0,42000031,21,mixed/io_intensive/batch,SRTF,0.3132530120481947,0.006024096385543683,0.0,0.32530120481927977,0.102409638554217,0.75
4.0,0.0,6.75,17.6875,2.5,4.25,0.0,0.0,42000031,22,mixed/io_intensive/batch,SRTF,0.19999999999999227,0.016666666666670316,0.0,0.33333333333332904,0.03333333333333419,0.75
1.0,0.0,6,0,4,0,0.0,0.0,42000031,23,mixed/io_intensive/batch,FCFS,0.0,0.0,0.0,0.0,0.0,0.0
11.0,0.0,8.909090909090908,9.71900826446281,3.3636363636363638,8,11.0,0.0,42000032,0,batch/interactive/mixed,SJF,0.5432711340206184,0.027706185567010246,0.15199999999999972,0.44171340206185544,0.29799999999999993,0.920103092783505
23.0,1.0,5.75,18.604166666666668,3.2916666666666665,10,13.0,0.0,42000032,1,batch/interactive/mixed,SJF,0.47318974630021116,0.04614825581395349,0.16753246753246767,0.35757040924192074,0.75,0.8075609710057388
34.0,0.0,5.147058823529412,21.65484429065744,3.3823529411764706,15.5,10.0,0.16666666666666666,42000032,2,batch/interactive/mixed,SJF,0.5004326337262635,0.058762886597938116,0.1819642392628798,0.31938911022576344,0.7433598937583001,0.8134020618556701
34.0,0.0,4.735294117647059,19.018166089965398,3.3823529411764706,23.38235294117647,0.0,1.0,42000032,3,batch/interactive/mixed,SJF,0.3749644230847425,0.18854748603351945,0.33573833280476223,0.30640465793304206,0.7303493449781662,0.8519553072625696
31.0,2.0,4.818181818181818,17.482093663911847,3.3333333333333335,28.35483870967742,0.0,1.0,42000032,4,batch/interactive/mixed,SJF,0.6976744186046513,0.21220930232558133,0.4070015901411249,0.2400284900284898,0.6367521367521365,0.7097909626979396
32.0,1.0,4.303030303030303,16.39302112029385,3.3333333333333335,29.625,0.0,1.0,42000032,5,batch/interactive/mixed,SJF,0.30971993410214216,0.0,0.23640856672158173,0.24382207578253687,0.5,0.67504118616145
29.0,1.0,4.366666666666666,14.29888888888889,3.4,29.655172413793103,0.0,1.0,42000032,6,batch/interactive/mixed,SJF,0.18350515463917552,0.0,0.15670103092783544,0.28350515463917514,0.4525773195876288,0.75
27.0,2.0,3.9655172413793105,13.274673008323424,3.3448275862068964,29.48148148148148,0.0,1.0,42000032,7,batch/interactive/mixed,SJF,0.25386779184247493,0.0,0.052039381153304774,0.13572433192686317,0.5,0.5298874824191279
26.0,1.0,3.888888888888889,13.358024691358025,3.3333333333333335,26.846153846153847,0.0,1.0,42000032,8,batch/interactive/mixed,SJF,0.27137546468401497,0.0,0.1533457249070629,0.29368029739776913,0.5,0.7156133828996277
26.0,0.0,3.3461538461538463,11.61094674556213,3.269230769230769,24.923076923076923,0.0,1.0,42000032,9,batch/interactive/mixed,SJF,0.3885400313971744,0.0,0.09105180533751951,0.1923076923076919,0.5,0.6000784929356355
21.0,3.0,3.5416666666666665,9.664930555555555,3.1666666666666665,23.476190476190474,0.0,1.0,42000032,10,batch/interactive/mixed,SJF,0.2610837438423642,0.0,0.24137931034482735,0.300492610837438,0.47783251231527135,0.75
19.0,1.0,3.5,8.95,3.1,20.210526315789473,0.0,1.0,42000032,11,batch/interactive/mixed,SJF,0.39643652561247217,0.0,0.14587973273942081,0.2538975501113583,0.5,0.6787305122494434
18.0,1.0,3.789473684210526,13.218836565096954,3.0526315789473686,17.555555555555557,0.0,1.0,42000032,12,batch/interactive/mixed,SJF,0.39887640449438166,0.0,0.15028089887640492,0.2823033707865167,0.5,0.7429775280898878
17.0,1.0,4.444444444444445,25.135802469135804,3,16.235294117647058,0.0,1.0,42000032,13,batch/interactive/mixed,SJF,0.35729613733905563,0.0,0.03862660944206017,0.17918454935622283,0.5,0.5804721030042913
13.0,1.0,5.142857142857143,22.979591836734695,3.142857142857143,14.153846153846153,0.0,1.0,42000032,14,batch/interactive/mixed,SJF,0.32987551867220044,0.0,0.11410788381742777,0.28838174273858935,0.4917012448132787,0.75
12.0,1.0,4.615384615384615,21.928994082840237,3.3076923076923075,10.583333333333334,0.0,1.0,42000032,15,batch/interactive/mixed,SJF,0.3169014084507048,0.0,0.05399061032863926,0.27934272300469465,0.49530516431924854,0.75
9.0,2.0,6.7272727272727275,62.3801652892562,3.1818181818181817,10.88888888888889,0.0,1.0,42000032,16,batch/interactive/mixed,SJF,0.1952789699570822,0.0,0.034334763948497715,0.21459227467811123,0.5,0.6319742489270395
7.0,2.0,7.111111111111111,57.20987654320987,3,10,0.0,1.0,42000032,17,batch/interactive/mixed,SJF,0.2093749999999993,0.0,0.0999999999999994,0.2687499999999995,0.5,0.7062499999999994
7.0,1.0,10.125,76.359375,3.125,8.571428571428571,0.0,1.0,42000032,18,batch/interactive/mixed,SJF,0.1946902654867254,0.0,0.0,0.23893805309734456,0.4823008849557513,0.75
5.0,0.0,12.8,49.36,2.8,5.4,0.0,1.0,42000032,19,batch/interactive/mixed,SJF,0.2967032967032978,0.0,0.0,0.2857142857142862,0.2967032967032978,0.75
4.0,0.0,11,19.5,2.75,3,0.0,0.0,42000032,20,batch/interactive/mixed,FCFS,0.0,0.0,0.0,0.2533333333333303,0.15999999999999837,0.75
3.0,0.0,8,8.666666666666666,2.3333333333333335,2,0.0,0.0,42000032,21,batch/interactive/mixed,SJF,0.17142857142857537,0.0,0.0,0.25714285714285756,0.17142857142857537,0.75
1.0,0.0,4,0,1,1,0.0,0.0,42000032,22,batch/interactive/mixed,FCFS,0.0,0.0,0.0,0.0,0.0,0.75
12.0,1.0,3.923076923076923,38.68639053254438,3.3076923076923075,5.666666666666667,13.0,0.2777777777777778,42000033,0,io_intensive/cpu_intensive/mixed,SJF,0.23596672988223175,0.08724625974573294,0.3052404532790148,0.2730210016155089,0.25,0.9239130434782609
20.0,2.0,11,99.0909090909091,3.227272727272727,9.35,9.0,0.4375,42000033,1,io_intensive/cpu_intensive/mixed,SJF,0.4543941411451398,0.06628787878787878,0.18474021170425964,0.3122503328894807,0.6736111111111112,0.7734603020887975
31.0,1.0,9.84375,77.3818359375,3.40625,14.161290322580646,10.0,0.23076923076923078,42000033,2,io_intensive/cpu_intensive/mixed,SJF,0.38657770800627944,0.08901515151515152,0.21583476047761763,0.32339089481946626,0.27391358641358643,0.8295454545454546
32.0,0.0,9.4375,73.74609375,3.40625,21.40625,0.0,1.0,42000033,3,io_intensive/cpu_intensive/mixed,SJF,0.5105633802816901,0.11778846153846154,0.24753521126760564,0.31408450704225355,0.31609899783315276,0.8197115384615385
32.0,0.0,8.96875,70.0927734375,3.40625,25.875,0.0,1.0,42000033,4,io_intensive/cpu_intensive/mixed,SJF,0.7386363636363635,0.14015151515151514,0.2870987733470103,0.2390691114245416,0.32404795486600846,0.6825394281318118
29.0,2.0,9.03225806451613,64.22476586888658,3.3870967741935485,29.24137931034483,0.0,1.0,42000033,5,io_intensive/cpu_intensive/mixed,SJF,0.15391459074733096,0.0,0.14323843416370108,0.3113879003558719,0.13523131672597866,0.75
28.0,1.0,9.068965517241379,62.133174791914385,3.3793103448275863,29.928571428571427,0.0,1.0,42000033,6,io_intensive/cpu_intensive/mixed,SJF,0.26360808709175737,0.0,0.2177293934681182,0.3452566096423017,0.18818040435458788,0.75
26.0,3.0,8.827586206896552,58.14268727705113,3.3793103448275863,30.153846153846153,0.0,1.0,42000033,7,io_intensive/cpu_intensive/mixed,SJF,0.4265676567656766,0.0,0.1476897689768977,0.33085808580858084,0.18316831683168316,0.75
27.0,2.0,8.586206896551724,51.00118906064209,3.3793103448275863,26.814814814814813,0.0,1.0,42000033,8,io_intensive/cpu_intensive/mixed,SJF,0.21038732394366197,0.0,0.12411971830985916,0.31954225352112675,0.11267605633802816,0.75
26.0,1.0,8.592592592592593,46.53772290809328,3.4444444444444446,26.53846153846154,0.0,1.0,42000033,9,io_intensive/cpu_intensive/mixed,SJF,0.3775894538606403,0.0,0.08380414312617702,0.3163841807909605,0.10263653483992467,0.75
26.0,1.0,8.148148148148149,44.05212620027435,3.4444444444444446,25.653846153846153,0.0,1.0,42000033,10,io_intensive/cpu_intensive/mixed,SJF,0.5,0.0,0.0734094616639478,0.32300163132137033,0.21451876019575855,0.7287928221859706
26.0,1.0,7.555555555555555,40.32098765432099,3.4444444444444446,25.23076923076923,0.0,1.0,42000033,11,io_intensive/cpu_intensive/mixed,SJF,0.35472370766488415,0.0,0.09893048128342247,0.3315508021390374,0.09180035650623886,0.75
24.0,3.0,7.37037037037037,34.52949245541838,3.4444444444444446,23.666666666666668,0.0,1.0,42000033,12,io_intensive/cpu_intensive/mixed,SJF,0.372960372960373,0.0,0.018648018648018648,0.28438228438228436,0.3146853146853147,0.75
24.0,1.0,7.28,31.4016,3.4,23.708333333333332,0.0,1.0,42000033,13,io_intensive/cpu_intensive/mixed,SJF,0.5,0.0,0.037549407114624504,0.29347826086956524,0.20553359683794467,0.717391304347826
24.0,1.0,6.6,28.56,3.4,23.75,0.0,1.0,42000033,14,io_intensive/cpu_intensive/mixed,SJF,0.3128964059196617,0.0,0.09513742071881606,0.3192389006342495,0.313953488372093,0.75
22.0,2.0,6.375,27.484375,3.4583333333333335,25.09090909090909,0.0,1.0,42000033,15,io_intensive/cpu_intensive/mixed,SJF,0.49150485436893204,0.0,0.053398058252427175,0.30218446601941745,0.22330097087378642,0.75
20.0,1.0,6.523809523809524,22.72562358276644,3.4761904761904763,25.3,0.0,1.0,42000033,16,io_intensive/cpu_intensive/mixed,SJF,0.2518518518518518,0.0,0.0962962962962963,0.31851851851851853,0.2740740740740741,0.75
20.0,1.0,6.142857142857143,18.979591836734695,3.4761904761904763,19,0.0,1.0,42000033,17,io_intensive/cpu_intensive/mixed,SJF,0.42154255319148937,0.0,0.09042553191489362,0.3191489361702128,0.3337765957446808,0.75
18.0,1.0,6.578947368421052,19.61218836565097,3.6315789473684212,18.055555555555557,0.0,1.0,42000033,18,io_intensive/cpu_intensive/mixed,SJF,0.29083094555873923,0.0,0.11318051575931232,0.30945558739255014,0.3638968481375358,0.75
18.0,0.0,5.888888888888889,23.432098765432098,3.7222222222222223,17.333333333333332,0.0,1.0,42000033,19,io_intensive/cpu_intensive/mixed,SJF,0.43911917098445596,0.0,0.13601036269430053,0.33419689119170987,0.40025906735751293,0.75
17.0,1.0,4.944444444444445,18.16358024691358,3.7222222222222223,17.176470588235293,0.0,1.0,42000033,20,io_intensive/cpu_intensive/mixed,SJF,0.2651006711409396,0.0,0.09899328859060402,0.28523489932885904,0.3640939597315436,0.75
15.0,0.0,7.866666666666666,57.44888888888889,3.6,13.866666666666667,0.0,1.0,42000033,21,io_intensive/cpu_intensive/mixed,SJF,0.3806970509383378,0.0,0.09919571045576407,0.3351206434316354,0.29088471849865954,0.75
14.0,0.0,9.928571428571429,78.06632653061224,3.5,12.285714285714286,0.0,1.0,42000033,22,io_intensive/cpu_intensive/mixed,SJF,0.4054878048780488,0.0,0.23628048780487804,0.35060975609756095,0.2621951219512195,0.75
12.0,0.0,10,74.33333333333333,3.5833333333333335,12.583333333333334,0.0,1.0,42000033,23,io_intensive/cpu_intensive/mixed,SJF,0.31777777777777777,0.0,0.20222222222222222,0.32666666666666666,0.24666666666666667,0.75
10.0,0.0,10,76.2,3.5,10.2,0.0,0.0,42000033,24,io_intensive/cpu_intensive/mixed,SJF,0.275,0.0,0.24545454545454548,0.3340909090909091,0.275,0.75
9.0,0.0,8.777777777777779,67.95061728395062,3.3333333333333335,8.444444444444445,0.0,0.0,42000033,25,io_intensive/cpu_intensive/mixed,SJF,0.25495049504950495,0.0,0.2004950495049505,0.35396039603960394,0.14603960396039603,0.75
8.0,0.0,13,79,3.25,7.375,0.0,1.0,42000033,26,io_intensive/cpu_intensive/mixed,SJF,0.245,0.0,0.15,0.375,0.18,0.75
8.0,0.0,13.625,76.234375,3.25,6.875,0.0,1.0,42000033,27,io_intensive/cpu_intensive/mixed,SJF,0.3595890410958904,0.0,0.0,0.3150684931506849,0.18493150684931506,0.75
6.0,0.0,15,41.333333333333336,3.1666666666666665,6,0.0,0.0,42000033,28,io_intensive/cpu_intensive/mixed,SJF,0.13114754098360656,0.0,0.0,0.4016393442622951,0.13934426229508196,0.75
6.0,0.0,11.666666666666666,39.55555555555556,3.1666666666666665,5,0.0,0.0,42000033,29,io_intensive/cpu_intensive/mixed,SJF,0.3137254901960784,0.0,0.0,0.4019607843137255,0.15196078431372548,0.75
5.0,0.0,10,29.2,3.4,4,0.0,0.0,42000033,30,io_intensive/cpu_intensive/mixed,SJF,0.5,0.0,0.0,0.4583333333333333,0.0625,0.6944444444444444
4.0,0.0,7.5,13.25,3.75,3,0.0,0.0,42000033,31,io_intensive/cpu_intensive/mixed,SRTF,0.3333333333333333,0.03333333333333333,0.0,0.5,0.06666666666666667,0.7000000000000001
2.0,0.0,5,1,5,1.5,0.0,0.0,42000033,32,io_intensive/cpu_intensive/mixed,SRTF,0.07692307692307693,0.07692307692307693,0.0,0.15384615384615385,0.07692307692307693,0.75
11.0,0.0,13.272727272727273,26.016528925619834,2,8.090909090909092,11.0,0.0,42000034,0,batch/cpu_intensive/interactive,SJF,0.3007562058194968,0.05696202531645565,0.05696202531645565,0.3556998556998554,0.3856421356421352,0.793512658227848
20.0,0.0,13.25,41.6875,2.6,11.15,9.0,0.0,42000034,1,batch/cpu_intensive/interactive,SRTF,0.24288150762870023,0.0796545105566219,0.07015130674002756,0.39157516362301914,0.43156808803301205,0.8301343570057582
30.0,0.0,8.933333333333334,47.46222222222222,2.7,15.9,10.0,0.0,42000034,2,batch/cpu_intensive/interactive,SJF,0.75,0.08925549915397633,0.09085173501577276,0.21973904039029185,0.4369927789788222,0.5719411039408157
30.0,0.0,8.266666666666667,45.86222222222222,2.7,23.766666666666666,0.0,0.0,42000034,3,batch/cpu_intensive/interactive,SJF,0.19899999999999993,0.0897272727272728,0.19074675324675391,0.33379220779220786,0.44074675324675394,0.806
30.0,0.0,7.833333333333333,44.40555555555556,2.7,27.333333333333332,0.0,1.0,42000034,4,batch/cpu_intensive/interactive,SJF,0.34068037628527637,0.1919642857142857,0.21387551957996032,0.34226646248085746,0.6986983154670747,0.7767857142857142
30.0,0.0,7.466666666666667,38.315555555555555,2.7,26.733333333333334,0.0,1.0,42000034,5,batch/cpu_intensive/interactive,SJF,0.5361352792590508,0.0,0.13063660477453579,0.240053050397878,0.45589655246860006,0.6279840848806367
28.0,1.0,7.344827586206897,36.6397146254459,2.7586206896551726,28.785714285714285,0.0,1.0,42000034,6,batch/cpu_intensive/interactive,SJF,0.09878419452887494,0.0,0.12537993920972643,0.32522796352583544,0.2180851063829786,0.75
26.0,3.0,7.137931034482759,32.11890606420928,2.7586206896551726,27.076923076923077,0.0,1.0,42000034,7,batch/cpu_intensive/interactive,SJF,0.12500000000000006,0.0,0.10156250000000007,0.34218749999999964,0.2843749999999998,0.75
29.0,0.0,6.448275862068965,29.212841854934602,2.7586206896551726,24.82758620689655,0.0,1.0,42000034,8,batch/cpu_intensive/interactive,SJF,0.2799999999999995,0.0,0.12300000000000003,0.3059999999999997,0.2360000000000003,0.75
27.0,0.0,6.296296296296297,29.615912208504803,2.7777777777777777,26.962962962962962,0.0,1.0,42000034,9,batch/cpu_intensive/interactive,SJF,0.15817223198594046,0.0,0.25131810193321663,0.3198594024604572,0.24780316344463946,0.75
23.0,2.0,6.64,24.8704,2.64,27.130434782608695,0.0,1.0,42000034,10,batch/cpu_intensive/interactive,SJF,0.22826086956521746,0.0,0.18812709030100364,0.35367892976588655,0.4473244147157198,0.75
24.0,1.0,6,20.96,2.64,24.166666666666668,0.0,1.0,42000034,11,batch/cpu_intensive/interactive,SJF,0.032064128256512926,0.0,0.16833667334669414,0.3246492985971949,0.1853707414829666,0.75
25.0,0.0,5.52,19.9296,2.64,22.2,0.0,1.0,42000034,12,batch/cpu_intensive/interactive,SJF,0.16078838174273793,0.0,0.09232365145228194,0.3236514522821573,0.4170124481327796,0.75
24.0,0.0,5.041666666666667,18.62326388888889,2.7083333333333335,22.916666666666668,0.0,1.0,42000034,13,batch/cpu_intensive/interactive,SJF,0.42036290322580655,0.0,0.07056451612903182,0.3084677419354841,0.39919354838709714,0.75
22.0,1.0,5.043478260869565,17.60680529300567,2.739130434782609,20.818181818181817,0.0,1.0,42000034,14,batch/cpu_intensive/interactive,SJF,0.2716450216450217,0.0,0.13095238095238096,0.32467532467532445,0.3733766233766231,0.75
22.0,0.0,5.090909090909091,20.71900826446281,2.6818181818181817,19.818181818181817,0.0,1.0,42000034,15,batch/cpu_intensive/interactive,SJF,0.5,0.0,0.08868501529051936,0.21865443425076458,0.2262996941896021,0.5863914373088686
20.0,0.0,5.15,16.1275,2.8,19.95,0.0,1.0,42000034,16,batch/cpu_intensive/interactive,SJF,0.16483516483516494,0.0,0.08653846153846254,0.2802197802197809,0.28983516483516614,0.75
18.0,0.0,5.722222222222222,14.311728395061728,2.888888888888889,17.38888888888889,0.0,1.0,42000034,17,batch/cpu_intensive/interactive,SJF,0.5,0.0,0.0839416058394157,0.24452554744525526,0.16058394160583872,0.6478102189781016
16.0,0.0,5.375,10.484375,2.875,17.0625,0.0,1.0,42000034,18,batch/cpu_intensive/interactive,SJF,0.19017094017094183,0.0,0.02564102564102779,0.27136752136752196,0.17735042735042833,0.75
13.0,1.0,6.071428571428571,21.066326530612244,2.9285714285714284,17.53846153846154,0.0,0.0,42000034,19,batch/cpu_intensive/interactive,SRTF,0.16294642857142866,0.0781250000000012,0.0,0.2924107142857145,0.16741071428571414,0.75
11.0,0.0,6.2727272727272725,20.925619834710744,2.909090909090909,12.909090909090908,0.0,1.0,42000034,20,batch/cpu_intensive/interactive,SJF,0.36718749999999845,0.0,0.007812500000001762,0.3072916666666664,0.494468612592384,0.75
9.0,0.0,5.444444444444445,20.469135802469136,2.4444444444444446,10,0.0,0.0,42000034,21,batch/cpu_intensive/interactive,SRTF,0.3741258741258731,0.08391608391608141,0.0,0.3251748251748235,0.5046667477905182,0.75
7.0,0.0,4,20.857142857142858,2.5714285714285716,8.142857142857142,0.0,0.0,42000034,22,batch/cpu_intensive/interactive,SRTF,0.3228999851414083,0.03613527925905089,0.022058823529411915,0.13970588235294043,0.5361352792590508,0.6764705882352978
2.0,0.0,14,25,3,0.5,0.0,1.0,42000034,23,batch/cpu_intensive/interactive,SJF,0.5,0.0,0.0,0.5,0.0,0.2999999999999574
1.0,0.0,7,0,5,0,0.0,0.0,42000034,24,batch/cpu_intensive/interactive,FCFS,0.0,0.0,0.0,0.0,0.0,0.0
11.0,0.0,11.181818181818182,17.96694214876033,3.3636363636363638,8.090909090909092,11.0,0.0,42000035,0,batch/mixed/io_intensive,SRTF,0.48485868102288043,0.13120527757136158,0.02086137281292111,0.444594854419888,0.2422779922779923,0.8803088803088803
23.0,0.0,9.043478260869565,35.34593572778828,3.347826086956522,11.956521739130435,12.0,0.0,42000035,1,batch/mixed/io_intensive,SJF,0.5453249714937284,0.11573236889692586,0.1584948688711513,0.41688695021042055,0.3166093104678325,0.8779385171790235
34.0,0.0,6.470588235294118,28.602076124567475,3.235294117647059,17.735294117647058,11.0,0.08333333333333333,42000035,2,batch/mixed/io_intensive,SJF,0.7274281805745556,0.11784511784511785,0.16689466484268148,0.38029635156858144,0.34960411225801113,0.8754208754208754
34.0,0.0,5.882352941176471,25.868512110726645,3.235294117647059,25.352941176470587,0.0,1.0,42000035,3,batch/mixed/io_intensive,SJF,0.5374007401125586,0.18627450980392155,0.277492418985943,0.3178243774574047,0.27096985583224104,0.8468137254901961
32.0,2.0,5.823529411764706,25.20415224913495,3.235294117647059,29.46875,0.0,1.0,42000035,4,batch/mixed/io_intensive,FCFS,0.17481281820904446,0.25,0.2479634621144054,0.3377358490566038,0.3272536687631027,0.7817460317460321
34.0,0.0,5.735294117647059,22.841695501730104,3.235294117647059,28.41176470588235,0.0,1.0,42000035,5,batch/mixed/io_intensive,SJF,0.3391655450874832,0.0,0.23553162853297419,0.3391655450874832,0.08209959623149399,0.75
34.0,0.0,5.411764705882353,19.889273356401382,3.235294117647059,28.735294117647058,0.0,1.0,42000035,6,batch/mixed/io_intensive,SJF,0.21611445783132552,0.0,0.23493975903614428,0.28689759036144574,0.03463855421686716,0.75
31.0,3.0,5.323529411764706,18.748269896193772,3.235294117647059,29.741935483870968,0.0,1.0,42000035,7,batch/mixed/io_intensive,SJF,0.1723057644110276,0.0,0.18483709273182913,0.3264411027568921,0.12218045112781914,0.75
33.0,0.0,5.090909090909091,16.264462809917354,3.1818181818181817,27.545454545454547,0.0,1.0,42000035,8,batch/mixed/io_intensive,SJF,0.32914201183431935,0.0,0.17529585798816555,0.32914201183431935,0.10724852071005955,0.75
33.0,0.0,4.9393939393939394,18.056932966023876,3.1818181818181817,29.242424242424242,0.0,1.0,42000035,9,batch/mixed/io_intensive,SJF,0.3267776096822995,0.0,0.21633888048411523,0.3252647503782147,0.14372163388804846,0.75
29.0,4.0,4.636363636363637,17.7465564738292,3.1818181818181817,33.89655172413793,0.0,1.0,42000035,10,batch/mixed/io_intensive,SJF,0.2514084507042254,0.0,0.14929577464788685,0.3521126760563377,0.19154929577464794,0.75
31.0,1.0,4.4375,15.93359375,3.25,29.322580645161292,0.0,1.0,42000035,11,batch/mixed/io_intensive,SJF,0.39858490566037785,0.0,0.10141509433962306,0.3254716981132077,0.26729559748427667,0.75
31.0,1.0,4.34375,16.4755859375,3.25,27.677419354838708,0.0,1.0,42000035,12,batch/mixed/io_intensive,SJF,0.37500000000000044,0.0,0.18528368794326205,0.277482269503546,0.09929078014184359,0.75
29.0,1.0,4.366666666666666,16.365555555555556,3.3,26.06896551724138,0.0,1.0,42000035,13,batch/mixed/io_intensive,SJF,0.11400651465798062,0.0,0.16612377850162863,0.3045602605863192,0.15635179153094464,0.75
29.0,1.0,4.666666666666667,21.755555555555556,3.3,25,0.0,1.0,42000035,14,batch/mixed/io_intensive,SJF,0.4108996539792389,0.0,0.16262975778546734,0.3192041522491349,0.16176470588235295,0.75
29.0,0.0,4.517241379310345,21.284185493460168,3.2413793103448274,25.620689655172413,0.0,1.0,42000035,15,batch/mixed/io_intensive,SJF,0.24480151228733477,0.0,0.22684310018903597,0.2892249527410207,0.07277882797731597,0.75
25.0,3.0,4.857142857142857,19.979591836734695,3.2857142857142856,25.76,0.0,1.0,42000035,16,batch/mixed/io_intensive,SJF,0.28097731239092494,0.0,0.0820244328097728,0.31762652705061056,0.09424083769633444,0.75
27.0,0.0,5.111111111111111,20.17283950617284,3.2962962962962963,20.74074074074074,0.0,1.0,42000035,17,batch/mixed/io_intensive,SJF,0.32775590551181055,0.0,0.20669291338582715,0.3159448818897637,0.1220472440944883,0.75
26.0,0.0,5.076923076923077,23.532544378698226,3.3846153846153846,23.423076923076923,0.0,1.0,42000035,18,batch/mixed/io_intensive,SJF,0.2840236686390532,0.0,0.17159763313609389,0.3274161735700195,0.18934911242603497,0.75
24.0,1.0,4.68,22.5376,3.4,25.375,0.0,1.0,42000035,19,batch/mixed/io_intensive,SJF,0.36046511627906996,0.0,0.1034883720930235,0.3011627906976746,0.2720930232558145,0.75
24.0,0.0,5.5,27.166666666666668,3.3333333333333335,22.166666666666668,0.0,1.0,42000035,20,batch/mixed/io_intensive,SJF,0.16240875912408795,0.0,0.09489051094890552,0.2262773722627745,0.1405109489051107,0.75
19.0,1.0,6,29.9,3.45,22.57894736842105,0.0,1.0,42000035,21,batch/mixed/io_intensive,SJF,0.3472972972972966,0.0,0.1013513513513519,0.3027027027027024,0.2594594594594595,0.75
17.0,0.0,6.882352941176471,29.515570934256054,3.4705882352941178,16.823529411764707,0.0,1.0,42000035,22,batch/mixed/io_intensive,SRTF,0.24664429530201226,0.0016778523489937045,0.0,0.28355704697986533,0.09899328859060455,0.75
12.0,2.0,8,20.571428571428573,3.4285714285714284,16.333333333333332,0.0,1.0,42000035,23,batch/mixed/io_intensive,SJF,0.27075812274368233,0.0,0.0036101083032493114,0.3267148014440435,0.03610108303249102,0.75
13.0,0.0,7.153846153846154,16.745562130177515,3.5384615384615383,12,0.0,1.0,42000035,24,batch/mixed/io_intensive,SJF,0.25324675324675366,0.0,0.002164502164501875,0.32683982683982743,0.20779220779220758,0.75
11.0,0.0,6.636363636363637,13.322314049586776,3.727272727272727,12.909090909090908,0.0,0.0,42000035,25,batch/mixed/io_intensive,SJF,0.1787709497206702,0.0,0.013966480446925503,0.3156424581005585,0.16480446927374148,0.75
8.0,0.0,6.5,5.5,3.5,10.5,0.0,0.0,42000035,26,batch/mixed/io_intensive,SRTF,0.10887096774193303,0.0362903225806433,0.0,0.33467741935483797,0.02822580645161371,0.75
6.0,0.0,5.333333333333333,1.8888888888888888,3.6666666666666665,6.666666666666667,0.0,0.0,42000035,27,batch/mixed/io_intensive,SRTF,0.11486486486486433,0.013513513513514219,0.0,0.37162162162162143,0.060810810810812674,0.75
5.0,0.0,2.4,1.04,4,4.8,0.0,0.0,42000035,28,batch/mixed/io_intensive,SRTF,0.12962962962962193,0.018518518518516394,0.0,0.20370370370370183,0.03703703703703995,0.75
10.0,3.0,3.6923076923076925,23.13609467455621,3.1538461538461537,5.6,13.0,0.1875,42000036,0,io_intensive/cpu_intensive/interactive,SJF,0.42651403249630726,0.08305647840531562,0.21738837062082572,0.2998522895125554,0.42118713103048916,0.8421926910299002
21.0,3.0,7.916666666666667,65.49305555555556,3.375,9.047619047619047,11.0,0.3888888888888889,42000036,1,io_intensive/cpu_intensive/interactive,SJF,0.5121450735711187,0.055640243902439025,0.1662106703146375,0.35624436955723865,0.4681942544459644,0.8391768292682926
32.0,0.0,6.0625,46.18359375,3.28125,15.40625,8.0,0.3333333333333333,42000036,2,io_intensive/cpu_intensive/interactive,SJF,0.46207983193277313,0.01838235294117647,0.19782913165266108,0.3107142857142857,0.43839285714285714,0.8529411764705883
29.0,3.0,5.9375,44.12109375,3.28125,24.896551724137932,0.0,1.0,42000036,3,io_intensive/cpu_intensive/interactive,SJF,0.4966365694294387,0.08522727272727272,0.2709394453876627,0.3089983022071307,0.44354838709677413,0.8276515151515151
30.0,2.0,5.5625,43.18359375,3.28125,26.333333333333332,0.0,1.0,42000036,4,io_intensive/cpu_intensive/interactive,SJF,0.3657509157509158,0.23809523809523808,0.30553113553113553,0.32846153846153847,0.5176923076923077,0.7678571428571428
30.0,2.0,5.21875,35.6708984375,3.28125,25.8,0.0,1.0,42000036,5,io_intensive/cpu_intensive/interactive,SJF,0.1491862567811935,0.0,0.20614828209764918,0.30198915009041594,0.27486437613019893,0.75
27.0,3.0,5.433333333333334,36.778888888888886,3.2666666666666666,29.51851851851852,0.0,1.0,42000036,6,io_intensive/cpu_intensive/interactive,SJF,0.2904841402337229,0.0,0.169449081803005,0.3038397328881469,0.21452420701168615,0.75
25.0,3.0,5.678571428571429,35.64668367346939,3.2142857142857144,27.4,0.0,1.0,42000036,7,io_intensive/cpu_intensive/interactive,SJF,0.5,0.0,0.06777493606138107,0.20396419437340155,0.11508951406649616,0.5773657289002557
25.0,2.0,5.37037037037037,29.492455418381343,3.1481481481481484,23.72,0.0,1.0,42000036,8,io_intensive/cpu_intensive/interactive,SJF,0.1310344827586207,0.0,0.1425287356321839,0.2850574712643678,0.17011494252873563,0.75
25.0,1.0,5.115384615384615,29.948224852071007,3.1538461538461537,22.04,0.0,1.0,42000036,9,io_intensive/cpu_intensive/interactive,SJF,0.26148409893992935,0.0,0.14664310954063603,0.32420494699646646,0.21024734982332155,0.75
24.0,1.0,4.88,22.2656,3.2,21,0.0,1.0,42000036,10,io_intensive/cpu_intensive/interactive,SJF,0.07104557640750671,0.0,0.12734584450402145,0.24262734584450402,0.06300268096514745,0.75
21.0,1.0,5.136363636363637,22.75413223140496,3.3636363636363638,21.285714285714285,0.0,1.0,42000036,11,io_intensive/cpu_intensive/interactive,SJF,0.25565610859728505,0.0,0.05542986425339366,0.3269230769230769,0.20361990950226244,0.75
21.0,1.0,4.681818181818182,16.944214876033058,3.3636363636363638,19.761904761904763,0.0,1.0,42000036,12,io_intensive/cpu_intensive/interactive,SJF,0.19799498746867167,0.0,0.03759398496240601,0.2894736842105263,0.17293233082706766,0.75
20.0,0.0,4.4,17.14,3.25,17.75,0.0,1.0,42000036,13,io_intensive/cpu_intensive/interactive,SJF,0.30176767676767674,0.0,0.05808080808080808,0.3005050505050505,0.2058080808080808,0.75
18.0,1.0,3.9473684210526314,12.049861495844876,3.3684210526315788,18.055555555555557,0.0,1.0,42000036,14,io_intensive/cpu_intensive/interactive,SJF,0.06177606177606178,0.0,0.015444015444015444,0.21814671814671815,0.1718146718146718,0.75
13.0,1.0,4.642857142857143,10.943877551020408,3.2142857142857144,14.76923076923077,0.0,1.0,42000036,15,io_intensive/cpu_intensive/interactive,SRTF,0.5,0.006644518272425249,0.0,0.2541528239202658,0.21064188256090174,0.6719269102990033
12.0,0.0,4,7.833333333333333,3.1666666666666665,13.166666666666666,0.0,1.0,42000036,16,io_intensive/cpu_intensive/interactive,SRTF,0.4660493827160494,0.018518518518518517,0.0,0.26851851851851855,0.21296296296296297,0.75
8.0,0.0,3.375,6.234375,3.125,11.125,0.0,0.0,42000036,17,io_intensive/cpu_intensive/interactive,SJF,0.3188405797101449,0.0,0.014492753623188406,0.18115942028985507,0.19118988605459758,0.75
3.0,0.0,2.3333333333333335,3.5555555555555554,4,4,0.0,0.0,42000036,18,io_intensive/cpu_intensive/interactive,SJF,0.08333333333333333,0.0,0.013888888888888888,0.125,0.5,0.6666666666666666
2.0,0.0,10,36,3.5,1,0.0,1.0,42000036,19,io_intensive/cpu_intensive/interactive,FCFS,0.0,0.0,0.0,0.3333333333333333,0.0,0.75
13.0,2.0,5.4,41.70666666666666,2.533333333333333,4.6923076923076925,15.0,0.25,42000037,0,io_intensive/batch/cpu_intensive,SJF,0.75,0.09965635738831617,0.1494529829211343,0.27545909849749617,0.3627179319484364,0.8110697095388084
25.0,1.0,10.115384615384615,73.79437869822485,2.769230769230769,10.04,11.0,0.3888888888888889,42000037,1,io_intensive/batch/cpu_intensive,SJF,0.26426630434782583,0.21580547112462006,0.2850824302894144,0.3389945652173916,0.2891440630368707,0.8358662613981762
30.0,0.0,11.133333333333333,80.8488888888889,2.9,16.9,4.0,0.5,42000037,2,io_intensive/batch/cpu_intensive,SJF,0.1896372099275766,0.10918674698795175,0.17429550839340657,0.3110181311018136,0.75,0.7468965821444777
30.0,0.0,10.8,77.22666666666667,2.9,22.666666666666668,0.0,1.0,42000037,3,io_intensive/batch/cpu_intensive,SJF,0.5726469997993173,0.17727272727272728,0.2716385711418822,0.3427152317880795,0.75,0.739291089704997
29.0,1.0,10.233333333333333,67.97888888888889,2.9,27.20689655172414,0.0,0.0,42000037,4,io_intensive/batch/cpu_intensive,SJF,0.21865596790371072,0.0,0.11083249749247756,0.2632898696088265,0.5,0.6155967903711133
29.0,0.0,10.068965517241379,69.16765755053508,2.9655172413793105,27.79310344827586,0.0,1.0,42000037,5,io_intensive/batch/cpu_intensive,SJF,0.29867986798679896,0.0,0.0500550055005501,0.24312431243124327,0.5,0.6229372937293731
27.0,1.0,10.142857142857142,59.69387755102041,2.9285714285714284,25.74074074074074,0.0,1.0,42000037,6,io_intensive/batch/cpu_intensive,SRTF,0.49567723342939507,0.02881844380403492,0.0,0.3602305475504328,0.10302593659942334,0.75
28.0,0.0,9.428571428571429,55.95918367346939,2.9285714285714284,25,0.0,1.0,42000037,7,io_intensive/batch/cpu_intensive,SJF,0.3037904124860652,0.0,0.02842809364548478,0.26421404682274285,0.5,0.6368450390189522
27.0,1.0,8.928571428571429,55.85204081632653,2.9285714285714284,25.11111111111111,0.0,1.0,42000037,8,io_intensive/batch/cpu_intensive,SJF,0.4605095541401275,0.0,0.00828025477707013,0.23694267515923614,0.5,0.6117834394904457
28.0,0.0,8.428571428571429,50.53061224489796,2.9285714285714284,24.5,0.0,1.0,42000037,9,io_intensive/batch/cpu_intensive,SJF,0.09451219512195164,0.0,0.0512195121951222,0.2524390243902443,0.5,0.6207317073170732
27.0,1.0,8.321428571428571,46.57525510204081,2.9285714285714284,25.48148148148148,0.0,1.0,42000037,10,io_intensive/batch/cpu_intensive,SJF,0.26328800988875184,0.0,0.09579728059332482,0.25648949320148345,0.5,0.6362793572311497
24.0,1.0,8.64,44.7904,3,26.958333333333332,0.0,1.0,42000037,11,io_intensive/batch/cpu_intensive,SJF,0.5,0.0,0.03726362625139065,0.2424916573971081,0.41601779755283613,0.5875973303670744
25.0,0.0,7.96,39.2384,3,23.48,0.0,1.0,42000037,12,io_intensive/batch/cpu_intensive,SJF,0.1897506925207755,0.0,0.10387811634349033,0.2853185595567871,0.5,0.6578947368421051
23.0,1.0,8.208333333333334,42.498263888888886,3.0416666666666665,25,0.0,1.0,42000037,13,io_intensive/batch/cpu_intensive,SJF,0.48167539267015735,0.0,0.08551483420593343,0.3289703315881331,0.5,0.7386561954624781
23.0,0.0,8,34.608695652173914,2.9565217391304346,22.217391304347824,0.0,1.0,42000037,14,io_intensive/batch/cpu_intensive,SJF,0.5,0.0,0.014705882352941409,0.30462184873949627,0.48739495798319327,0.7205882352941175
21.0,1.0,7.590909090909091,36.0599173553719,3,22.666666666666668,0.0,1.0,42000037,15,io_intensive/batch/cpu_intensive,SJF,0.34722222222222254,0.0,0.034722222222222765,0.3492063492063494,0.5,0.7480158730158731
22.0,0.0,6.818181818181818,31.421487603305785,3,20.40909090909091,0.0,1.0,42000037,16,io_intensive/batch/cpu_intensive,SJF,0.41089108910891153,0.0,0.01361386138613892,0.31064356435643653,0.4616336633663377,0.75
19.0,0.0,7.578947368421052,31.401662049861496,3,20.57894736842105,0.0,1.0,42000037,17,io_intensive/batch/cpu_intensive,SJF,0.21203438395415503,0.0,0.07879656160458376,0.3137535816618918,0.4914040114613185,0.75
16.0,0.0,7.6875,28.08984375,2.9375,20.5625,0.0,0.0,42000037,18,io_intensive/batch/cpu_intensive,SJF,0.5,0.0,0.1389776357827492,0.3067092651757204,0.2731629392971256,0.7276357827476051
15.0,0.0,6.933333333333334,27.52888888888889,3.066666666666667,15.6,0.0,0.0,42000037,19,io_intensive/batch/cpu_intensive,SJF,0.34051724137931016,0.0,0.14655172413793124,0.3520114942528737,0.3893678160919544,0.75
14.0,0.0,6.285714285714286,20.489795918367346,3,12.928571428571429,0.0,1.0,42000037,20,io_intensive/batch/cpu_intensive,SJF,0.04243542435424258,0.0,0.22140221402213958,0.285977859778598,0.24723247232472295,0.75
13.0,0.0,9.076923076923077,31.14792899408284,3.1538461538461537,12.461538461538462,0.0,1.0,42000037,21,io_intensive/batch/cpu_intensive,SJF,0.33682008368200755,0.0,0.28033472803347365,0.3158995815899586,0.3389121338912142,0.75
11.0,0.0,8.818181818181818,19.60330578512397,3,10.909090909090908,0.0,0.0,42000037,22,io_intensive/batch/cpu_intensive,SJF,0.3408071748878936,0.0,0.21300448430493257,0.32511210762332,0.5,0.7477578475336344
10.0,0.0,7.7,15.41,3.2,9.4,0.0,0.0,42000037,23,io_intensive/batch/cpu_intensive,SJF,0.3943965517241386,0.0,0.1681034482758632,0.3340517241379316,0.435344827586207,0.75
10.0,0.0,8.5,54.05,3.2,8.9,0.0,1.0,42000037,24,io_intensive/batch/cpu_intensive,SJF,0.4213973799126644,0.0,0.2620087336244544,0.32969432314410685,0.4497816593886472,0.75
9.0,0.0,7.222222222222222,54.839506172839506,3.111111111111111,8.88888888888889,0.0,0.0,42000037,25,io_intensive/batch/cpu_intensive,SJF,0.36511627906976646,0.0,0.14883720930232583,0.32325581395348957,0.39767441860465247,0.75
7.0,0.0,12,56.57142857142857,2.7142857142857144,6.714285714285714,0.0,1.0,42000037,26,io_intensive/batch/cpu_intensive,SJF,0.2552447552447564,0.0,0.02797202797202647,0.30769230769230904,0.2272727272727276,0.75
6.0,0.0,13.5,33.25,2.6666666666666665,6.666666666666667,0.0,1.0,42000037,27,io_intensive/batch/cpu_intensive,SJF,0.023076923076921867,0.0,0.0,0.31538461538461854,0.13846153846153775,0.75
6.0,0.0,10.166666666666666,40.80555555555556,2.6666666666666665,5,0.0,0.0,42000037,28,io_intensive/batch/cpu_intensive,SJF,0.31048387096774205,0.0,0.0,0.3064516129032296,0.27419354838709953,0.75
4.0,0.0,10.25,10.6875,2.25,3.75,0.0,0.0,42000037,29,io_intensive/batch/cpu_intensive,SJF,0.21551724137931383,0.0,0.0,0.43103448275862477,0.15517241379310903,0.75
4.0,0.0,5.25,7.1875,2.25,3,0.0,0.0,42000037,30,io_intensive/batch/cpu_intensive,SJF,0.08064516129032968,0.0,0.0,0.29032258064516486,0.12903225806452198,0.75
12.0,1.0,12.76923076923077,62.485207100591715,2.6923076923076925,9.083333333333334,13.0,0.13333333333333333,42000038,0,mixed/interactive/io_intensive,SRTF,0.6702127659574468,0.05758963325303288,0.0,0.3717010089679225,0.5710890233362145,0.7406995347468693
24.0,0.0,7.166666666666667,49.05555555555556,3.125,11.291666666666666,12.0,0.07692307692307693,42000038,1,mixed/interactive/io_intensive,SRTF,0.6652139461172741,0.07884310618066559,0.07009803921568583,0.2886392591902051,0.5901960784313727,0.7444695627854948
35.0,0.0,5.371428571428571,36.57632653061224,3.085714285714286,16.37142857142857,11.0,0.26666666666666666,42000038,2,mixed/interactive/io_intensive,SRTF,0.5320351758793972,0.14396284829721356,0.09422110552763863,0.34732874900819877,0.5320351758793972,0.856811145510836
34.0,1.0,5.0285714285714285,32.25632653061224,3.085714285714286,24.352941176470587,0.0,1.0,42000038,3,mixed/interactive/io_intensive,SJF,0.5379575784686497,0.19485294117647065,0.26943077611272664,0.3244613434727502,0.6581115335868191,0.8419117647058825
33.0,1.0,4.911764705882353,30.903979238754324,3.0294117647058822,29.515151515151516,0.0,1.0,42000038,4,mixed/interactive/io_intensive,SJF,0.5789473684210524,0.2171052631578944,0.29088993144017106,0.30283353010625746,0.6431523022432115,0.767297893494066
34.0,0.0,4.647058823529412,29.993079584775085,3.0294117647058822,27.352941176470587,0.0,1.0,42000038,5,mixed/interactive/io_intensive,SJF,0.30339462517680316,0.0,0.12022630834512044,0.33875530410183863,0.21004243281471013,0.75
33.0,1.0,4.617647058823529,27.647923875432525,3.0294117647058822,27.78787878787879,0.0,1.0,42000038,6,mixed/interactive/io_intensive,SJF,0.3437146092865233,0.0,0.1460928652321635,0.34711211778029444,0.38278595696489237,0.75
31.0,3.0,4.5588235294117645,24.658304498269896,3.0294117647058822,26.806451612903224,0.0,1.0,42000038,7,mixed/interactive/io_intensive,SJF,0.44512195121951226,0.0,0.12872628726287247,0.3252032520325199,0.4119241192411922,0.75
30.0,2.0,4.6875,21.65234375,2.96875,26.1,0.0,1.0,42000038,8,mixed/interactive/io_intensive,SJF,0.3206686930091182,0.0,0.1489361702127661,0.3183890577507595,0.34802431610942214,0.75
28.0,2.0,4.666666666666667,17.355555555555554,2.966666666666667,26.107142857142858,0.0,1.0,42000038,9,mixed/interactive/io_intensive,SJF,0.4163851351351352,0.0,0.14780405405405386,0.30489864864864824,0.3597972972972971,0.75
28.0,1.0,4.724137931034483,17.30321046373365,2.896551724137931,24.178571428571427,0.0,1.0,42000038,10,mixed/interactive/io_intensive,SJF,0.18804159445407267,0.0,0.13951473136915102,0.32235701906412434,0.22790294627382984,0.75
27.0,1.0,4.285714285714286,14.418367346938776,2.9285714285714284,24.703703703703702,0.0,1.0,42000038,11,mixed/interactive/io_intensive,SJF,0.13725490196078335,0.0,0.16274509803921497,0.27745098039215627,0.20784313725490106,0.75
24.0,3.0,4.074074074074074,12.73525377229081,2.925925925925926,26.625,0.0,1.0,42000038,12,mixed/interactive/io_intensive,SJF,0.2889733840304187,0.0,0.14638783269961958,0.29277566539923916,0.2680608365019005,0.75
24.0,1.0,4,11.2,2.88,23.083333333333332,0.0,1.0,42000038,13,mixed/interactive/io_intensive,SJF,0.26532567049808475,0.0,0.19252873563218403,0.3180076628352493,0.13697318007662856,0.75
22.0,1.0,4,7.826086956521739,2.9130434782608696,21.454545454545453,0.0,1.0,42000038,14,mixed/interactive/io_intensive,SJF,0.16981132075471708,0.0,0.15094339622641464,0.28066037735848964,0.1922169811320753,0.75
20.0,1.0,3.6666666666666665,8.031746031746032,2.9523809523809526,20.65,0.0,1.0,42000038,15,mixed/interactive/io_intensive,SJF,0.2265822784810128,0.0,0.23291139240506356,0.3139240506329113,0.3518987341772153,0.75
21.0,0.0,2.857142857142857,5.836734693877551,2.9523809523809526,18.428571428571427,0.0,1.0,42000038,16,mixed/interactive/io_intensive,SJF,0.19630872483221493,0.0,0.07046979865771932,0.22818791946308703,0.43456375838926287,0.75
16.0,1.0,3.8823529411764706,22.103806228373703,3.176470588235294,19.4375,0.0,1.0,42000038,17,mixed/interactive/io_intensive,SJF,0.15966386554621836,0.0,0.048319327731091787,0.21218487394957897,0.5,0.7079831932773102
11.0,1.0,4.75,19.020833333333332,3.25,12.181818181818182,0.0,1.0,42000038,18,mixed/interactive/io_intensive,SJF,0.1384180790960462,0.0,0.11016949152542535,0.27401129943502744,0.40395480225988567,0.75
10.0,0.0,6.8,71.76,3.3,9,0.0,1.0,42000038,19,mixed/interactive/io_intensive,SRTF,0.10948905109489188,0.01824817518248198,0.0,0.25182481751824626,0.38321167883211416,0.75
7.0,1.0,6.875,72.859375,3,6.714285714285714,0.0,1.0,42000038,20,mixed/interactive/io_intensive,SRTF,0.3074534161490679,0.015527950310557996,0.0,0.14596273291925305,0.5,0.5450310559006197
3.0,0.0,12,80.66666666666667,2.6666666666666665,4.666666666666667,0.0,1.0,42000038,21,mixed/interactive/io_intensive,SJF,0.16666666666666252,0.0,0.0,0.1818181818181745,0.5,0.5075757575757652
2.0,0.0,7.5,30.25,2,1,0.0,0.0,42000038,22,mixed/interactive/io_intensive,FCFS,0.0,0.0,0.0,0.0,0.0,0.75
11.0,4.0,3.3333333333333335,7.955555555555556,2.8666666666666667,5.2727272727272725,15.0,0.21052631578947367,42000039,0,io_intensive/mixed/interactive,SJF,0.38115442575162406,0.25,0.36759389642366,0.32146709816612706,0.7232824427480917,0.8283225046732049
24.0,1.0,5.72,34.4416,2.76,11.291666666666666,10.0,0.47368421052631576,42000039,1,io_intensive/mixed/interactive,SJF,0.4695740365111561,0.12275449101796407,0.20537525354969577,0.4587376970197534,0.6735717206560508,0.9166666666666666
36.0,0.0,4.083333333333333,24.743055555555557,2.888888888888889,16.666666666666668,11.0,0.26666666666666666,42000039,2,io_intensive/mixed/interactive,SJF,0.47305909617612985,0.11846689895470376,0.20625724217844726,0.4670231063343574,0.7465156794425087,0.9373549040903421
35.0,1.0,3.6666666666666665,25.22222222222222,2.888888888888889,26.17142857142857,0.0,1.0,42000039,3,io_intensive/mixed/interactive,SJF,0.7296650717703355,0.07363636363636367,0.23882775119617244,0.30442583732057416,0.6449760765550245,0.8309090909090909
33.0,3.0,3.861111111111111,20.286265432098766,2.888888888888889,28.727272727272727,0.0,1.0,42000039,4,io_intensive/mixed/interactive,SJF,0.44196481724014813,0.10304054054054046,0.2757247886653173,0.24559471365638766,0.75,0.6523916537683058
33.0,2.0,3.914285714285714,18.878367346938777,2.914285714285714,26.424242424242426,0.0,1.0,42000039,5,io_intensive/mixed/interactive,SJF,0.14940828402366854,0.0,0.302514792899408,0.28994082840236646,0.48742603550295843,0.75
31.0,3.0,3.8823529411764706,16.22145328719723,2.911764705882353,26.193548387096776,0.0,1.0,42000039,6,io_intensive/mixed/interactive,SJF,0.01681286549707594,0.0,0.148391812865497,0.17836257309941503,0.5,0.6045321637426901
31.0,1.0,3.59375,16.6787109375,2.875,28.29032258064516,0.0,1.0,42000039,7,io_intensive/mixed/interactive,SJF,0.36103896103896116,0.0,0.1720779220779222,0.23701298701298695,0.5,0.6500000000000001
31.0,0.0,3.3225806451612905,16.347554630593134,2.903225806451613,28.548387096774192,0.0,1.0,42000039,8,io_intensive/mixed/interactive,SJF,0.13754325259515582,0.0,0.23269896193771622,0.26903114186851174,0.5,0.7067474048442904
28.0,1.0,3.1379310344827585,15.015457788347206,2.9655172413793105,31.321428571428573,0.0,1.0,42000039,9,io_intensive/mixed/interactive,SJF,0.22605363984674362,0.0,0.09291187739463613,0.2212643678160918,0.5,0.6829501915708817
25.0,2.0,3.259259259259259,15.155006858710562,2.925925925925926,27.72,0.0,1.0,42000039,10,io_intensive/mixed/interactive,SJF,0.464130434782608,0.0,0.08695652173913053,0.20108695652173866,0.5,0.6749999999999994
21.0,1.0,3.590909090909091,16.514462809917354,3,23.428571428571427,0.0,1.0,42000039,11,io_intensive/mixed/interactive,SJF,0.4775449101796406,0.0,0.11227544910179686,0.23952095808383195,0.49101796407185616,0.75
19.0,1.0,4.1,24.89,2.9,20.57894736842105,0.0,1.0,42000039,12,io_intensive/mixed/interactive,SJF,0.4186440677966103,0.0,0.030508474576271184,0.23050847457627077,0.5,0.7330508474576275
17.0,1.0,3.888888888888889,24.209876543209877,2.9444444444444446,16.88235294117647,0.0,1.0,42000039,13,io_intensive/mixed/interactive,SJF,0.15767634854771806,0.0,0.09336099585062238,0.2157676348547715,0.5,0.7251037344398341
12.0,1.0,4.153846153846154,28.130177514792898,2.769230769230769,17.25,0.0,1.0,42000039,14,io_intensive/mixed/interactive,SJF,0.362790697674419,0.0,0.1651162790697678,0.26744186046511564,0.37441860465116295,0.75
9.0,2.0,8.090909090909092,62.082644628099175,2.4545454545454546,10.222222222222221,0.0,1.0,42000039,15,io_intensive/mixed/interactive,SRTF,0.38222222222222174,0.048888888888887774,0.0,0.30888888888888777,0.36666666666666603,0.75
8.0,1.0,7.777777777777778,61.06172839506173,2.5555555555555554,9.375,0.0,1.0,42000039,16,io_intensive/mixed/interactive,SRTF,0.4726027397260266,0.030821917808219187,0.0,0.2910958904109573,0.35616438356164354,0.75
4.0,0.0,13,13.5,2.25,4.25,0.0,1.0,42000039,17,io_intensive/mixed/interactive,SRTF,0.10759493670886214,0.006329113924053076,0.0,0.3734177215189864,0.13924050632911456,0.75
4.0,0.0,8,15.5,2.25,3,0.0,0.0,42000039,18,io_intensive/mixed/interactive,SJF,0.2717391304347798,0.0,0.0,0.32608695652173486,0.10869565217391458,0.75
2.0,0.0,5.5,6.25,2.5,1.5,0.0,0.0,42000039,19,io_intensive/mixed/interactive,SJF,0.5,0.0,0.0,0.39999999999995905,0.0,0.34999999999997955
11.0,0.0,10.818181818181818,27.05785123966942,2.272727272727273,7.909090909090909,11.0,0.0,42000040,0,batch/interactive/io_intensive,SJF,0.4103585657370521,0.03063725490196076,0.0498007968127489,0.37232686899460976,0.7095588235294119,0.7951966643230993
22.0,1.0,5.521739130434782,25.032136105860115,2.739130434782609,10.545454545454545,12.0,0.0,42000040,1,batch/interactive/io_intensive,SJF,0.637225548902196,0.16077738515901063,0.1951097804391218,0.3919519618007801,0.7385159010600706,0.8332028522460379
32.0,2.0,4.147058823529412,16.53719723183391,2.735294117647059,16.1875,11.0,0.21428571428571427,42000040,2,batch/interactive/io_intensive,SRTF,0.7272481040086671,0.18536931818181812,0.14842903575297944,0.3425288399980301,0.7478693181818181,0.7992442196887619
32.0,2.0,3.8823529411764706,14.280276816608996,2.735294117647059,24.0625,0.0,1.0,42000040,3,batch/interactive/io_intensive,SJF,0.5142021276595742,0.1928191489361702,0.22429413456009245,0.26270270270270285,0.75,0.7565986198964919
32.0,2.0,3.8823529411764706,13.162629757785467,2.735294117647059,24.9375,0.0,1.0,42000040,4,batch/interactive/io_intensive,SJF,0.3585743499853932,0.23809523809523814,0.47699386503067526,0.283435582822086,0.6130952380952381,0.6960780017528487
32.0,2.0,3.6176470588235294,11.412629757785467,2.735294117647059,27.1875,0.0,1.0,42000040,5,batch/interactive/io_intensive,SJF,0.384456671251719,0.0,0.27235213204951847,0.2826685006877577,0.5,0.6970426409903712
33.0,0.0,3.3636363636363638,9.50413223140496,2.787878787878788,28.515151515151516,0.0,1.0,42000040,6,batch/interactive/io_intensive,SJF,0.25115207373271886,0.0,0.361751152073733,0.3018433179723501,0.49769585253456194,0.75
29.0,2.0,3.774193548387097,12.626430801248699,2.7419354838709675,29.862068965517242,0.0,1.0,42000040,7,batch/interactive/io_intensive,SJF,0.08419497784342658,0.0,0.34564254062038446,0.3146233382570163,0.5,0.7211964549483018
30.0,1.0,4.064516129032258,19.995837669094694,2.7419354838709675,26.833333333333332,0.0,1.0,42000040,8,batch/interactive/io_intensive,SJF,0.3411680911680912,0.0,0.19017094017094055,0.3055555555555555,0.5,0.7321937321937324
26.0,5.0,4.612903225806452,20.43080124869927,2.7419354838709675,25.653846153846153,0.0,1.0,42000040,9,batch/interactive/io_intensive,SJF,0.22646103896103903,0.0,0.21347402597402626,0.31980519480519465,0.3749999999999999,0.75
28.0,2.0,4.566666666666666,18.845555555555556,2.6666666666666665,25.035714285714285,0.0,1.0,42000040,10,batch/interactive/io_intensive,SJF,0.2989949748743718,0.0,0.20603015075376918,0.30737018425460677,0.38777219430485776,0.75
28.0,1.0,4.517241379310345,15.97384066587396,2.689655172413793,22.642857142857142,0.0,1.0,42000040,11,batch/interactive/io_intensive,SJF,0.38404605263157854,0.0,0.21957236842105232,0.3330592105263156,0.3922697368421053,0.75
28.0,1.0,4.0344827586206895,14.860879904875148,2.689655172413793,24.642857142857142,0.0,1.0,42000040,12,batch/interactive/io_intensive,SJF,0.18949343339587219,0.0,0.19324577861163225,0.3105065666041278,0.37617260787992524,0.75
25.0,2.0,3.888888888888889,15.654320987654321,2.6666666666666665,27.24,0.0,1.0,42000040,13,batch/interactive/io_intensive,SJF,0.34815618221258116,0.0,0.11388286334056437,0.29501084598698474,0.4848156182212585,0.75
26.0,1.0,3.4074074074074074,12.53772290809328,2.6666666666666665,26.46153846153846,0.0,1.0,42000040,14,batch/interactive/io_intensive,SJF,0.23440860215053705,0.0,0.14516129032258027,0.27526881720430074,0.46129032258064506,0.75
24.0,0.0,3.8333333333333335,11.63888888888889,2.5833333333333335,22.166666666666668,0.0,1.0,42000040,15,batch/interactive/io_intensive,SJF,0.3934065934065939,0.0,0.1747252747252752,0.29890109890109906,0.4351648351648359,0.75
21.0,0.0,3.857142857142857,8.979591836734693,2.4285714285714284,19.61904761904762,0.0,1.0,42000040,16,batch/interactive/io_intensive,SJF,0.21650717703349254,0.0,0.17105263157894676,0.32057416267942573,0.4653110047846891,0.75
20.0,1.0,3.761904761904762,10.657596371882086,2.4285714285714284,18.35,0.0,1.0,42000040,17,batch/interactive/io_intensive,SJF,0.394805194805195,0.0,0.09350649350649237,0.28051948051948017,0.3532467532467536,0.75
20.0,0.0,3.85,13.0275,2.3,17.2,0.0,1.0,42000040,18,batch/interactive/io_intensive,SJF,0.20616883116883183,0.0,0.061688311688312035,0.22727272727272757,0.5,0.6948051948051948
14.0,1.0,4.133333333333334,12.382222222222222,2.066666666666667,19.714285714285715,0.0,1.0,42000040,19,batch/interactive/io_intensive,SRTF,0.38888888888889017,0.0530303030303037,0.0,0.25252525252525265,0.37878787878787945,0.75
10.0,0.0,4.5,11.45,2,16.5,0.0,1.0,42000040,20,batch/interactive/io_intensive,SRTF,0.20890410958904224,0.0547945205479481,0.0,0.26027397260274027,0.44863013698630194,0.75
6.0,1.0,4.571428571428571,6.816326530612245,1.7142857142857142,7,0.0,1.0,42000040,21,batch/interactive/io_intensive,SRTF,0.28921568627451205,0.004901960784314952,0.0,0.259803921568628,0.279411764705884,0.75
5.0,0.0,2.8,2.16,1.8,4.4,0.0,1.0,42000040,22,batch/interactive/io_intensive,SJF,0.08333333333333781,0.0,0.0,0.08333333333333781,0.2638888888888896,0.75
9.0,0.0,17,64,2.6666666666666665,6.222222222222222,9.0,0.0,42000041,0,cpu_intensive/io_intensive/interactive,SJF,0.5441176470588236,0.07161687170474516,0.09182209469153516,0.4201114240543832,0.16644267548847308,0.8216168717047452
20.0,1.0,8.095238095238095,63.70521541950114,2.9047619047619047,10.8,12.0,0.0,42000041,1,cpu_intensive/io_intensive/interactive,SJF,0.6725609756097561,0.06184210526315789,0.14329268292682926,0.41623876765083434,0.3173459563543004,0.8453947368421053
31.0,1.0,5.6875,44.08984375,2.71875,15.741935483870968,11.0,0.21428571428571427,42000041,2,cpu_intensive/io_intensive/interactive,SJF,0.5772849462365591,0.05652173913043478,0.176747311827957,0.38931743805516594,0.37386629266012156,0.8594202898550725
30.0,2.0,5.3125,41.58984375,2.71875,23.9,0.0,1.0,42000041,3,cpu_intensive/io_intensive/interactive,SJF,0.4146153846153846,0.08726415094339622,0.2315820029027576,0.3030769230769231,0.39149492017416543,0.9009433962264151
29.0,3.0,5.125,39.796875,2.71875,28.17241379310345,0.0,1.0,42000041,4,cpu_intensive/io_intensive/interactive,SJF,0.684375,0.14375,0.32588815789473685,0.23526315789473684,0.3763157894736842,0.6484868421052632
31.0,1.0,4.9375,36.37109375,2.71875,26.032258064516128,0.0,1.0,42000041,5,cpu_intensive/io_intensive/interactive,SJF,0.29476584022038566,0.0,0.25,0.3236914600550964,0.13705234159779614,0.75
32.0,0.0,4.59375,33.3662109375,2.71875,24.59375,0.0,1.0,42000041,6,cpu_intensive/io_intensive/interactive,SJF,0.5,0.0,0.1854014598540146,0.2656934306569343,0.11386861313868613,0.7281021897810219
30.0,1.0,4.806451612903226,29.704474505723205,2.774193548387097,22.133333333333333,0.0,1.0,42000041,7,cpu_intensive/io_intensive/interactive,SJF,0.5,0.0,0.13210702341137123,0.2653288740245262,0.15328874024526198,0.6362876254180602
29.0,2.0,4.451612903225806,26.247658688865766,2.774193548387097,24.75862068965517,0.0,1.0,42000041,8,cpu_intensive/io_intensive/interactive,SJF,0.23934426229508196,0.0,0.0942622950819672,0.2983606557377049,0.19508196721311474,0.75
27.0,2.0,4.344827586206897,26.50178359096314,2.896551724137931,26.814814814814813,0.0,1.0,42000041,9,cpu_intensive/io_intensive/interactive,SJF,0.5,0.0,0.1375579598145286,0.2302936630602782,0.1197836166924266,0.6541731066460587
27.0,1.0,4.142857142857143,24.051020408163264,2.857142857142857,23.555555555555557,0.0,1.0,42000041,10,cpu_intensive/io_intensive/interactive,SJF,0.5,0.0,0.14913657770800628,0.2692307692307692,0.20957613814756676,0.6942700156985872
26.0,2.0,5.428571428571429,41.173469387755105,2.857142857142857,21.76923076923077,0.0,1.0,42000041,11,cpu_intensive/io_intensive/interactive,SJF,0.5,0.0,0.1606060606060606,0.23737373737373738,0.10404040404040404,0.7136363636363636
23.0,2.0,6,41.68,2.64,24.217391304347824,0.0,1.0,42000041,12,cpu_intensive/io_intensive/interactive,SJF,0.5,0.0,0.12345679012345678,0.25220458553791886,0.12874779541446207,0.6529982363315696
22.0,1.0,6,34.95652173913044,2.5652173913043477,22.272727272727273,0.0,1.0,42000041,13,cpu_intensive/io_intensive/interactive,SJF,0.40498812351543945,0.0,0.09738717339667459,0.29097387173396677,0.07719714964370546,0.75
22.0,0.0,5.545454545454546,37.247933884297524,2.5,19.454545454545453,0.0,1.0,42000041,14,cpu_intensive/io_intensive/interactive,SRTF,0.5,0.031335149863760216,0.0,0.27520435967302453,0.4019073569482289,0.7282016348773842
20.0,0.0,5.1,33.59,2.55,21.05,0.0,0.0,42000041,15,cpu_intensive/io_intensive/interactive,SJF,0.3487394957983193,0.0,0.05742296918767507,0.26330532212885155,0.19607843137254902,0.75
13.0,4.0,5.705882352941177,33.61937716262976,2.6470588235294117,16.46153846153846,0.0,1.0,42000041,16,cpu_intensive/io_intensive/interactive,SJF,0.5,0.0,0.037037037037037035,0.31339031339031337,0.36182336182336183,0.7186609686609686
14.0,1.0,5.666666666666667,26.622222222222224,2.6666666666666665,12.857142857142858,0.0,1.0,42000041,17,cpu_intensive/io_intensive/interactive,SRTF,0.5,0.018867924528301886,0.0,0.28459119496855345,0.2389937106918239,0.7169811320754716
12.0,1.0,5.230769230769231,20.485207100591715,2.6923076923076925,11.333333333333334,0.0,1.0,42000041,18,cpu_intensive/io_intensive/interactive,SJF,0.3456221198156682,0.0,0.05529953917050692,0.2903225806451613,0.3640552995391705,0.75
11.0,0.0,4.636363636363637,16.049586776859503,2.8181818181818183,8.454545454545455,0.0,1.0,42000041,19,cpu_intensive/io_intensive/interactive,SJF,0.315,0.0,0.27,0.305,0.4575,0.75
6.0,1.0,6.714285714285714,22.775510204081634,3,6.833333333333333,0.0,0.0,42000041,20,cpu_intensive/io_intensive/interactive,SJF,0.2887323943661972,0.0,0.23943661971830982,0.30985915492957744,0.2147887323943662,0.75
5.0,1.0,17.833333333333332,85.47222222222223,2.6666666666666665,5.2,0.0,1.0,42000041,21,cpu_intensive/io_intensive/interactive,SJF,0.09191176470588236,0.0,0.0,0.3235294117647059,0.10294117647058823,0.75
6.0,0.0,14.5,83.91666666666667,2.6666666666666665,5,0.0,1.0,42000041,22,cpu_intensive/io_intensive/interactive,SJF,0.3093220338983051,0.0,0.0,0.3728813559322034,0.3432203389830508,0.75
5.0,0.0,13.4,67.84,2.6,4,0.0,0.0,42000041,23,cpu_intensive/io_intensive/interactive,SJF,0.30246913580246915,0.0,0.0,0.35802469135802467,0.30246913580246915,0.75
4.0,0.0,11.75,41.1875,2.5,3,0.0,0.0,42000041,24,cpu_intensive/io_intensive/interactive,SRTF,0.3220338983050847,0.03389830508474576,0.0,0.3728813559322034,0.11016949152542373,0.75
3.0,0.0,8.666666666666666,0.8888888888888888,2.6666666666666665,2,0.0,0.0,42000041,25,cpu_intensive/io_intensive/interactive,FCFS,0.0,0.0,0.0,0.2903225806451613,0.0,0.75
2.0,0.0,3,1,3,3,0.0,0.0,42000041,26,cpu_intensive/io_intensive/interactive,FCFS,0.0,0.0,0.0,0.0,0.0,0.75
14.0,1.0,2.466666666666667,1.048888888888889,2.933333333333333,5.357142857142857,15.0,0.21052631578947367,42000042,0,interactive/mixed/io_intensive,SJF,0.08879950141228393,0.03666077738515903,0.09329079328050141,0.10558252427184465,0.75,0.5101890287831486
24.0,1.0,4.92,46.8736,2.76,11.041666666666666,12.0,0.29411764705882354,42000042,1,interactive/mixed/io_intensive,SJF,0.22956678067175323,0.10802469135802463,0.12302805304646955,0.1925808997632203,0.75,0.5995084139651359
33.0,1.0,3.911764705882353,32.37456747404844,2.911764705882353,16.666666666666668,9.0,0.3076923076923077,42000042,2,interactive/mixed/io_intensive,SJF,0.642774644104217,0.1222910216718266,0.15520590355825112,0.17899543378995422,0.75,0.6275386290060366
34.0,0.0,3.6470588235294117,30.81660899653979,2.911764705882353,22.264705882352942,0.0,1.0,42000042,3,interactive/mixed/io_intensive,SJF,0.21544626294194513,0.13212435233160633,0.169563469218046,0.1847442680776013,0.75,0.6095758971406642
28.0,4.0,3.78125,32.6708984375,3,29.392857142857142,0.0,1.0,42000042,4,interactive/mixed/io_intensive,SJF,0.32915244596131965,0.11249999999999992,0.20873151308304916,0.2013651877133104,0.75,0.5759670079635947
30.0,2.0,3.75,26.3125,3,25.7,0.0,1.0,42000042,5,interactive/mixed/io_intensive,SJF,0.09623217922606928,0.0,0.08248472505091652,0.14663951120162935,0.5,0.5218940936863545
26.0,3.0,4.137931034482759,27.912009512485138,2.9655172413793105,24.923076923076923,0.0,1.0,42000042,6,interactive/mixed/io_intensive,SJF,0.32390608324439707,0.0,0.11205976520811109,0.19690501600853794,0.5,0.5675026680896478
28.0,1.0,4.137931034482759,26.187871581450654,2.9655172413793105,20.285714285714285,0.0,1.0,42000042,7,interactive/mixed/io_intensive,SJF,0.5,0.0,0.10182207931404069,0.18595927116827426,0.5,0.5431404072883169
27.0,1.0,3.857142857142857,22.908163265306122,2.892857142857143,22.14814814814815,0.0,1.0,42000042,8,interactive/mixed/io_intensive,SJF,0.20253929866989107,0.0,0.11064087061668665,0.22974607013301074,0.5,0.6133615477629983
28.0,0.0,3.5,23.892857142857142,2.892857142857143,22.607142857142858,0.0,1.0,42000042,9,interactive/mixed/io_intensive,SJF,0.32260024301336576,0.0,0.10024301336573471,0.1974483596597812,0.5,0.5671324422843256
26.0,2.0,3.107142857142857,18.95280612244898,2.892857142857143,24.192307692307693,0.0,1.0,42000042,10,interactive/mixed/io_intensive,SJF,0.16855524079320083,0.0,0.10764872521246413,0.17634560906515562,0.5,0.56728045325779
24.0,4.0,3.4285714285714284,18.459183673469386,2.892857142857143,22.75,0.0,1.0,42000042,11,interactive/mixed/io_intensive,SJF,0.295549374130737,0.0,0.09040333796940178,0.1842837273991654,0.5,0.5796244784422806
26.0,1.0,3.3703703703703702,14.307270233196158,2.962962962962963,17.192307692307693,0.0,1.0,42000042,12,interactive/mixed/io_intensive,SJF,0.12586206896551744,0.0,0.1612068965517246,0.18793103448275886,0.5,0.617241379310345
23.0,2.0,3.44,15.0464,2.96,20.130434782608695,0.0,1.0,42000042,13,interactive/mixed/io_intensive,SJF,0.26470588235294124,0.0,0.03676470588235343,0.16452205882352963,0.5,0.5955882352941181
21.0,2.0,3.1739130434782608,13.361058601134216,2.9565217391304346,21.047619047619047,0.0,1.0,42000042,14,interactive/mixed/io_intensive,SJF,0.3891304347826094,0.0,0.18260869565217408,0.1945652173913047,0.5,0.619565217391305
20.0,1.0,3.1904761904761907,13.392290249433106,3.0952380952380953,17.85,0.0,1.0,42000042,15,interactive/mixed/io_intensive,SJF,0.5,0.0,0.08529945553539019,0.22141560798548093,0.43375680580762266,0.6175136116152453
18.0,3.0,3,9.333333333333334,3.0952380952380953,15.11111111111111,0.0,1.0,42000042,16,interactive/mixed/io_intensive,SJF,0.09016393442622907,0.0,0.10983606557376993,0.24262295081967147,0.45901639344262224,0.75
16.0,1.0,3.0588235294117645,11.231833910034602,3.176470588235294,16.3125,0.0,1.0,42000042,17,interactive/mixed/io_intensive,SJF,0.5,0.0,0.007722007722007551,0.21042471042471012,0.4864864864864868,0.7210424710424709
10.0,3.0,3.3076923076923075,9.289940828402367,3.4615384615384617,16.2,0.0,1.0,42000042,18,interactive/mixed/io_intensive,SJF,0.2099236641221383,0.0,0.009541984732825,0.1526717557251914,0.5,0.5610687022900761
8.0,1.0,3.7777777777777777,13.506172839506172,3.6666666666666665,9.875,0.0,1.0,42000042,19,interactive/mixed/io_intensive,SJF,0.10377358490565851,0.0,0.03144654088050258,0.12578616352201227,0.5,0.6210691823899381
3.0,1.0,4,6.5,3.25,3.3333333333333335,0.0,1.0,42000042,20,interactive/mixed/io_intensive,SJF,0.45192307692307393,0.0,0.02884615384615328,0.3846153846153829,0.28846153846153866,0.75
2.0,0.0,12,121,3,1,0.0,1.0,42000042,21,interactive/mixed/io_intensive,SRTF,0.11764705882354323,0.11764705882354323,0.0,0.5,0.11764705882354323,0.5735294117647123
2.0,0.0,11.5,2.25,3,1,0.0,1.0,42000042,22,interactive/mixed/io_intensive,FCFS,0.0,0.0,0.0,0.5,0.0,0.4375000000000415
1.0,0.0,3,0,5,0,0.0,0.0,42000042,23,interactive/mixed/io_intensive,FCFS,0.0,0.0,0.0,0.0,0.0,0.0
11.0,0.0,12.181818181818182,21.96694214876033,3.090909090909091,7.454545454545454,11.0,0.0,42000043,0,batch/io_intensive/mixed,SJF,0.25962627406568517,0.0131366781966016,0.06511891279728252,0.3927207730336654,0.2306889352818372,0.8429018789144049
22.0,1.0,7.043478260869565,26.215500945179585,2.8260869565217392,11.818181818181818,12.0,0.0,42000043,1,batch/io_intensive/mixed,SJF,0.3724194669282967,0.09722222222222214,0.14768211920529797,0.33774221241108615,0.4360927152317876,0.8541666666666665
31.0,3.0,8.294117647058824,38.73702422145329,2.911764705882353,17.161290322580644,11.0,0.08333333333333333,42000043,2,batch/io_intensive/mixed,SJF,0.635216346153846,0.15700808625336934,0.24609132023636737,0.35697115384615385,0.5720214337549246,0.8173854447439353
34.0,0.0,7.823529411764706,39.02768166089965,2.911764705882353,23.558823529411764,0.0,1.0,42000043,3,batch/io_intensive/mixed,SJF,0.6336116910229646,0.23235294117647076,0.3777968807564778,0.3528183716075154,0.6441176470588237,0.7915510254206062
33.0,1.0,7.323529411764706,35.21885813148789,2.911764705882353,29.757575757575758,0.0,1.0,42000043,4,batch/io_intensive/mixed,SJF,0.5324905744067419,0.1796296296296297,0.41630073186959415,0.36107784431137735,0.31526946107784404,0.7925925925925925
33.0,1.0,6.9411764705882355,31.290657439446367,2.911764705882353,30.515151515151516,0.0,1.0,42000043,5,batch/io_intensive/mixed,SJF,0.39556962025316417,0.0,0.26772151898734153,0.3335443037974682,0.37405063291139207,0.75
32.0,2.0,7.411764705882353,31.359861591695502,2.911764705882353,28.5,0.0,1.0,42000043,6,batch/io_intensive/mixed,SJF,0.3247162673392179,0.0,0.2150063051702396,0.34993694829760397,0.4041614123581336,0.75
30.0,4.0,7.117647058823529,26.397923875432525,2.911764705882353,31.166666666666668,0.0,1.0,42000043,7,batch/io_intensive/mixed,SJF,0.3789473684210528,0.0,0.20394736842105216,0.3486842105263155,0.14539473684210535,0.75
33.0,1.0,6.647058823529412,24.757785467128027,2.911764705882353,29.242424242424242,0.0,1.0,42000043,8,batch/io_intensive/mixed,SJF,0.3942006269592475,0.0,0.16379310344827544,0.31191222570532895,0.28918495297805624,0.75
34.0,0.0,6.294117647058823,25.089965397923876,2.911764705882353,28.205882352941178,0.0,1.0,42000043,9,batch/io_intensive/mixed,SJF,0.29253365973072215,0.0,0.1321909424724601,0.3543451652386781,0.37148102815177464,0.75
34.0,0.0,5.705882352941177,21.089965397923876,2.911764705882353,30.11764705882353,0.0,0.0,42000043,10,batch/io_intensive/mixed,SJF,0.36798905608755106,0.0,0.1969904240766075,0.319425444596443,0.1566347469220244,0.75
32.0,2.0,5.882352941176471,22.45674740484429,2.911764705882353,29.40625,0.0,1.0,42000043,11,batch/io_intensive/mixed,SJF,0.3528925619834713,0.0,0.19008264462809982,0.3049586776859504,0.3553719008264468,0.75
30.0,4.0,5.705882352941177,22.14878892733564,2.911764705882353,31.033333333333335,0.0,1.0,42000043,12,batch/io_intensive/mixed,SJF,0.339385474860335,0.0,0.12290502793296111,0.3421787709497206,0.37569832402234693,0.75
33.0,1.0,5.352941176470588,18.169550173010382,2.911764705882353,28.363636363636363,0.0,1.0,42000043,13,batch/io_intensive/mixed,SJF,0.3394957983193285,0.0,0.01344537815126062,0.27226890756302546,0.10336134453781531,0.75
33.0,1.0,4.970588235294118,15.263840830449826,2.911764705882353,28.636363636363637,0.0,1.0,42000043,14,batch/io_intensive/mixed,SRTF,0.2982456140350872,0.017543859649123774,0.0,0.24671052631578927,0.24890350877192977,0.75
29.0,1.0,5.133333333333334,16.448888888888888,2.7333333333333334,31.551724137931036,0.0,1.0,42000043,15,batch/io_intensive/mixed,SRTF,0.46036585365853727,0.08943089430894344,0.0,0.29268292682926833,0.2967479674796751,0.75
28.0,0.0,4.785714285714286,14.811224489795919,2.7857142857142856,31.75,0.0,1.0,42000043,16,batch/io_intensive/mixed,SRTF,0.30056179775280856,0.012640449438203232,0.0,0.23735955056179786,0.11938202247191007,0.75
24.0,1.0,4.64,15.2704,2.72,33.166666666666664,0.0,0.0,42000043,17,batch/io_intensive/mixed,SJF,0.3027989821882951,0.0,0.026717557251908677,0.254452926208651,0.21882951653944027,0.75
22.0,0.0,4.545454545454546,13.24793388429752,2.772727272727273,24.954545454545453,0.0,1.0,42000043,18,batch/io_intensive/mixed,SJF,0.3675595238095251,0.0,0.01934523809523777,0.273809523809524,0.3541666666666669,0.75
20.0,0.0,4.15,12.4275,2.75,21.4,0.0,1.0,42000043,19,batch/io_intensive/mixed,SJF,0.19191919191919155,0.0,0.005050505050503723,0.24074074074074034,0.34848484848484795,0.75
15.0,2.0,5.176470588235294,23.32179930795848,2.9411764705882355,20.466666666666665,0.0,1.0,42000043,20,batch/io_intensive/mixed,SJF,0.4107806691449802,0.0,0.07063197026022326,0.29553903345724886,0.3921933085501851,0.75
14.0,0.0,5,28.142857142857142,3,15.5,0.0,1.0,42000043,21,batch/io_intensive/mixed,SJF,0.3178438661710047,0.0,0.07620817843866187,0.32342007434944187,0.42379182156133743,0.75
12.0,0.0,5.75,43.520833333333336,2.9166666666666665,13,0.0,1.0,42000043,22,batch/io_intensive/mixed,SJF,0.23417721518987436,0.0,0.16139240506329106,0.2626582278481008,0.39873417721519033,0.75
5.0,1.0,9.5,29.916666666666668,3.1666666666666665,6.2,0.0,0.0,42000043,23,batch/io_intensive/mixed,SJF,0.2620967741935484,0.0,0.1895161290322582,0.38709677419354915,0.23387096774193447,0.75
5.0,1.0,8.666666666666666,27.88888888888889,3.1666666666666665,6,0.0,1.0,42000043,24,batch/io_intensive/mixed,SRTF,0.16153846153846324,0.07692307692307532,0.0,0.35384615384615303,0.21538461538461268,0.75
4.0,0.0,8.25,16.1875,3.5,3,0.0,1.0,42000043,25,batch/io_intensive/mixed,SRTF,0.3387096774193625,0.04838709677419375,0.0,0.4516129032258063,0.3225806451612937,0.75
3.0,0.0,4.333333333333333,4.222222222222222,3,2,0.0,0.0,42000043,26,batch/io_intensive/mixed,SRTF,0.38461538461538347,0.11538461538463139,0.0,0.3076923076923008,0.11538461538463139,0.75
8.0,5.0,2.3076923076923075,1.2899408284023668,2.5384615384615383,5.375,13.0,0.07142857142857142,42000044,0,io_intensive/mixed/cpu_intensive,SRTF,0.2860268431697003,0.15136054421768708,0.13354476925905498,0.23783783783783785,0.46756756756756757,0.8418367346938775
24.0,1.0,7.68,71.0976,3,11.541666666666666,12.0,0.45454545454545453,42000044,1,io_intensive/mixed/cpu_intensive,SJF,0.5136476426799008,0.11270491803278689,0.18325163731033642,0.3554590570719603,0.4208274010495058,0.7897540983606557
30.0,2.0,10.65625,97.1005859375,2.84375,18.933333333333334,7.0,0.2222222222222222,42000044,2,io_intensive/mixed/cpu_intensive,SJF,0.6329120970884596,0.25,0.28194463222019867,0.31562099871959026,0.6737480217272012,0.8711180124223603
32.0,0.0,10.625,93.046875,2.84375,21.0625,0.0,1.0,42000044,3,io_intensive/mixed/cpu_intensive,Round Robin,0.7307692307692308,0.25,0.3234896302975654,0.23354373309287646,0.7307692307692308,0.6404244988555178
32.0,0.0,10.03125,79.9052734375,2.84375,25.3125,0.0,1.0,42000044,4,io_intensive/mixed/cpu_intensive,SJF,0.25671140939597314,0.0,0.18288590604026847,0.313758389261745,0.25671140939597314,0.75
31.0,1.0,9.84375,76.3818359375,2.84375,27.193548387096776,0.0,1.0,42000044,5,io_intensive/mixed/cpu_intensive,SJF,0.09543010752688172,0.0,0.05577956989247311,0.20766129032258066,0.5,0.605510752688172
30.0,1.0,9.774193548387096,79.40062434963579,2.774193548387097,28.333333333333332,0.0,1.0,42000044,6,io_intensive/mixed/cpu_intensive,SJF,0.5,0.0,0.020105820105820106,0.2216931216931217,0.5,0.5865079365079365
30.0,0.0,9.433333333333334,68.84555555555555,2.7,28.8,0.0,1.0,42000044,7,io_intensive/mixed/cpu_intensive,SJF,0.10665137614678899,0.0,0.005733944954128441,0.25688073394495414,0.3761467889908257,0.75
27.0,0.0,9.777777777777779,69.06172839506173,2.888888888888889,30.555555555555557,0.0,1.0,42000044,8,io_intensive/mixed/cpu_intensive,SJF,0.09302325581395349,0.0,0.014950166112956811,0.23255813953488372,0.5,0.6486710963455149
24.0,1.0,10.04,68.8384,3.04,26.458333333333332,0.0,1.0,42000044,9,io_intensive/mixed/cpu_intensive,SJF,0.21289752650176677,0.0,0.023851590106007067,0.3462897526501767,0.3542402826855124,0.75
25.0,0.0,9.24,58.3424,3.04,22.76,0.0,1.0,42000044,10,io_intensive/mixed/cpu_intensive,SJF,0.19257703081232494,0.0,0.07492997198879552,0.20868347338935575,0.5,0.5791316526610644
20.0,3.0,9.73913043478261,56.10586011342155,3.0434782608695654,24.25,0.0,1.0,42000044,11,io_intensive/mixed/cpu_intensive,SJF,0.5,0.0,0.010101010101010102,0.32154882154882153,0.5,0.7020202020202021
23.0,0.0,8.956521739130435,48.476370510396976,3.0434782608695654,20.565217391304348,0.0,1.0,42000044,12,io_intensive/mixed/cpu_intensive,SJF,0.40236051502145925,0.0,0.019313304721030045,0.3272532188841202,0.33047210300429186,0.75
22.0,0.0,8.545454545454545,46.79338842975206,3.0454545454545454,20.90909090909091,0.0,1.0,42000044,13,io_intensive/mixed/cpu_intensive,SRTF,0.12051282051282051,0.10512820512820513,0.0,0.3153846153846154,0.26666666666666666,0.75
17.0,1.0,9.555555555555555,38.135802469135804,2.9444444444444446,22.41176470588235,0.0,0.0,42000044,14,io_intensive/mixed/cpu_intensive,SJF,0.5,0.0,0.04130052724077329,0.2662565905096661,0.5,0.6269771528998243
17.0,1.0,8.666666666666666,38.55555555555556,2.9444444444444446,17.41176470588235,0.0,1.0,42000044,15,io_intensive/mixed/cpu_intensive,SRTF,0.44095477386934673,0.00628140703517588,0.0,0.3442211055276382,0.48115577889447236,0.75
18.0,0.0,7.611111111111111,32.6820987654321,2.9444444444444446,15.777777777777779,0.0,1.0,42000044,16,io_intensive/mixed/cpu_intensive,SJF,0.1643835616438356,0.0,0.13287671232876713,0.3273972602739726,0.48630136986301364,0.75
16.0,0.0,7.3125,35.33984375,2.9375,16.5625,0.0,0.0,42000044,17,io_intensive/mixed/cpu_intensive,SJF,0.24629080118694363,0.0,0.06083086053412463,0.2626112759643917,0.5,0.663946587537092
14.0,0.0,6.857142857142857,31.26530612244898,2.9285714285714284,15,0.0,0.0,42000044,18,io_intensive/mixed/cpu_intensive,SJF,0.3839590443686007,0.0,0.09215017064846416,0.3361774744027304,0.4573378839590444,0.75
13.0,1.0,8.285714285714286,46.48979591836735,2.9285714285714284,12.692307692307692,0.0,1.0,42000044,19,io_intensive/mixed/cpu_intensive,SJF,0.298,0.0,0.172,0.298,0.386,0.75
10.0,0.0,9.5,44.65,2.5,10.7,0.0,1.0,42000044,20,io_intensive/mixed/cpu_intensive,SJF,0.5,0.0,0.136,0.268,0.308,0.6579999999999999
8.0,0.0,9.375,38.234375,2.25,9,0.0,0.0,42000044,21,io_intensive/mixed/cpu_intensive,SJF,0.5,0.0,0.14534883720930233,0.3430232558139535,0.3546511627906977,0.7383720930232558
7.0,0.0,7.857142857142857,27.551020408163264,2.4285714285714284,6,0.0,0.0,42000044,22,io_intensive/mixed/cpu_intensive,SJF,0.03389830508474576,0.0,0.05084745762711865,0.3050847457627119,0.1906779661016949,0.75
7.0,0.0,8.571428571428571,59.38775510204081,2.4285714285714284,6,0.0,1.0,42000044,23,io_intensive/mixed/cpu_intensive,SJF,0.24074074074074073,0.0,0.018518518518518517,0.3101851851851852,0.3472222222222222,0.75
4.0,0.0,10,75.5,2.75,6.5,0.0,0.0,42000044,24,io_intensive/mixed/cpu_intensive,SRTF,0.18685010398336288,0.11316589345704711,0.0,0.23157894736842105,0.18421052631578946,0.75
3.0,0.0,13.666666666666666,17.555555555555557,2,2,0.0,1.0,42000044,25,io_intensive/mixed/cpu_intensive,SRTF,0.15873015873015872,0.023809523809523808,0.0,0.25396825396825395,0.15873015873015872,0.75
3.0,0.0,7,12.666666666666666,2,2,0.0,0.0,42000044,26,io_intensive/mixed/cpu_intensive,SJF,0.08139534883720931,0.0,0.0,0.11627906976744186,0.1744186046511628,0.75
13.0,1.0,4.071428571428571,25.352040816326532,2.9285714285714284,8.307692307692308,14.0,0.06666666666666667,42000045,0,interactive/batch/cpu_intensive,SJF,0.19641761747024855,0.03613053613053612,0.17490185253343074,0.2203947368421051,0.5241228070175434,0.8018648018648018
20.0,3.0,7.739130434782608,35.6710775047259,2.8260869565217392,13.25,9.0,0.4375,42000045,1,interactive/batch/cpu_intensive,SJF,0.5868124945694676,0.1527149321266968,0.1854819305292848,0.344903988183161,0.5742245199409157,0.8037330316742082
29.0,1.0,10.4,65.97333333333333,2.7666666666666666,18.482758620689655,7.0,0.3,42000045,2,interactive/batch/cpu_intensive,SJF,0.717063459316719,0.25,0.27370440666776696,0.3433734939759035,0.717063459316719,0.8476027397260273
28.0,2.0,10.133333333333333,65.18222222222222,2.7666666666666666,24.678571428571427,0.0,1.0,42000045,3,interactive/batch/cpu_intensive,SJF,0.7115384615384615,0.189655172413793,0.2304058205577783,0.3637548891786178,0.3247576016424641,0.7974137931034484
30.0,0.0,9.466666666666667,57.315555555555555,2.7666666666666666,26.833333333333332,0.0,1.0,42000045,4,interactive/batch/cpu_intensive,SJF,0.41763727121464195,0.0,0.07737104825291155,0.3269550748752078,0.3602329450915144,0.75
30.0,0.0,8.9,56.82333333333333,2.7666666666666666,27.533333333333335,0.0,1.0,42000045,5,interactive/batch/cpu_intensive,SJF,0.3776223776223777,0.0,0.12237762237762201,0.30244755244755234,0.14073426573426595,0.75
26.0,1.0,9.481481481481481,53.434842249657066,2.925925925925926,27.76923076923077,0.0,1.0,42000045,6,interactive/batch/cpu_intensive,SRTF,0.2843642611683851,0.006013745704467734,0.0,0.3410652920962197,0.23883161512027495,0.75
27.0,0.0,8.88888888888889,45.50617283950617,2.925925925925926,25.666666666666668,0.0,1.0,42000045,7,interactive/batch/cpu_intensive,SRTF,0.11423220973782754,0.07677902621722885,0.0,0.32303370786516833,0.34082397003745274,0.75
24.0,2.0,8.615384615384615,47.85207100591716,3,28.375,0.0,0.0,42000045,8,interactive/batch/cpu_intensive,SJF,0.3351254480286742,0.0,0.012544802867384313,0.34229390681003585,0.2267025089605733,0.75
25.0,0.0,8.24,46.1024,3.04,25.12,0.0,1.0,42000045,9,interactive/batch/cpu_intensive,SJF,0.5,0.0,0.038998835855646376,0.22700814901047736,0.20430733410942942,0.5788707799767174
24.0,0.0,7.791666666666667,42.33159722222222,3.0416666666666665,23.833333333333332,0.0,0.0,42000045,10,interactive/batch/cpu_intensive,SJF,0.25497512437810954,0.0,0.07089552238805971,0.29726368159203964,0.3470149253731347,0.75
21.0,0.0,7.9523809523809526,42.90249433106576,3,25.476190476190474,0.0,0.0,42000045,11,interactive/batch/cpu_intensive,SJF,0.10375000000000026,0.0,0.05249999999999998,0.3199999999999996,0.23999999999999994,0.75
20.0,0.0,7.45,37.3475,2.95,21.45,0.0,1.0,42000045,12,interactive/batch/cpu_intensive,SJF,0.17105263157894768,0.0,0.03947368421052677,0.2982456140350879,0.2207602339181296,0.75
17.0,1.0,8.277777777777779,43.20061728395062,2.7777777777777777,18.705882352941178,0.0,0.0,42000045,13,interactive/batch/cpu_intensive,SJF,0.14779874213836489,0.0,0.15408805031446518,0.2987421383647799,0.15408805031446518,0.75
16.0,0.0,8.0625,40.93359375,2.875,18.875,0.0,1.0,42000045,14,interactive/batch/cpu_intensive,SJF,0.1811846689895475,0.0,0.17944250871080167,0.2944250871080137,0.07665505226480879,0.75
12.0,0.0,11.916666666666666,30.40972222222222,2.75,14.75,0.0,1.0,42000045,15,interactive/batch/cpu_intensive,SJF,0.5,0.0,0.2647058823529411,0.31323529411764645,0.04852941176470536,0.6867647058823527
12.0,0.0,10.25,29.354166666666668,2.75,11,0.0,0.0,42000045,16,interactive/batch/cpu_intensive,SJF,0.2672064777327937,0.0,0.21052631578947376,0.3340080971659913,0.03846153846153793,0.75
12.0,0.0,8.583333333333334,32.74305555555556,2.75,11,0.0,0.0,42000045,17,interactive/batch/cpu_intensive,SJF,0.08633093525179808,0.0,0.36151079136690645,0.3597122302158271,0.0143884892086323,0.75
12.0,0.0,8.583333333333334,42.076388888888886,2.75,10.833333333333334,0.0,1.0,42000045,18,interactive/batch/cpu_intensive,SJF,0.23381294964028712,0.0,0.18345323741007102,0.36510791366906453,0.10791366906474836,0.75
10.0,0.0,10.3,38.41,3,10.7,0.0,1.0,42000045,19,interactive/batch/cpu_intensive,SJF,0.0855855855855861,0.0,0.033783783783783786,0.3355855855855853,0.060810810810810814,0.75
10.0,0.0,11.9,35.29,3,8.3,0.0,1.0,42000045,20,interactive/batch/cpu_intensive,SJF,0.0854700854700863,0.0,0.014957264957265907,0.344017094017094,0.12393162393162399,0.75
10.0,0.0,9.9,35.29,3,9,0.0,0.0,42000045,21,interactive/batch/cpu_intensive,SJF,0.08333333333333333,0.0,0.11607142857142912,0.3005952380952375,0.13690476190476372,0.75
9.0,0.0,8.777777777777779,31.506172839506174,3,8,0.0,0.0,42000045,22,interactive/batch/cpu_intensive,SJF,0.1467391304347837,0.0,0.1684782608695651,0.3260869565217395,0.2146739130434779,0.75
7.0,0.0,8.285714285714286,25.632653061224488,3,8.285714285714286,0.0,0.0,42000045,23,interactive/batch/cpu_intensive,SJF,0.1408450704225362,0.0,0.05281690140845091,0.32042253521126807,0.22183098591549263,0.75
6.0,0.0,6.5,22.25,2.6666666666666665,5.833333333333333,0.0,0.0,42000045,24,interactive/batch/cpu_intensive,SJF,0.16847826086956602,0.0,0.0108695652173907,0.3369565217391302,0.10326086956521628,0.75
5.0,0.0,7.4,27.04,3,4,0.0,1.0,42000045,25,interactive/batch/cpu_intensive,SRTF,0.3606557377049192,0.01639344262294986,0.0,0.2786885245901615,0.3524590163934429,0.75
2.0,0.0,8,4,2.5,2,0.0,0.0,42000045,26,interactive/batch/cpu_intensive,FCFS,0.0,0.0,0.0,0.5,0.0,0.6250000000000213
12.0,2.0,3.5,30.107142857142858,2.857142857142857,5.666666666666667,14.0,0.17647058823529413,42000046,0,io_intensive/batch/mixed,SJF,0.5530523255813948,0.07500000000000001,0.178433239775461,0.26744186046511587,0.572393744987971,0.7948275862068965
22.0,2.0,7.75,45.6875,2.7083333333333335,8.409090909090908,10.0,0.5,42000046,1,io_intensive/batch/mixed,SRTF,0.75,0.13150557620817843,0.12076859374486942,0.25073601570166826,0.6699968261032936,0.6525960286161443
31.0,3.0,8.441176470588236,47.89359861591696,2.676470588235294,17.032258064516128,10.0,0.23076923076923078,42000046,2,io_intensive/batch/mixed,SRTF,0.6159351313238146,0.25,0.24313414419178597,0.36021505376344104,0.6187643222280982,0.848360655737705
31.0,3.0,8.382352941176471,42.94204152249135,2.676470588235294,23.129032258064516,0.0,1.0,42000046,3,io_intensive/batch/mixed,SRTF,0.5771375464684018,0.2247596153846154,0.22197597941092376,0.3587360594795541,0.5771375464684018,0.810096153846154
33.0,1.0,8.029411764705882,35.26384083044983,2.676470588235294,25.96969696969697,0.0,1.0,42000046,4,io_intensive/batch/mixed,SJF,0.25724834823163667,0.1774193548387103,0.2281577924601637,0.2680722891566264,0.75,0.6683054799844544
32.0,2.0,7.647058823529412,32.11072664359862,2.676470588235294,29.03125,0.0,1.0,42000046,5,io_intensive/batch/mixed,SJF,0.3770053475935837,0.0,0.130347593582888,0.3475935828877009,0.48997326203208563,0.75
32.0,0.0,7.625,30.234375,2.65625,30.09375,0.0,1.0,42000046,6,io_intensive/batch/mixed,SJF,0.3267211201866985,0.0,0.16686114352392123,0.37047841306884527,0.37164527421236926,0.75
32.0,0.0,7.03125,29.9677734375,2.65625,30.4375,0.0,1.0,42000046,7,io_intensive/batch/mixed,SJF,0.39470517448856723,0.0,0.10409145607701518,0.3122743682310467,0.5,0.6970517448856792
31.0,0.0,6.645161290322581,27.06763787721124,2.7096774193548385,29.580645161290324,0.0,1.0,42000046,8,io_intensive/batch/mixed,SJF,0.30722891566265104,0.0,0.16867469879518035,0.3441265060240968,0.4254518072289164,0.75
29.0,1.0,6.433333333333334,25.645555555555557,2.6333333333333333,30.17241379310345,0.0,1.0,42000046,9,io_intensive/batch/mixed,SJF,0.3101449275362311,0.0,0.13115942028985472,0.3340579710144926,0.3318840579710149,0.75
30.0,0.0,6.133333333333334,21.648888888888887,2.6333333333333333,25.833333333333332,0.0,1.0,42000046,10,io_intensive/batch/mixed,SJF,0.1304347826086956,0.0,0.052795031055900624,0.2919254658385095,0.5,0.6987577639751553
29.0,1.0,5.6,20.573333333333334,2.6333333333333333,26.413793103448278,0.0,1.0,42000046,11,io_intensive/batch/mixed,SJF,0.3612903225806452,0.0,0.11935483870967788,0.3169354838709676,0.4193548387096776,0.75
27.0,1.0,5.428571428571429,18.959183673469386,2.642857142857143,26.85185185185185,0.0,1.0,42000046,12,io_intensive/batch/mixed,SJF,0.16113281250000064,0.0,0.1220703125000003,0.3125000000000007,0.29882812499999994,0.75
27.0,1.0,4.892857142857143,17.167091836734695,2.642857142857143,26.185185185185187,0.0,1.0,42000046,13,io_intensive/batch/mixed,SJF,0.4834293948126799,0.0,0.17074927953890537,0.29971181556195964,0.5,0.6851585014409214
26.0,1.0,5.407407407407407,21.50068587105624,2.6666666666666665,25.884615384615383,0.0,1.0,42000046,14,io_intensive/batch/mixed,SJF,0.3948811700182816,0.0,0.0914076782449726,0.3308957952468006,0.39213893967093244,0.75
25.0,1.0,5.346153846153846,19.84171597633136,2.6153846153846154,25.84,0.0,1.0,42000046,15,io_intensive/batch/mixed,SRTF,0.34301075268817327,0.02795698924731222,0.0,0.3118279569892477,0.3634408602150551,0.75
23.0,1.0,5.166666666666667,20.22222222222222,2.5833333333333335,25.652173913043477,0.0,1.0,42000046,16,io_intensive/batch/mixed,SJF,0.27299412915851207,0.0,0.09393346379647712,0.3180039138943248,0.30724070450097873,0.75
22.0,0.0,5.318181818181818,14.944214876033058,2.409090909090909,22,0.0,1.0,42000046,17,io_intensive/batch/mixed,SJF,0.316120906801007,0.0,0.22292191435768172,0.30730478589420673,0.21914357682619656,0.75
19.0,1.0,5.6,17.64,2.3,21.473684210526315,0.0,1.0,42000046,18,io_intensive/batch/mixed,SJF,0.15393258426966278,0.0,0.15617977528089888,0.344943820224719,0.31011235955056077,0.75
19.0,1.0,5.25,17.0875,2.3,19.894736842105264,0.0,1.0,42000046,19,io_intensive/batch/mixed,SJF,0.14954337899543377,0.0,0.2009132420091329,0.32534246575342457,0.2054794520547953,0.75
19.0,0.0,5.894736842105263,24.725761772853186,2.210526315789474,15.526315789473685,0.0,1.0,42000046,20,io_intensive/batch/mixed,SJF,0.20050761421319752,0.0,0.2309644670050765,0.34010152284264,0.269035532994925,0.75
17.0,0.0,6.117647058823529,21.986159169550174,2.176470588235294,16.470588235294116,0.0,1.0,42000046,21,io_intensive/batch/mixed,SJF,0.3706199460916443,0.0,0.13207547169811332,0.33288409703504085,0.3504043126684638,0.75
15.0,0.0,7.666666666666667,29.155555555555555,2.2,13.2,0.0,1.0,42000046,22,io_intensive/batch/mixed,SJF,0.2401812688821739,0.0,0.04984894259818599,0.33836858006042325,0.2401812688821739,0.75
15.0,0.0,7.4,28.64,2.2,13.066666666666666,0.0,1.0,42000046,23,io_intensive/batch/mixed,SRTF,0.22184300341296853,0.006825938566553284,0.0,0.3293515358361778,0.20989761092150194,0.75
12.0,0.0,7.583333333333333,24.90972222222222,2.1666666666666665,13.25,0.0,0.0,42000046,24,io_intensive/batch/mixed,SRTF,0.41333333333333494,0.006666666666669185,0.0,0.3200000000000007,0.28888888888888786,0.75
10.0,0.0,7.2,22.16,2,10.9,0.0,0.0,42000046,25,io_intensive/batch/mixed,SRTF,0.3435897435897425,0.0051282051282054075,0.0,0.32564102564102604,0.23589743589743686,0.75
9.0,0.0,5.777777777777778,21.28395061728395,1.8888888888888888,8.88888888888889,0.0,0.0,42000046,26,io_intensive/batch/mixed,SRTF,0.39144736842105027,0.0032894736842138724,0.0,0.29276315789473584,0.21710526315789305,0.75
7.0,0.0,4.571428571428571,14.244897959183673,2,6.285714285714286,0.0,0.0,42000046,27,io_intensive/batch/mixed,SRTF,0.31250000000001005,0.006944444444451528,0.0,0.21527777777778262,0.11805555555555519,0.75
3.0,0.0,4,2.6666666666666665,2,2,0.0,0.0,42000046,28,io_intensive/batch/mixed,SJF,0.25,0.0,0.0,0.25,0.0,0.75
10.0,0.0,13.8,55.36,2.4,5.4,10.0,0.0,42000047,0,cpu_intensive/io_intensive/interactive,SJF,0.5140664961636829,0.05449591280653951,0.15792838874680307,0.4623999107995289,0.1872460748308327,0.875340599455041
22.0,0.0,6.7272727272727275,46.743801652892564,2.8181818181818183,10.636363636363637,12.0,0.07692307692307693,42000047,1,cpu_intensive/io_intensive/interactive,SJF,0.516896551724138,0.09346330275229357,0.21172413793103445,0.3990754508067067,0.30993910155014237,0.8698394495412844
30.0,2.0,5.125,33.671875,2.84375,16.1,10.0,0.16666666666666666,42000047,2,cpu_intensive/io_intensive/interactive,SJF,0.75,0.047149122807017545,0.143115371399118,0.2676822633297062,0.20553901074776168,0.7333163908138136
30.0,2.0,4.75,28.6875,2.84375,23.333333333333332,0.0,1.0,42000047,3,cpu_intensive/io_intensive/interactive,SJF,0.31643916215580137,0.11428571428571428,0.40594257472346434,0.2932454695222405,0.32578253706754534,0.9047619047619048
31.0,1.0,4.5,28.375,2.84375,25.677419354838708,0.0,1.0,42000047,4,cpu_intensive/io_intensive/interactive,SJF,0.50625,0.15625,0.41757049891540127,0.2787418655097614,0.3172451193058568,0.6982781995661604
29.0,3.0,4.3125,27.21484375,2.84375,26.96551724137931,0.0,1.0,42000047,5,cpu_intensive/io_intensive/interactive,SJF,0.5,0.0,0.19791666666666666,0.296875,0.09664351851851852,0.6921296296296297
30.0,2.0,4.1875,21.15234375,2.84375,24.366666666666667,0.0,1.0,42000047,6,cpu_intensive/io_intensive/interactive,SJF,0.34073506891271055,0.0,0.23813169984686064,0.3315467075038285,0.08346094946401225,0.75
28.0,4.0,4.3125,20.52734375,2.84375,25.428571428571427,0.0,1.0,42000047,7,cpu_intensive/io_intensive/interactive,SJF,0.5,0.0,0.10416666666666667,0.29608585858585856,0.09217171717171717,0.7070707070707071
30.0,1.0,4.258064516129032,15.030176899063475,2.774193548387097,25.2,0.0,1.0,42000047,8,cpu_intensive/io_intensive/interactive,SJF,0.19588414634146342,0.0,0.09375,0.31021341463414637,0.14405487804878048,0.75
30.0,1.0,3.806451612903226,16.22060353798127,2.774193548387097,25.233333333333334,0.0,1.0,42000047,9,cpu_intensive/io_intensive/interactive,SJF,0.32122905027932963,0.0,0.08798882681564246,0.3303072625698324,0.10335195530726257,0.75
28.0,2.0,3.5,15.916666666666666,2.8333333333333335,25.857142857142858,0.0,1.0,42000047,10,cpu_intensive/io_intensive/interactive,SJF,0.5,0.0,0.11587078651685394,0.29353932584269665,0.11587078651685394,0.6896067415730337
27.0,3.0,3.1,12.423333333333334,2.8333333333333335,28.11111111111111,0.0,1.0,42000047,11,cpu_intensive/io_intensive/interactive,SJF,0.21232876712328763,0.0,0.17722602739726026,0.2782534246575342,0.0642123287671233,0.75
27.0,3.0,4.033333333333333,18.365555555555556,2.8333333333333335,21.703703703703702,0.0,1.0,42000047,12,cpu_intensive/io_intensive/interactive,SJF,0.4951377633711507,0.0,0.19043760129659643,0.33144246353322526,0.11912479740680713,0.75
28.0,2.0,3.8333333333333335,14.53888888888889,2.8333333333333335,22,0.0,1.0,42000047,13,cpu_intensive/io_intensive/interactive,SJF,0.2571174377224199,0.0,0.19217081850533807,0.28825622775800713,0.1708185053380783,0.75
28.0,0.0,4.607142857142857,34.38137755102041,2.892857142857143,23.464285714285715,0.0,1.0,42000047,14,cpu_intensive/io_intensive/interactive,SJF,0.3771186440677966,0.0,0.0413135593220339,0.2711864406779661,0.06885593220338983,0.75
24.0,2.0,4.653846153846154,34.99556213017752,2.8846153846153846,23.708333333333332,0.0,1.0,42000047,15,cpu_intensive/io_intensive/interactive,SJF,0.33585858585858586,0.0,0.039141414141414144,0.2765151515151515,0.1111111111111111,0.75
21.0,3.0,4.458333333333333,32.33159722222222,2.875,23.333333333333332,0.0,1.0,42000047,16,cpu_intensive/io_intensive/interactive,SJF,0.3847402597402597,0.0,0.07954545454545454,0.21266233766233766,0.2418831168831169,0.75
18.0,0.0,5.111111111111111,36.65432098765432,2.8333333333333335,21.61111111111111,0.0,1.0,42000047,17,cpu_intensive/io_intensive/interactive,SJF,0.17719298245614035,0.0,0.0824561403508772,0.24912280701754386,0.07719298245614035,0.75
14.0,1.0,5.4,32.10666666666667,2.6,19.285714285714285,0.0,1.0,42000047,18,cpu_intensive/io_intensive/interactive,SRTF,0.38461538461538464,0.01282051282051282,0.0,0.2641025641025641,0.21025641025641026,0.75
11.0,0.0,5.818181818181818,40.51239669421488,2.909090909090909,13,0.0,1.0,42000047,19,cpu_intensive/io_intensive/interactive,SJF,0.47872340425531923,0.0,0.15425531914893617,0.2978723404255319,0.3803191489361702,0.75
9.0,0.0,4.888888888888889,44.32098765432099,2.6666666666666665,10.666666666666666,0.0,0.0,42000047,20,cpu_intensive/io_intensive/interactive,SJF,0.3333333333333333,0.0,0.0040650406504065045,0.2682926829268293,0.23983739837398374,0.75
5.0,1.0,13.666666666666666,102.22222222222223,2.8333333333333335,3.8,0.0,1.0,42000047,21,cpu_intensive/io_intensive/interactive,SJF,0.30808080808080807,0.0,0.0,0.3333333333333333,0.30808080808080807,0.75
5.0,0.0,12.4,81.04,3,4,0.0,1.0,42000047,22,cpu_intensive/io_intensive/interactive,SJF,0.2631578947368421,0.0,0.0,0.32894736842105265,0.2631578947368421,0.75
3.0,0.0,14,20.666666666666668,3,2,0.0,0.0,42000047,23,cpu_intensive/io_intensive/interactive,SJF,0.28205128205128205,0.0,0.0,0.41025641025641024,0.08974358974358974,0.75
3.0,0.0,7.333333333333333,14.88888888888889,3,2,0.0,0.0,42000047,24,cpu_intensive/io_intensive/interactive,SJF,0.3181818181818182,0.0,0.0,0.45454545454545453,0.3181818181818182,0.75
1.0,0.0,1,0,5,0,0.0,0.0,42000047,25,cpu_intensive/io_intensive/interactive,FCFS,0.0,0.0,0.0,0.0,0.0,0.0
9.0,0.0,16.333333333333332,36.22222222222222,2.7777777777777777,5.666666666666667,9.0,0.0,42000048,0,cpu_intensive/batch/interactive,SJF,0.5253800831551604,0.06564748201438848,0.13887312221858553,0.3165537270087126,0.75,0.7071592483999247
19.0,0.0,14.052631578947368,30.89196675900277,3.1052631578947367,11.210526315789474,10.0,0.0,42000048,1,cpu_intensive/batch/interactive,SJF,0.22292795672735383,0.05366161616161617,0.06831882116543882,0.234535576799475,0.75,0.5827455736196525
30.0,0.0,9.3,41.07666666666667,2.9,15.866666666666667,11.0,0.0,42000048,2,cpu_intensive/batch/interactive,SRTF,0.3558041112454656,0.07116104868913861,0.026602176541716985,0.3193653791285682,0.7368913857677901,0.7759183276044004
29.0,1.0,8.666666666666666,38.022222222222226,2.9,24.24137931034483,0.0,0.0,42000048,3,cpu_intensive/batch/interactive,SJF,0.7354439592430855,0.1712962962962962,0.18130357431667488,0.3384279475982531,0.6673405574424497,0.8395061728395061
29.0,1.0,8.3,37.54333333333334,2.9,27.103448275862068,0.0,1.0,42000048,4,cpu_intensive/batch/interactive,SJF,0.7035774108638427,0.22619047619047566,0.31030150753768826,0.3203517587939698,0.6071428571428572,0.7176058865757361
30.0,0.0,7.633333333333334,35.49888888888889,2.9,27.133333333333333,0.0,1.0,42000048,5,cpu_intensive/batch/interactive,SJF,0.5,0.0,0.12035123966942171,0.22262396694214873,0.35898760330578516,0.5800619834710744
28.0,2.0,7.233333333333333,31.77888888888889,2.9,29.964285714285715,0.0,1.0,42000048,6,cpu_intensive/batch/interactive,SJF,0.46449275362318854,0.0,0.16449275362318833,0.3123188405797103,0.5,0.7115942028985511
28.0,2.0,7.166666666666667,28.538888888888888,2.9,27.785714285714285,0.0,1.0,42000048,7,cpu_intensive/batch/interactive,SJF,0.39814814814814814,0.0,0.03904991948470227,0.18558776167471824,0.5,0.5177133655394527
29.0,0.0,6.724137931034483,26.544589774078478,2.8620689655172415,27.24137931034483,0.0,1.0,42000048,8,cpu_intensive/batch/interactive,SJF,0.5,0.0,0.09906914893617037,0.22938829787234047,0.29188829787234033,0.6143617021276593
28.0,1.0,6.103448275862069,24.161712247324612,2.8620689655172415,28.714285714285715,0.0,0.0,42000048,9,cpu_intensive/batch/interactive,SJF,0.4155722326454033,0.0,0.13133208255159476,0.30956848030018785,0.48686679174484127,0.75
27.0,1.0,5.821428571428571,24.146683673469386,2.9285714285714284,28.703703703703702,0.0,1.0,42000048,10,cpu_intensive/batch/interactive,SJF,0.2616555661274974,0.0,0.08420551855375835,0.1941008563273072,0.5,0.535442435775452
28.0,0.0,5.857142857142857,22.408163265306122,2.9285714285714284,25.714285714285715,0.0,1.0,42000048,11,cpu_intensive/batch/interactive,SJF,0.004055619930474957,0.0,0.04634994206257238,0.18366164542294325,0.5,0.5593858632676709
25.0,1.0,6.038461538461538,17.96005917159763,2.9615384615384617,24.28,0.0,1.0,42000048,12,cpu_intensive/batch/interactive,SJF,0.26477404403244476,0.0,0.04634994206257218,0.2004634994206257,0.5,0.568076477404403
25.0,0.0,5.64,17.0304,3,22.52,0.0,1.0,42000048,13,cpu_intensive/batch/interactive,SJF,0.2855822550831789,0.0,0.1266173752310535,0.3382624768946392,0.3669131238447317,0.75
24.0,1.0,5.56,16.0064,3,23.125,0.0,1.0,42000048,14,cpu_intensive/batch/interactive,SJF,0.21287128712871273,0.0,0.029702970297029438,0.19719471947194722,0.5,0.589108910891089
23.0,1.0,5.75,15.270833333333334,3.0416666666666665,23.08695652173913,0.0,1.0,42000048,15,cpu_intensive/batch/interactive,SRTF,0.4822097378277146,0.047752808988764335,0.0,0.2640449438202246,0.5,0.6610486891385763
23.0,0.0,5.217391304347826,13.474480151228734,2.9565217391304346,22.347826086956523,0.0,1.0,42000048,16,cpu_intensive/batch/interactive,SRTF,0.18924302788844588,0.005976095617529547,0.0,0.22709163346613537,0.5,0.634462151394422
20.0,0.0,5,11.9,2.9,22.3,0.0,0.0,42000048,17,cpu_intensive/batch/interactive,SJF,0.4707317073170739,0.0,0.010975609756097989,0.21829268292682938,0.5,0.6268292682926837
16.0,1.0,6.352941176470588,34.81660899653979,2.764705882352941,21.6875,0.0,1.0,42000048,18,cpu_intensive/batch/interactive,SJF,0.18266253869969026,0.0,0.08823529411764743,0.2894736842105265,0.5,0.7376160990712066
14.0,1.0,6.266666666666667,37.528888888888886,2.6,15.214285714285714,0.0,1.0,42000048,19,cpu_intensive/batch/interactive,SJF,0.4343065693430652,0.0,0.16240875912408712,0.3156934306569342,0.4343065693430652,0.75
14.0,0.0,5.285714285714286,35.204081632653065,2.642857142857143,13.357142857142858,0.0,1.0,42000048,20,cpu_intensive/batch/interactive,SJF,0.358921161825727,0.0,0.21161825726141098,0.2966804979253119,0.35684647302904693,0.75
12.0,0.0,6.666666666666667,66.38888888888889,2.75,12.583333333333334,0.0,1.0,42000048,21,cpu_intensive/batch/interactive,SJF,0.2942857142857139,0.0,0.24571428571428572,0.24000000000000032,0.5,0.6985714285714287
10.0,0.0,10.2,69.56,2.6,9.4,0.0,1.0,42000048,22,cpu_intensive/batch/interactive,SJF,0.2587939698492468,0.0,0.06783919597989957,0.2989949748743719,0.25628140703517616,0.75
8.0,0.0,12,48,2.625,9.25,0.0,1.0,42000048,23,cpu_intensive/batch/interactive,SJF,0.22606382978723305,0.0,0.029255319148934124,0.3324468085106379,0.22606382978723305,0.75
7.0,0.0,14.714285714285714,41.91836734693877,2.857142857142857,6.857142857142857,0.0,1.0,42000048,24,cpu_intensive/batch/interactive,SRTF,0.09898477157360464,0.09898477157360464,0.0,0.32487309644670015,0.24873096446700493,0.75
7.0,0.0,11.857142857142858,44.69387755102041,2.857142857142857,6,0.0,0.0,42000048,25,cpu_intensive/batch/interactive,SRTF,0.37368421052631606,0.002631578947370509,0.0,0.29473684210526363,0.37368421052631606,0.75
7.0,0.0,9,38,2.857142857142857,6,0.0,0.0,42000048,26,cpu_intensive/batch/interactive,SRTF,0.06874999999999848,0.012499999999999335,0.0,0.2437499999999998,0.41562500000000185,0.75
5.0,0.0,8.8,41.76,2.4,6.4,0.0,0.0,42000048,27,cpu_intensive/batch/interactive,SRTF,0.3613861386138648,0.014851485148513281,0.0,0.2376237623762378,0.3613861386138648,0.75
3.0,0.0,8,12.666666666666666,1,2,0.0,0.0,42000048,28,cpu_intensive/batch/interactive,FCFS,0.0,0.015151515151511863,0.0,0.1818181818181837,0.0,0.75
1.0,0.0,3,0,1,0,0.0,0.0,42000048,29,cpu_intensive/batch/interactive,FCFS,0.0,0.0,0.0,0.0,0.0,0.0
11.0,0.0,16.727272727272727,32.19834710743802,2.6363636363636362,4.909090909090909,11.0,0.0,42000049,0,cpu_intensive/batch/interactive,SJF,0.5010162601626015,0.05699088145896657,0.2241517779919443,0.33485772357723564,0.7462006079027357,0.7228559690612103
19.0,0.0,13.736842105263158,29.35180055401662,2.789473684210526,12.473684210526315,8.0,0.0,42000049,1,cpu_intensive/batch/interactive,SJF,0.7336283185840708,0.11637168141592917,0.11688980432543761,0.42057317062056265,0.5002574665293513,0.807348504871358
30.0,0.0,8.9,44.223333333333336,2.8,16.4,11.0,0.0,42000049,2,cpu_intensive/batch/interactive,SJF,0.75,0.10876993166287018,0.11498586239396791,0.33622651514988866,0.75,0.7330257482625879
29.0,1.0,8.333333333333334,37.355555555555554,2.8,24.620689655172413,0.0,1.0,42000049,3,cpu_intensive/batch/interactive,SJF,0.44326500732064433,0.1694214876033057,0.18480694069673212,0.3272327964860907,0.5426926660455216,0.865702479338843
28.0,2.0,8.166666666666666,38.80555555555556,2.8,27.642857142857142,0.0,1.0,42000049,4,cpu_intensive/batch/interactive,SJF,0.29948586118251974,0.0,0.16516709511568156,0.37275064267352187,0.29370179948586145,0.75
30.0,0.0,7.5,31.65,2.8,26.466666666666665,0.0,1.0,42000049,5,cpu_intensive/batch/interactive,SJF,0.5,0.0,0.15576694411414996,0.2580261593341257,0.29548156956004723,0.632877526753864
28.0,2.0,7.066666666666666,29.462222222222223,2.8,28.571428571428573,0.0,0.0,42000049,6,cpu_intensive/batch/interactive,SJF,0.29971590909090906,0.0,0.19673295454545492,0.3338068181818179,0.2230113636363636,0.75
28.0,1.0,7,28.96551724137931,2.8620689655172415,26.071428571428573,0.0,1.0,42000049,7,cpu_intensive/batch/interactive,SJF,0.4872727272727275,0.0,0.12484848484848499,0.31999999999999984,0.5,0.6930303030303031
29.0,0.0,6.310344827586207,24.214030915576693,2.8620689655172415,25.75862068965517,0.0,1.0,42000049,8,cpu_intensive/batch/interactive,SJF,0.29300291545189494,0.0,0.20335276967930047,0.3520408163265302,0.35641399416909636,0.75
27.0,2.0,5.862068965517241,23.843043995243757,2.8620689655172415,25.925925925925927,0.0,1.0,42000049,9,cpu_intensive/batch/interactive,SJF,0.3026134800550208,0.0,0.177441540577717,0.3590096286107288,0.3211829436038512,0.75
28.0,1.0,5.517241379310345,23.560047562425684,2.8620689655172415,25.857142857142858,0.0,1.0,42000049,10,cpu_intensive/batch/interactive,SJF,0.3064118372379778,0.0,0.033908754623921164,0.2977805178791614,0.5,0.6729346485819978
28.0,0.0,5.821428571428571,30.146683673469386,2.9285714285714284,25.892857142857142,0.0,1.0,42000049,11,cpu_intensive/batch/interactive,SJF,0.47769230769230775,0.0,0.11692307692307691,0.3330769230769226,0.3223076923076919,0.75
26.0,1.0,6.148148148148148,32.34842249657064,3,24.192307692307693,0.0,1.0,42000049,12,cpu_intensive/batch/interactive,SRTF,0.34390547263681615,0.0018656716417910454,0.0,0.3009950248756219,0.5,0.6629353233830846
25.0,0.0,5.96,30.9184,2.88,23.92,0.0,1.0,42000049,13,cpu_intensive/batch/interactive,SJF,0.3495652173913049,0.0,0.03652173913043564,0.3478260869565215,0.31739130434782625,0.75
24.0,1.0,5.32,26.1376,2.88,23.25,0.0,1.0,42000049,14,cpu_intensive/batch/interactive,SJF,0.29773156899810976,0.0,0.06616257088846894,0.2844990548204158,0.5,0.7074669187145557
23.0,0.0,5.304347826086956,27.429111531190927,2.739130434782609,20.043478260869566,0.0,1.0,42000049,15,cpu_intensive/batch/interactive,SJF,0.5,0.0,0.07568027210884373,0.30782312925170063,0.5,0.6947278911564627
23.0,0.0,5.260869565217392,29.84499054820416,2.739130434782609,20.82608695652174,0.0,1.0,42000049,16,cpu_intensive/batch/interactive,SJF,0.1250000000000005,0.0,0.03235294117647021,0.24558823529411716,0.47941176470588204,0.75
18.0,1.0,6.052631578947368,37.52354570637119,2.8421052631578947,21.833333333333332,0.0,1.0,42000049,17,cpu_intensive/batch/interactive,SJF,0.44057971014492714,0.0,0.17246376811594236,0.3159420289855066,0.4797101449275364,0.75
17.0,0.0,6.823529411764706,46.38062283737024,2.764705882352941,18.470588235294116,0.0,1.0,42000049,18,cpu_intensive/batch/interactive,SJF,0.19469026548672447,0.0,0.22566371681415856,0.32005899705014634,0.41740412979351005,0.75
12.0,0.0,10.416666666666666,42.90972222222222,2.5,15.583333333333334,0.0,1.0,42000049,19,cpu_intensive/batch/interactive,SJF,0.22809667673715994,0.0,0.30060422960725064,0.3761329305135944,0.03927492447129946,0.75
12.0,0.0,13.583333333333334,30.743055555555557,2.5,10.25,0.0,1.0,42000049,20,cpu_intensive/batch/interactive,SJF,0.08333333333333304,0.0,0.2735507246376811,0.35507246376811596,0.05797101449275349,0.75
12.0,0.0,11.916666666666666,28.90972222222222,2.5,11,0.0,0.0,42000049,21,cpu_intensive/batch/interactive,SJF,0.34477124183006536,0.0,0.20588235294117616,0.369281045751634,0.27450980392157004,0.75
12.0,0.0,10.25,31.1875,2.5,11,0.0,0.0,42000049,22,cpu_intensive/batch/interactive,SJF,0.23026315789473745,0.0,0.15460526315789525,0.36513157894736786,0.2960526315789469,0.75
12.0,0.0,8.583333333333334,26.90972222222222,2.5,11,0.0,0.0,42000049,23,cpu_intensive/batch/interactive,SJF,0.05022831050228407,0.0,0.05022831050228407,0.30593607305936,0.1712328767123285,0.75
10.0,0.0,8.3,18.41,2.6,9.7,0.0,0.0,42000049,24,cpu_intensive/batch/interactive,SJF,0.0076923076923068184,0.0,0.025641025641024183,0.3358974358974338,0.08717948717948659,0.75
10.0,0.0,8.5,34.25,2.6,8.9,0.0,1.0,42000049,25,cpu_intensive/batch/interactive,SRTF,0.10443037974683467,0.012658227848100582,0.0,0.31962025316455533,0.37025316455696095,0.75
9.0,0.0,7.333333333333333,31.11111111111111,2.7777777777777777,8.11111111111111,0.0,0.0,42000049,26,cpu_intensive/batch/interactive,SRTF,0.20676691729323332,0.015037593984964102,0.0,0.31954887218045125,0.47744360902255767,0.75
7.0,0.0,6.571428571428571,32.244897959183675,2.7142857142857144,6.285714285714286,0.0,0.0,42000049,27,cpu_intensive/batch/interactive,SRTF,0.5,0.004424778761062427,0.0,0.2920353982300855,0.4955752212389346,0.6969026548672523
4.0,0.0,6.5,20.25,3.75,3,0.0,0.0,42000049,28,cpu_intensive/batch/interactive,SJF,0.2790697674418637,0.0,0.0,0.20930232558139084,0.34883720930232465,0.75
1.0,0.0,6,0,1,0,0.0,0.0,42000049,29,cpu_intensive/batch/interactive,FCFS,0.0,0.0,0.0,0.0,0.0,0.0
9.0,0.0,18,81.11111111111111,1.8888888888888888,5.777777777777778,9.0,0.0,42000050,0,cpu_intensive/mixed/interactive,SJF,0.3842364532019705,0.06518817204301075,0.14181100693892684,0.3934729064039409,0.3842364532019705,0.814516129032258
22.0,1.0,12.826086956521738,69.62192816635161,2.4347826086956523,11.136363636363637,14.0,0.0,42000050,1,cpu_intensive/mixed/interactive,SJF,0.5292370729355863,0.03543913713405239,0.04636871508379888,0.3907911613053171,0.656145251396648,0.7950693374422189
32.0,0.0,9.5,62.9375,2.46875,16.125,9.0,0.18181818181818182,42000050,2,cpu_intensive/mixed/interactive,SJF,0.4336647846675446,0.0,0.03339264199052929,0.3532951329541315,0.6846910112359551,0.8135910224438903
30.0,2.0,9.09375,57.9599609375,2.46875,24.466666666666665,0.0,1.0,42000050,3,cpu_intensive/mixed/interactive,SJF,0.4534722222222222,0.06642512077294686,0.09903381642512077,0.3236111111111111,0.4534722222222222,0.821256038647343
32.0,0.0,8.71875,56.3271484375,2.46875,26.3125,0.0,1.0,42000050,4,cpu_intensive/mixed/interactive,SJF,0.4045043640897756,0.15625,0.36720698254364087,0.36034912718204487,0.6251714463840399,0.79375
32.0,0.0,8.09375,53.0849609375,2.46875,28.4375,0.0,0.0,42000050,5,cpu_intensive/mixed/interactive,SJF,0.3422222222222222,0.0,0.06555555555555556,0.15518518518518518,0.5,0.4881481481481481
30.0,1.0,8.290322580645162,46.72216441207076,2.5161290322580645,29.8,0.0,1.0,42000050,6,cpu_intensive/mixed/interactive,SJF,0.43049645390070923,0.0,0.17872340425531916,0.34893617021276596,0.3943262411347518,0.75
28.0,2.0,8.333333333333334,46.15555555555556,2.5,30.607142857142858,0.0,1.0,42000050,7,cpu_intensive/mixed/interactive,SJF,0.24285714285714285,0.0,0.09523809523809523,0.3613095238095238,0.42738095238095236,0.75
30.0,0.0,8.033333333333333,39.43222222222222,2.5,25.1,0.0,1.0,42000050,8,cpu_intensive/mixed/interactive,SJF,0.5,0.0,0.03629976580796253,0.187743950039032,0.5,0.5197111631537861
29.0,1.0,7.5,35.18333333333333,2.5,26.03448275862069,0.0,1.0,42000050,9,cpu_intensive/mixed/interactive,SJF,0.2889374090247453,0.0,0.08660844250363901,0.34788937409024745,0.4184861717612809,0.75
28.0,2.0,7.333333333333333,31.22222222222222,2.5,26.107142857142858,0.0,1.0,42000050,10,cpu_intensive/mixed/interactive,SJF,0.33753501400560226,0.0,0.1484593837535014,0.35294117647058826,0.4411764705882353,0.75
30.0,0.0,6.666666666666667,29.22222222222222,2.5,25.933333333333334,0.0,1.0,42000050,11,cpu_intensive/mixed/interactive,SJF,0.3087431693989071,0.0,0.1721311475409836,0.30965391621129323,0.17486338797814208,0.75
28.0,0.0,7.214285714285714,30.45408163265306,2.4642857142857144,26.821428571428573,0.0,1.0,42000050,12,cpu_intensive/mixed/interactive,Priority,0.06673511293634497,0.043121149897330596,0.04209445585215606,0.29876796714579057,0.0,0.75
27.0,0.0,6.925925925925926,31.550068587105624,2.4444444444444446,28,0.0,1.0,42000050,13,cpu_intensive/mixed/interactive,SJF,0.2113144758735441,0.0,0.12479201331114809,0.34608985024958405,0.4226289517470882,0.75
27.0,0.0,6.407407407407407,29.722908093278463,2.4444444444444446,25.25925925925926,0.0,1.0,42000050,14,cpu_intensive/mixed/interactive,SJF,0.09565217391304348,0.0,0.1934782608695652,0.29456521739130437,0.15434782608695652,0.75
25.0,0.0,6.36,24.2304,2.52,24.92,0.0,1.0,42000050,15,cpu_intensive/mixed/interactive,SJF,0.11060329067641683,0.0,0.16910420475319926,0.23217550274223034,0.5,0.6311700182815356
22.0,0.0,6.2727272727272725,25.925619834710744,2.5454545454545454,25.181818181818183,0.0,0.0,42000050,16,cpu_intensive/mixed/interactive,SJF,0.4972144846796658,0.0,0.09610027855153204,0.23467966573816157,0.5,0.6086350974930362
21.0,0.0,8.333333333333334,40.6031746031746,2.4285714285714284,20.19047619047619,0.0,1.0,42000050,17,cpu_intensive/mixed/interactive,SJF,0.1773927392739274,0.0,0.03052805280528053,0.3085808580858086,0.5,0.6782178217821783
20.0,1.0,9.19047619047619,41.5827664399093,2.4285714285714284,17.8,0.0,1.0,42000050,18,cpu_intensive/mixed/interactive,SJF,0.3112324492979719,0.0,0.0039001560062402497,0.26833073322932915,0.5,0.6329953198127924
19.0,1.0,8.8,36.16,2.45,20.263157894736842,0.0,1.0,42000050,19,cpu_intensive/mixed/interactive,SRTF,0.23890063424947147,0.052854122621564484,0.0,0.35200845665961944,0.48731501057082455,0.75
20.0,0.0,7.85,37.2275,2.45,19.6,0.0,1.0,42000050,20,cpu_intensive/mixed/interactive,SJF,0.302771855010661,0.0,0.050106609808102345,0.30810234541577824,0.5,0.7073560767590618
20.0,0.0,6.85,35.5275,2.45,18.9,0.0,0.0,42000050,21,cpu_intensive/mixed/interactive,SJF,0.2430939226519337,0.0,0.09806629834254144,0.30939226519337015,0.4654696132596685,0.75
15.0,0.0,7.733333333333333,32.32888888888889,2.2666666666666666,20.2,0.0,0.0,42000050,22,cpu_intensive/mixed/interactive,SJF,0.5,0.0,0.037953795379537955,0.2706270627062706,0.3217821782178218,0.6905940594059407
12.0,0.0,8,29.666666666666668,2.0833333333333335,15.833333333333334,0.0,0.0,42000050,23,cpu_intensive/mixed/interactive,SJF,0.22097378277153562,0.0,0.18164794007490637,0.34269662921348315,0.3539325842696629,0.75
12.0,0.0,8.25,40.520833333333336,2.0833333333333335,10.666666666666666,0.0,1.0,42000050,24,cpu_intensive/mixed/interactive,SJF,0.1595744680851064,0.0,0.14893617021276595,0.3148936170212766,0.4489361702127659,0.75
10.0,0.0,7.8,35.36,2.2,10.8,0.0,0.0,42000050,25,cpu_intensive/mixed/interactive,SJF,0.05813953488372093,0.0,0.05232558139534885,0.27325581395348836,0.38953488372093026,0.75
9.0,0.0,6.444444444444445,35.135802469135804,1.8888888888888888,8.444444444444445,0.0,0.0,42000050,26,cpu_intensive/mixed/interactive,SRTF,0.10218978102189781,0.0036496350364963502,0.0,0.26277372262773724,0.3978102189781022,0.75
7.0,0.0,8.142857142857142,45.55102040816327,2,6,0.0,1.0,42000050,27,cpu_intensive/mixed/interactive,SRTF,0.19583333333333333,0.004166666666666667,0.0,0.22500000000000003,0.5,0.6291666666666667
4.0,0.0,9,24.5,2,3,0.0,0.0,42000050,28,cpu_intensive/mixed/interactive,SJF,0.23943661971830982,0.0,0.0,0.2535211267605634,0.23943661971830982,0.75
3.0,0.0,5.666666666666667,4.222222222222222,1.6666666666666667,2,0.0,0.0,42000050,29,cpu_intensive/mixed/interactive,SJF,0.12121212121212122,0.0,0.0,0.18181818181818182,0.12121212121212122,0.75
12.0,3.0,2.8666666666666667,9.715555555555556,2.6666666666666665,3.5833333333333335,15.0,0.3181818181818182,42000051,0,io_intensive/mixed/interactive,SJF,0.7052429667519182,0.02511961722488048,0.2157607166020144,0.31777493606138096,0.6790923775376596,0.8708133971291867
25.0,2.0,3.1481481481481484,5.385459533607682,3.074074074074074,9,12.0,0.42857142857142855,42000051,1,io_intensive/mixed/interactive,SJF,0.7258855419994568,0.07924107142857141,0.1428998632946002,0.3421052631578946,0.4916267942583733,0.9129464285714286
35.0,1.0,2.6666666666666665,4.277777777777778,3.0277777777777777,15.314285714285715,9.0,0.4,42000051,2,io_intensive/mixed/interactive,SJF,0.7142644052010796,0.0573770491803279,0.2662588315761136,0.33754993342210393,0.46637816245006697,0.8688524590163935
32.0,3.0,2.4,3.2685714285714287,3,26.125,0.0,1.0,42000051,3,io_intensive/mixed/interactive,SJF,0.3037728373321594,0.0685714285714287,0.36206911732335434,0.29044684129429876,0.3570878274268104,0.8457142857142856
35.0,0.0,2.3714285714285714,3.2048979591836733,3,25.428571428571427,0.0,1.0,42000051,4,io_intensive/mixed/interactive,SJF,0.37453703703703745,0.016666666666666597,0.37808641975308677,0.2808641975308643,0.3510802469135802,0.7916666666666667
31.0,4.0,2.342857142857143,2.911020408163265,3,27.548387096774192,0.0,1.0,42000051,5,io_intensive/mixed/interactive,SJF,0.42300724637681153,0.0,0.20742753623188404,0.24909420289855044,0.3342391304347824,0.75
31.0,2.0,2.1515151515151514,2.189164370982553,3.090909090909091,27.193548387096776,0.0,1.0,42000051,6,io_intensive/mixed/interactive,SJF,0.13852813852813872,0.0,0.10064935064935059,0.22727272727272724,0.08116883116883111,0.75
29.0,2.0,2.4193548387096775,2.1144640998959416,3.064516129032258,24.20689655172414,0.0,1.0,42000051,7,io_intensive/mixed/interactive,SJF,0.5,0.0,0.15017985611510795,0.2814748201438847,0.10521582733812962,0.7014388489208633
28.0,2.0,2.4,1.64,3.1,24.107142857142858,0.0,1.0,42000051,8,io_intensive/mixed/interactive,SJF,0.1941176470588235,0.0,0.24705882352941175,0.2647058823529411,0.09117647058823562,0.75
25.0,2.0,2.7037037037037037,1.6899862825788752,3,24.36,0.0,1.0,42000051,9,io_intensive/mixed/interactive,SJF,0.2153209109730848,0.0,0.1821946169772257,0.30020703933747384,0.11387163561076566,0.75
24.0,2.0,3.1923076923076925,13.078402366863905,2.9615384615384617,24.708333333333332,0.0,1.0,42000051,10,io_intensive/mixed/interactive,SJF,0.3475177304964542,0.0,0.10992907801418432,0.2588652482269503,0.1867612293144214,0.75
24.0,1.0,2.92,13.4336,2.88,21.708333333333332,0.0,1.0,42000051,11,io_intensive/mixed/interactive,SJF,0.2606557377049182,0.0,0.12131147540983564,0.23278688524590133,0.05245901639344258,0.75
20.0,1.0,2.9523809523809526,12.331065759637188,3.0952380952380953,21.45,0.0,1.0,42000051,12,io_intensive/mixed/interactive,SJF,0.278368794326241,0.0,0.1861702127659566,0.2163120567375882,0.108156028368795,0.75
15.0,1.0,3.375,14.859375,3.3125,18.066666666666666,0.0,1.0,42000051,13,io_intensive/mixed/interactive,SJF,0.533591586196571,0.0,0.20547945205479456,0.2534246575342465,0.12328767123287676,0.75
12.0,1.0,3.8461538461538463,15.514792899408285,3.1538461538461537,15.833333333333334,0.0,1.0,42000051,14,io_intensive/mixed/interactive,SJF,0.41514919917591503,0.0,0.04268292682926807,0.21341463414634032,0.38617886178861593,0.75
9.0,0.0,4,16.88888888888889,3.888888888888889,8.666666666666666,0.0,1.0,42000051,15,io_intensive/mixed/interactive,SRTF,0.5227584260603139,0.008547008547010976,0.0,0.14957264957265054,0.6062382739212031,0.75
4.0,0.0,4.75,18.6875,3.5,4.5,0.0,1.0,42000051,16,io_intensive/mixed/interactive,SRTF,0.40348912167606854,0.14705882352941088,0.0,0.2205882352941163,0.5588235294117658,0.75
1.0,0.0,4,0,3,0,0.0,1.0,42000051,17,io_intensive/mixed/interactive,FCFS,0.0,0.0,0.0,0.0,0.0,0.0
8.0,5.0,3,1.3846153846153846,2.3846153846153846,4,13.0,0.2777777777777778,42000052,0,io_intensive/interactive/batch,SJF,0.37853826992753603,0.005434782608695524,0.10351562499999983,0.2841655344202899,0.28125000000000006,0.9130434782608696
25.0,0.0,2.84,6.6944,2.72,11.08,12.0,0.3684210526315789,42000052,1,io_intensive/interactive/batch,SJF,0.3444937373610695,0.09120879120879118,0.21109247385994898,0.3124108416547786,0.702211126961483,0.8291208791208791
33.0,1.0,5.9411764705882355,38.52595155709343,2.6470588235294117,17.90909090909091,9.0,0.35714285714285715,42000052,2,io_intensive/interactive/batch,SJF,0.3457936199183042,0.16698113207547163,0.2773536276988914,0.32989690721649506,0.7248711340206191,0.8301886792452831
30.0,4.0,5.882352941176471,37.57439446366782,2.6470588235294117,25.2,0.0,1.0,42000052,3,io_intensive/interactive/batch,SJF,0.6921745193273536,0.24626865671641784,0.3986746788622212,0.3562945368171021,0.736935866983373,0.8109452736318408
34.0,0.0,5.470588235294118,29.77854671280277,2.6470588235294117,27.147058823529413,0.0,1.0,42000052,4,io_intensive/interactive/batch,SJF,0.2830330330330328,0.25,0.48928473928473926,0.32657657657657657,0.2800300300300302,0.7613636363636357
33.0,1.0,5.411764705882353,28.301038062283737,2.6470588235294117,28,0.0,1.0,42000052,5,io_intensive/interactive/batch,SJF,0.10789049919484701,0.0,0.2238325281803547,0.286634460547504,0.4114331723027377,0.75
29.0,2.0,5.548387096774194,30.05411030176899,2.6451612903225805,30.896551724137932,0.0,1.0,42000052,6,io_intensive/interactive/batch,SJF,0.4293750000000001,0.0,0.15687500000000004,0.3668750000000001,0.4593750000000002,0.75
31.0,0.0,5.032258064516129,25.386056191467222,2.6451612903225805,28.612903225806452,0.0,1.0,42000052,7,io_intensive/interactive/batch,SJF,0.28260869565217384,0.0,0.11996779388083727,0.323671497584541,0.2431561996779388,0.75
28.0,3.0,5.161290322580645,21.29656607700312,2.6451612903225805,28.642857142857142,0.0,1.0,42000052,8,io_intensive/interactive/batch,SJF,0.24371508379888313,0.0,0.10195530726257021,0.3351955307262571,0.42458100558659195,0.75
27.0,2.0,5.137931034482759,19.912009512485138,2.7241379310344827,24.74074074074074,0.0,1.0,42000052,9,io_intensive/interactive/batch,SJF,0.5,0.0,0.0884476534296027,0.28339350180505396,0.31167268351383837,0.6567388688327316
29.0,0.0,4.655172413793103,15.39833531510107,2.7241379310344827,23.517241379310345,0.0,1.0,42000052,10,io_intensive/interactive/batch,SJF,0.21498054474708161,0.0,0.15466926070038825,0.29474708171206176,0.3686770428015564,0.75
26.0,0.0,4.769230769230769,16.17751479289941,2.8076923076923075,23.576923076923077,0.0,1.0,42000052,11,io_intensive/interactive/batch,SJF,0.2992277992277992,0.0,0.050193050193050384,0.30308880308880326,0.36100386100386067,0.75
25.0,0.0,4.32,13.5776,2.8,22.36,0.0,1.0,42000052,12,io_intensive/interactive/batch,SJF,0.284334763948498,0.0,0.12768240343347656,0.28326180257510714,0.29935622317596544,0.75
23.0,1.0,4.25,11.1875,2.7916666666666665,22.391304347826086,0.0,1.0,42000052,13,io_intensive/interactive/batch,SJF,0.20090293453724556,0.0,0.17042889390519167,0.3194130925507895,0.2968397291196383,0.75
21.0,1.0,4.136363636363637,10.208677685950413,2.8636363636363638,21.523809523809526,0.0,1.0,42000052,14,io_intensive/interactive/batch,SJF,0.3649635036496346,0.0,0.2189781021897803,0.2858880778588803,0.25304136253041387,0.75
20.0,1.0,4.714285714285714,16.87074829931973,2.857142857142857,19.5,0.0,1.0,42000052,15,io_intensive/interactive/batch,SJF,0.16613924050632878,0.0,0.09968354430379837,0.27689873417721483,0.3844936708860754,0.75
18.0,1.0,5,22.94736842105263,2.8421052631578947,18.555555555555557,0.0,1.0,42000052,16,io_intensive/interactive/batch,SJF,0.35450819672131173,0.0,0.03893442622950838,0.23975409836065517,0.3196721311475413,0.75
15.0,0.0,5,22.133333333333333,2.8,20.2,0.0,1.0,42000052,17,io_intensive/interactive/batch,SJF,0.24358974358974447,0.0,0.019230769230769867,0.26923076923076905,0.2970085470085463,0.75
12.0,0.0,6.583333333333333,29.243055555555557,2.6666666666666665,14,0.0,1.0,42000052,18,io_intensive/interactive/batch,SJF,0.2524509803921565,0.0,0.11029411764705799,0.2941176470588232,0.24019607843137197,0.75
11.0,0.0,5.545454545454546,26.975206611570247,2.4545454545454546,10.181818181818182,0.0,1.0,42000052,19,io_intensive/interactive/batch,SJF,0.3153846153846141,0.0,0.10769230769230627,0.29230769230769216,0.2615384615384625,0.75
6.0,1.0,9.428571428571429,16.816326530612244,2.5714285714285716,8.666666666666666,0.0,1.0,42000052,20,io_intensive/interactive/batch,SRTF,0.14453124999999956,0.0039062499999994575,0.0,0.3359374999999986,0.09765625000000153,0.75
5.0,0.0,9,2.8,2.8,5.6,0.0,1.0,42000052,21,io_intensive/interactive/batch,SRTF,0.031249999999992825,0.015624999999991885,0.0,0.47656249999999706,0.023437499999993866,0.75
5.0,0.0,5,2.8,2.8,4,0.0,0.0,42000052,22,io_intensive/interactive/batch,SRTF,0.08571428571427435,0.05714285714286062,0.0,0.4428571428571394,0.05714285714286062,0.75
4.0,0.0,1.25,0.1875,3,3,0.0,0.0,42000052,23,io_intensive/interactive/batch,SRTF,0.09090909090909889,0.09090909090909889,0.0,0.09090909090909889,0.04545454545455823,0.75
12.0,2.0,3,12,3.2857142857142856,8.166666666666666,14.0,0.125,42000053,0,io_intensive/mixed/cpu_intensive,SJF,0.2801692420897719,0.041390728476821195,0.17208861004608653,0.2536549707602339,0.577485380116959,0.9006622516556291
22.0,3.0,6.24,53.6224,3.4,11.590909090909092,11.0,0.35294117647058826,42000053,1,io_intensive/mixed/cpu_intensive,SJF,0.5731966053748232,0.061813186813186816,0.20952108947158454,0.3048090523338048,0.4622547419577123,0.8035714285714286
28.0,4.0,9.90625,91.8349609375,3.125,17.285714285714285,7.0,0.46153846153846156,42000053,2,io_intensive/mixed/cpu_intensive,SJF,0.7074316582091995,0.22408536585365854,0.3192257325257816,0.3295302013422819,0.4822147651006712,0.8490853658536586
31.0,1.0,9.625,87.046875,3.125,21.838709677419356,0.0,1.0,42000053,3,io_intensive/mixed/cpu_intensive,SJF,0.7028089887640449,0.2336065573770492,0.3499631608030945,0.25674157303370787,0.7192622950819672,0.7009347946214772
30.0,1.0,9.35483870967742,78.3579604578564,3.064516129032258,27.3,0.0,1.0,42000053,4,io_intensive/mixed/cpu_intensive,Round Robin,0.5,0.25,0.3341299345016817,0.23605947955390336,0.5,0.6361302885466454
30.0,1.0,9.161290322580646,76.26430801248699,3.064516129032258,27.633333333333333,0.0,1.0,42000053,5,io_intensive/mixed/cpu_intensive,SJF,0.41798107255520506,0.0,0.055205047318611984,0.3099369085173502,0.2358044164037855,0.75
30.0,0.0,9.1,74.82333333333334,3,27.066666666666666,0.0,1.0,42000053,6,io_intensive/mixed/cpu_intensive,SJF,0.4912935323383085,0.0,0.03855721393034826,0.26990049751243783,0.5,0.6473880597014925
30.0,0.0,8.533333333333333,63.51555555555556,3,26.3,0.0,1.0,42000053,7,io_intensive/mixed/cpu_intensive,SJF,0.43553223388305845,0.0,0.14992503748125938,0.31334332833583206,0.23388305847076463,0.75
29.0,1.0,8.266666666666667,64.19555555555556,3,24.586206896551722,0.0,1.0,42000053,8,io_intensive/mixed/cpu_intensive,SJF,0.5,0.0,0.09668874172185431,0.3185430463576159,0.2721854304635762,0.7241721854304636
30.0,0.0,7.766666666666667,60.44555555555556,3,23.833333333333332,0.0,1.0,42000053,9,io_intensive/mixed/cpu_intensive,SJF,0.29411764705882354,0.0,0.11524609843937575,0.29111644657863145,0.5,0.6665666266506602
28.0,2.0,7.4,51.57333333333333,3,25.107142857142858,0.0,1.0,42000053,10,io_intensive/mixed/cpu_intensive,SJF,0.2645390070921986,0.0,0.21843971631205675,0.349645390070922,0.3276595744680851,0.75
27.0,3.0,7.3,51.07666666666667,3,27.666666666666668,0.0,1.0,42000053,11,io_intensive/mixed/cpu_intensive,SJF,0.2759146341463415,0.0,0.10670731707317074,0.35060975609756095,0.3315548780487805,0.75
29.0,0.0,7.103448275862069,45.47205707491082,3,24.275862068965516,0.0,1.0,42000053,12,io_intensive/mixed/cpu_intensive,SJF,0.2507309941520468,0.0,0.024853801169590642,0.24415204678362573,0.5,0.6425438596491228
27.0,1.0,6.821428571428571,42.14668367346939,3,24.555555555555557,0.0,1.0,42000053,13,io_intensive/mixed/cpu_intensive,SJF,0.420863309352518,0.0,0.045863309352517985,0.2922661870503597,0.5,0.7392086330935251
27.0,0.0,6.555555555555555,40.02469135802469,3.074074074074074,24.074074074074073,0.0,1.0,42000053,14,io_intensive/mixed/cpu_intensive,SRTF,0.31236897274633124,0.005241090146750524,0.0,0.27358490566037735,0.5,0.7164570230607966
24.0,1.0,7.04,38.1184,3.24,24.125,0.0,1.0,42000053,15,io_intensive/mixed/cpu_intensive,SRTF,0.27520435967302453,0.0326975476839237,0.0,0.2329700272479564,0.5,0.7377384196185286
22.0,0.0,7.2727272727272725,39.925619834710744,3.227272727272727,22.772727272727273,0.0,1.0,42000053,16,io_intensive/mixed/cpu_intensive,SJF,0.43373493975903615,0.0,0.09412650602409639,0.21159638554216867,0.5,0.5677710843373494
18.0,0.0,8.777777777777779,34.839506172839506,3.0555555555555554,20.944444444444443,0.0,1.0,42000053,17,io_intensive/mixed/cpu_intensive,SJF,0.3620689655172414,0.0,0.17672413793103448,0.3232758620689655,0.382183908045977,0.75
14.0,0.0,9.785714285714286,27.168367346938776,2.9285714285714284,18.928571428571427,0.0,0.0,42000053,18,io_intensive/mixed/cpu_intensive,SJF,0.4678111587982833,0.0,0.37446351931330474,0.3261802575107296,0.5,0.6813304721030042
14.0,0.0,8.357142857142858,25.943877551020407,2.9285714285714284,13.785714285714286,0.0,0.0,42000053,19,io_intensive/mixed/cpu_intensive,SJF,0.24393939393939396,0.0,0.3196969696969697,0.3515151515151515,0.09545454545454546,0.75
12.0,0.0,9.333333333333334,16.22222222222222,2.75,11.5,0.0,1.0,42000053,20,io_intensive/mixed/cpu_intensive,SJF,0.1925925925925926,0.0,0.37777777777777777,0.34814814814814815,0.21481481481481482,0.75
12.0,0.0,9.333333333333334,24.22222222222222,2.75,10.583333333333334,0.0,1.0,42000053,21,io_intensive/mixed/cpu_intensive,SJF,0.08588957055214724,0.0,0.4616564417177914,0.37423312883435583,0.21012269938650308,0.75
12.0,0.0,10,44.666666666666664,2.75,10.25,0.0,1.0,42000053,22,io_intensive/mixed/cpu_intensive,SJF,0.07192982456140351,0.0,0.26666666666666666,0.34912280701754383,0.24210526315789474,0.75
12.0,0.0,8.333333333333334,40.22222222222222,2.75,11,0.0,0.0,42000053,23,io_intensive/mixed/cpu_intensive,SJF,0.16319444444444445,0.0,0.171875,0.3506944444444444,0.2013888888888889,0.75
12.0,0.0,8.416666666666666,50.076388888888886,2.75,10.666666666666666,0.0,1.0,42000053,24,io_intensive/mixed/cpu_intensive,SJF,0.3253968253968254,0.0,0.125,0.34523809523809523,0.23412698412698413,0.75
10.0,1.0,10.909090909090908,62.446280991735534,2.909090909090909,11,0.0,1.0,42000053,25,io_intensive/mixed/cpu_intensive,SRTF,0.3852140077821012,0.0038910505836575876,0.0,0.3540856031128405,0.36186770428015563,0.75
11.0,0.0,9.090909090909092,65.71900826446281,2.909090909090909,9.909090909090908,0.0,1.0,42000053,26,io_intensive/mixed/cpu_intensive,SRTF,0.42431192660550454,0.0045871559633027525,0.0,0.3348623853211009,0.48853211009174313,0.75
7.0,0.0,11.428571428571429,41.95918367346939,2.857142857142857,9.142857142857142,0.0,0.0,42000053,27,io_intensive/mixed/cpu_intensive,SRTF,0.24324324324324326,0.006756756756756757,0.0,0.35135135135135137,0.23648648648648649,0.75
6.0,0.0,10.166666666666666,25.13888888888889,2.8333333333333335,5.166666666666667,0.0,0.0,42000053,28,io_intensive/mixed/cpu_intensive,SRTF,0.1652892561983471,0.11157024793388431,0.0,0.34297520661157027,0.2024793388429752,0.75
5.0,0.0,8,10,2.8,4,0.0,0.0,42000053,29,io_intensive/mixed/cpu_intensive,SRTF,0.16666666666666666,0.07407407407407407,0.0,0.3271604938271605,0.13580246913580246,0.75
4.0,0.0,5,1.5,2.5,3,0.0,0.0,42000053,30,io_intensive/mixed/cpu_intensive,SRTF,0.13333333333333333,0.03333333333333333,0.0,0.36666666666666664,0.03333333333333333,0.75
1.0,0.0,1,0,5,0,0.0,0.0,42000053,31,io_intensive/mixed/cpu_intensive,FCFS,0.0,0.0,0.0,0.0,0.0,0.0
13.0,1.0,2.142857142857143,1.1224489795918366,3.2142857142857144,5.615384615384615,14.0,0.2222222222222222,42000054,0,interactive/mixed/io_intensive,SJF,0.34117543395893857,0.06701030927835049,0.22709363946477348,0.3205128205128206,0.5570818070818064,0.8393470790378006
21.0,3.0,6.791666666666667,59.66493055555556,3.0416666666666665,10.904761904761905,11.0,0.26666666666666666,42000054,1,interactive/mixed/io_intensive,SJF,0.5489768260028809,0.09028960817717208,0.1556091676718943,0.36610887689237914,0.6854644149577802,0.8249574105621806
33.0,2.0,4.9714285714285715,40.713469387755104,3.2285714285714286,15.363636363636363,11.0,0.35294117647058826,42000054,2,interactive/mixed/io_intensive,SJF,0.715841975473578,0.1276824034334764,0.1971465629053179,0.35541741119887793,0.703307392996109,0.8315450643776824
34.0,1.0,4.6571428571428575,37.76816326530612,3.2285714285714286,23.794117647058822,0.0,1.0,42000054,3,interactive/mixed/io_intensive,SJF,0.3863114878446543,0.14982269503546108,0.24598930481283446,0.3270186217620512,0.7125668449197864,0.824468085106383
34.0,0.0,4.676470588235294,37.983564013840834,3.235294117647059,26.764705882352942,0.0,1.0,42000054,4,interactive/mixed/io_intensive,SRTF,0.6299999999999999,0.17333333333333326,0.17242251223491012,0.2022838499184339,0.5256933115823818,0.5986215334420878
31.0,3.0,4.823529411764706,30.73356401384083,3.235294117647059,26.322580645161292,0.0,1.0,42000054,5,interactive/mixed/io_intensive,SJF,0.4031563845050214,0.0,0.218077474892396,0.303443328550933,0.4591104734576762,0.75
31.0,3.0,4.764705882352941,28.17993079584775,3.235294117647059,25.225806451612904,0.0,1.0,42000054,6,interactive/mixed/io_intensive,SJF,0.349500713266761,0.0,0.18116975748930061,0.3138373751783167,0.45149786019971405,0.75
30.0,3.0,4.7272727272727275,24.56198347107438,3.272727272727273,26.233333333333334,0.0,1.0,42000054,7,interactive/mixed/io_intensive,SJF,0.3170731707317071,0.0,0.2731707317073168,0.31463414634146375,0.46991869918699203,0.75
31.0,1.0,4.40625,25.0537109375,3.21875,27.838709677419356,0.0,1.0,42000054,8,interactive/mixed/io_intensive,SJF,0.47420965058236353,0.0,0.2886855241264564,0.31031613976705563,0.47420965058236353,0.75
29.0,2.0,4.387096774193548,23.850156087408948,3.161290322580645,31.275862068965516,0.0,1.0,42000054,9,interactive/mixed/io_intensive,SJF,0.5,0.0,0.10925306577480487,0.1811594202898552,0.2803790412486066,0.5649386845039022
28.0,2.0,4.666666666666667,23.355555555555554,3.1333333333333333,27.821428571428573,0.0,1.0,42000054,10,interactive/mixed/io_intensive,SJF,0.5,0.0,0.11561264822134398,0.2559288537549414,0.4258893280632417,0.7075098814229256
27.0,1.0,4.607142857142857,23.881377551020407,3.1785714285714284,26.37037037037037,0.0,1.0,42000054,11,interactive/mixed/io_intensive,SJF,0.5,0.0,0.14901960784313728,0.30686274509803924,0.4637254901960779,0.7460784313725479
25.0,0.0,4.36,24.9504,3.12,26.92,0.0,1.0,42000054,12,interactive/mixed/io_intensive,SJF,0.5,0.0,0.08014184397163135,0.19645390070922036,0.268085106382979,0.569148936170213
22.0,3.0,4.24,21.3824,3.12,27,0.0,1.0,42000054,13,interactive/mixed/io_intensive,SJF,0.3664529914529912,0.0,0.15384615384615385,0.28846153846153844,0.4198717948717947,0.75
19.0,4.0,4.913043478260869,18.94896030245747,3.130434782608696,20.842105263157894,0.0,1.0,42000054,14,interactive/mixed/io_intensive,SJF,0.5,0.0,0.05528052805280459,0.2376237623762379,0.277227722772277,0.6328382838283823
21.0,0.0,5.142857142857143,15.83673469387755,3,16.761904761904763,0.0,1.0,42000054,15,interactive/mixed/io_intensive,SJF,0.359943977591037,0.0,0.06022408963585486,0.2983193277310928,0.37955182072829025,0.75
20.0,0.0,4.45,16.6475,3.1,19.1,0.0,1.0,42000054,16,interactive/mixed/io_intensive,SJF,0.5,0.0,0.03430079155672855,0.2124010554089714,0.29419525065963137,0.6378627968337731
17.0,1.0,4.277777777777778,13.533950617283951,3,20.823529411764707,0.0,1.0,42000054,17,interactive/mixed/io_intensive,SJF,0.24056603773584734,0.0,0.1698113207547169,0.18867924528301933,0.3749999999999995,0.75
12.0,0.0,5.333333333333333,13.055555555555555,3.1666666666666665,17.25,0.0,1.0,42000054,18,interactive/mixed/io_intensive,SJF,0.5,0.0,0.08088235294117788,0.2524509803921588,0.19117647058823634,0.7034313725490203
11.0,0.0,4.363636363636363,11.685950413223141,3.090909090909091,11.454545454545455,0.0,1.0,42000054,19,interactive/mixed/io_intensive,SJF,0.42361111111111,0.0,0.09027777777777857,0.2881944444444457,0.2604166666666672,0.75
8.0,2.0,5,31,3.1,10.75,0.0,1.0,42000054,20,interactive/mixed/io_intensive,SRTF,0.4556451612903242,0.020161290322579486,0.0,0.2620967741935515,0.2661290322580667,0.75
6.0,1.0,6.571428571428571,31.102040816326532,3.2857142857142856,6,0.0,1.0,42000054,21,interactive/mixed/io_intensive,SJF,0.1179775280898904,0.0,0.05617977528089745,0.23033707865168992,0.5021500212209936,0.75
4.0,0.0,6.5,20.25,3.25,3,0.0,1.0,42000054,22,interactive/mixed/io_intensive,SRTF,0.23988213575688117,0.15059642147117183,0.08928571428570932,0.3750000000000055,0.4898821357568848,0.75
3.0,0.0,6.333333333333333,17.555555555555557,3,2,0.0,1.0,42000054,23,interactive/mixed/io_intensive,FCFS,0.0,0.0,0.0,0.33333333333339016,0.0,0.75
11.0,3.0,4.357142857142857,34.515306122448976,2.2142857142857144,5.818181818181818,14.0,0.2631578947368421,42000055,0,io_intensive/batch/mixed,SJF,0.41253263707571797,0.10272277227722773,0.19440387250213267,0.31201044386422944,0.45485096812553294,0.8502475247524752
25.0,0.0,7.36,39.4304,2.44,9.72,11.0,0.47619047619047616,42000055,1,io_intensive/batch/mixed,SJF,0.75,0.059523809523809534,0.15079365079365095,0.3548387096774192,0.75,0.8352534562211985
33.0,1.0,7.794117647058823,40.575259515570934,2.5,16.21212121212121,9.0,0.1,42000055,2,io_intensive/batch/mixed,SJF,0.46426553672316395,0.08101851851851848,0.16451271186440664,0.3480225988700563,0.5036723163841808,0.8611111111111112
32.0,2.0,7.5,37.838235294117645,2.5,23.46875,0.0,1.0,42000055,3,io_intensive/batch/mixed,SJF,0.732587166628166,0.1259398496240601,0.23492421589156245,0.3087215064420215,0.75,0.728198096827798
34.0,0.0,7.117647058823529,33.57439446366782,2.5,26.88235294117647,0.0,1.0,42000055,4,io_intensive/batch/mixed,SJF,0.70625,0.25,0.33726415094339623,0.2653301886792452,0.3296383647798743,0.6422169811320755
32.0,1.0,6.7272727272727275,30.50137741046832,2.515151515151515,30.875,0.0,0.0,42000055,5,io_intensive/batch/mixed,SJF,0.2416555407209614,0.0,0.144859813084112,0.32710280373831757,0.34579439252336486,0.75
31.0,1.0,6.90625,26.8349609375,2.5625,28.548387096774192,0.0,1.0,42000055,6,io_intensive/batch/mixed,SJF,0.5,0.0,0.021341463414634058,0.3012195121951218,0.5,0.7048780487804875
30.0,0.0,6.733333333333333,24.26222222222222,2.533333333333333,28.3,0.0,1.0,42000055,7,io_intensive/batch/mixed,SJF,0.5,0.0,0.019163763066201954,0.24157955865272907,0.22067363530778195,0.6297909407665503
29.0,1.0,6.2,21.293333333333333,2.533333333333333,26.586206896551722,0.0,1.0,42000055,8,io_intensive/batch/mixed,SJF,0.32079646017699104,0.0,0.09660766961651912,0.3325958702064894,0.33185840707964587,0.75
26.0,1.0,6.185185185185185,20.891632373113854,2.4444444444444446,26.53846153846154,0.0,1.0,42000055,9,io_intensive/batch/mixed,SRTF,0.3399638336347194,0.023508137432188672,0.0,0.3327305605786611,0.326401446654611,0.75
26.0,0.0,5.615384615384615,16.159763313609467,2.4615384615384617,25,0.0,1.0,42000055,10,io_intensive/batch/mixed,SJF,0.08412098298676768,0.0,0.05387523629489635,0.3052930056710774,0.2665406427221177,0.75
24.0,2.0,5.423076923076923,12.705621301775148,2.4615384615384617,20.625,0.0,1.0,42000055,11,io_intensive/batch/mixed,SJF,0.4664634146341466,0.0,0.03556910569105601,0.31504065040650325,0.4664634146341466,0.75
24.0,0.0,5.125,9.109375,2.3333333333333335,20.708333333333332,0.0,1.0,42000055,12,io_intensive/batch/mixed,SJF,0.4238095238095228,0.0,0.10952380952380958,0.30238095238095164,0.15476190476190502,0.75
22.0,1.0,4.695652173913044,8.037807183364839,2.260869565217391,22.136363636363637,0.0,1.0,42000055,13,io_intensive/batch/mixed,SJF,0.45535714285714257,0.0,0.11718749999999989,0.32366071428571386,0.3683035714285714,0.75
20.0,1.0,4.380952380952381,6.331065759637188,2.2857142857142856,21.6,0.0,1.0,42000055,14,io_intensive/batch/mixed,SJF,0.5,0.0,0.11382978723404255,0.288297872340425,0.1414893617021284,0.6946808510638299
19.0,2.0,3.5238095238095237,5.297052154195011,2.2857142857142856,20.263157894736842,0.0,1.0,42000055,15,io_intensive/batch/mixed,SJF,0.3919270833333333,0.0,0.1445312499999996,0.31510416666666596,0.24218750000000006,0.75
18.0,1.0,4.315789473684211,11.584487534626039,2.3684210526315788,17.61111111111111,0.0,1.0,42000055,16,io_intensive/batch/mixed,SJF,0.5,0.0,0.06743002544529147,0.3053435114503812,0.14122137404580132,0.7220101781170492
16.0,1.0,5.352941176470588,20.346020761245676,2.411764705882353,16.5625,0.0,1.0,42000055,17,io_intensive/batch/mixed,SJF,0.22638436482084573,0.0,0.2198697068403906,0.31433224755700206,0.2149837133550486,0.75
16.0,0.0,4.625,19.859375,2.4375,14.0625,0.0,1.0,42000055,18,io_intensive/batch/mixed,SJF,0.1787003610108317,0.0,0.2779783393501802,0.3050541516245482,0.1642599277978345,0.75
12.0,0.0,5.916666666666667,29.243055555555557,2.6666666666666665,14.75,0.0,1.0,42000055,19,io_intensive/batch/mixed,SJF,0.12337662337662256,0.0,0.04112554112554141,0.31385281385281316,0.08225108225108282,0.75
8.0,1.0,10.444444444444445,25.358024691358025,2.6666666666666665,10.625,0.0,1.0,42000055,20,io_intensive/batch/mixed,Priority,0.14108910891089202,0.007425742574257373,0.012376237623762608,0.3762376237623758,0.0,0.75
9.0,0.0,9.666666666666666,16,2.6666666666666665,7.777777777777778,0.0,1.0,42000055,21,io_intensive/batch/mixed,SJF,0.24210526315789582,0.0,0.0026315789473690746,0.38157894736841913,0.013157894736843336,0.75
9.0,0.0,7.444444444444445,15.358024691358025,2.6666666666666665,8,0.0,0.0,42000055,22,io_intensive/batch/mixed,SJF,0.29054054054054157,0.0,0.01013513513513637,0.36824324324324154,0.01013513513513637,0.75
8.0,0.0,5.75,11.4375,2.875,7.25,0.0,0.0,42000055,23,io_intensive/batch/mixed,SRTF,0.32905982905983244,0.02136752136752343,0.0,0.33760683760683646,0.18803418803418734,0.75
5.0,0.0,5.4,4.24,3,7.6,0.0,0.0,42000055,24,io_intensive/batch/mixed,SRTF,0.10256410256409722,0.025641025641026785,0.0,0.3589743589743502,0.038461538461542655,0.75
3.0,0.0,2.3333333333333335,0.8888888888888888,4,2,0.0,0.0,42000055,25,io_intensive/batch/mixed,SRTF,0.22222222222224608,0.22222222222224608,0.0,0.3333333333333047,0.0,0.75
10.0,3.0,2.1538461538461537,0.7455621301775148,3.3846153846153846,7.3,13.0,0.1875,42000056,0,interactive/mixed/cpu_intensive,SJF,0.30318801052001726,0.0,0.09754324200214297,0.2957885142562932,0.34618301490335773,1.0
26.0,0.0,6.346153846153846,71.53402366863905,3.1923076923076925,9.423076923076923,13.0,0.43478260869565216,42000056,1,interactive/mixed/cpu_intensive,SJF,0.6901408450704225,0.07887323943661972,0.14572267553661453,0.26383763837638374,0.49815498154981547,0.7927264695182163
29.0,1.0,9.9,108.75666666666666,3.2666666666666666,19.17241379310345,6.0,0.25,42000056,2,interactive/mixed/cpu_intensive,SJF,0.30954731109598366,0.15064102564102563,0.22158876030557448,0.29557522123893804,0.5039823008849558,0.8408119658119658
28.0,0.0,10.071428571428571,117.70918367346938,3.142857142857143,23.964285714285715,0.0,1.0,42000056,3,interactive/mixed/cpu_intensive,SJF,0.75,0.23376623376623376,0.25588503056314216,0.28183118741058655,0.4810698957694666,0.7721838247589321
28.0,0.0,9.5,102.75,3.142857142857143,24.357142857142858,0.0,1.0,42000056,4,interactive/mixed/cpu_intensive,SJF,0.29338842975206614,0.2,0.2950413223140496,0.30165289256198347,0.5072314049586777,0.76
25.0,2.0,9.814814814814815,96.07681755829904,3.185185185185185,24.28,0.0,1.0,42000056,5,interactive/mixed/cpu_intensive,SRTF,0.5,0.021526418786692758,0.0,0.23874755381604695,0.20939334637964774,0.6912915851272016
24.0,0.0,10.458333333333334,88.74826388888889,3.2083333333333335,22.125,0.0,1.0,42000056,6,interactive/mixed/cpu_intensive,SJF,0.5,0.0,0.003209242618741977,0.18677792041078306,0.10012836970474968,0.5446084724005135
21.0,2.0,10.391304347826088,79.62948960302458,3.260869565217391,24.095238095238095,0.0,1.0,42000056,7,interactive/mixed/cpu_intensive,SRTF,0.163727959697733,0.028967254408060455,0.0,0.2707808564231738,0.1309823677581864,0.75
20.0,0.0,11.05,78.0475,3.25,20.55,0.0,1.0,42000056,8,interactive/mixed/cpu_intensive,SJF,0.08353221957040573,0.0,0.0513126491646778,0.3329355608591885,0.19451073985680192,0.75
19.0,1.0,10.25,68.2875,3.25,20.63157894736842,0.0,0.0,42000056,9,interactive/mixed/cpu_intensive,SJF,0.44859813084112155,0.0,0.09657320872274143,0.2834890965732087,0.14641744548286603,0.75
17.0,0.0,11.411764705882353,53.653979238754324,3.1176470588235294,15.823529411764707,0.0,1.0,42000056,10,interactive/mixed/cpu_intensive,SJF,0.5,0.0,0.03156146179401993,0.26578073089701,0.10963455149501661,0.6146179401993355
16.0,0.0,10.875,52.609375,3.125,16.125,0.0,0.0,42000056,11,interactive/mixed/cpu_intensive,SJF,0.3622589531680441,0.0,0.0013774104683195593,0.32644628099173556,0.06060606060606061,0.75
16.0,0.0,9.875,40.359375,3.125,13.6875,0.0,1.0,42000056,12,interactive/mixed/cpu_intensive,SRTF,0.21311475409836064,0.047540983606557376,0.0,0.33114754098360655,0.07868852459016394,0.75
13.0,1.0,10.428571428571429,27.387755102040817,3.142857142857143,14.692307692307692,0.0,1.0,42000056,13,interactive/mixed/cpu_intensive,SJF,0.44803370786516855,0.0,0.08848314606741572,0.36235955056179775,0.2542134831460674,0.75
14.0,0.0,9,28.857142857142858,3.142857142857143,12.428571428571429,0.0,1.0,42000056,14,interactive/mixed/cpu_intensive,SJF,0.4256965944272445,0.0,0.15170278637770898,0.35139318885448917,0.08823529411764706,0.75
14.0,0.0,7.714285714285714,22.346938775510203,3.142857142857143,12.071428571428571,0.0,1.0,42000056,15,interactive/mixed/cpu_intensive,SJF,0.3895705521472393,0.0,0.12423312883435583,0.35429447852760737,0.25306748466257667,0.75
13.0,0.0,7.153846153846154,15.668639053254438,3.076923076923077,12.384615384615385,0.0,1.0,42000056,16,interactive/mixed/cpu_intensive,SJF,0.13694267515923567,0.0,0.11942675159235669,0.35509554140127386,0.17197452229299362,0.75
13.0,0.0,7.769230769230769,19.715976331360945,3.076923076923077,11.23076923076923,0.0,1.0,42000056,17,interactive/mixed/cpu_intensive,SJF,0.4857142857142857,0.0,0.10535714285714286,0.3392857142857143,0.21250000000000002,0.75
11.0,0.0,7.454545454545454,11.702479338842975,3.3636363636363638,12.454545454545455,0.0,0.0,42000056,18,interactive/mixed/cpu_intensive,SJF,0.44759825327510916,0.0,0.09170305676855896,0.314410480349345,0.13755458515283842,0.75
11.0,0.0,5.636363636363637,12.958677685950413,3.3636363636363638,10.181818181818182,0.0,0.0,42000056,19,interactive/mixed/cpu_intensive,SJF,0.2658536585365854,0.0,0.15121951219512195,0.2780487804878049,0.25365853658536586,0.75
9.0,0.0,6.111111111111111,16.320987654320987,3,9,0.0,1.0,42000056,20,interactive/mixed/cpu_intensive,SJF,0.34965034965034963,0.0,0.2062937062937063,0.28321678321678323,0.16433566433566432,0.75
6.0,0.0,6,10.333333333333334,3,7.166666666666667,0.0,0.0,42000056,21,interactive/mixed/cpu_intensive,SJF,0.24206349206349204,0.0,0.15079365079365079,0.3333333333333333,0.20634920634920634,0.75
6.0,0.0,7.5,80.91666666666667,3,5,0.0,1.0,42000056,22,interactive/mixed/cpu_intensive,SRTF,0.2857142857142857,0.005494505494505495,0.0,0.29120879120879123,0.3241758241758242,0.75
3.0,0.0,16,72.66666666666667,2.6666666666666665,2.6666666666666665,0.0,1.0,42000056,23,interactive/mixed/cpu_intensive,SJF,0.32894736842105265,0.0,0.0,0.39473684210526316,0.02631578947368421,0.75
2.0,0.0,14,1,3,1,0.0,0.0,42000056,24,interactive/mixed/cpu_intensive,SJF,0.03571428571428571,0.0,0.0,0.25,0.03571428571428571,0.75
2.0,0.0,4,1,3,1,0.0,0.0,42000056,25,interactive/mixed/cpu_intensive,SJF,0.07692307692307693,0.0,0.0,0.15384615384615385,0.07692307692307693,0.75
9.0,0.0,16.77777777777778,43.50617283950617,3.111111111111111,6.111111111111111,9.0,0.0,42000057,0,cpu_intensive/interactive/batch,SJF,0.75,0.008962264150943389,0.013145082765335924,0.3091735408131398,0.46266144292774347,0.6788828976134925
21.0,0.0,7.809523809523809,57.678004535147394,3,10.285714285714286,12.0,0.0,42000057,1,cpu_intensive/interactive/batch,SJF,0.75,0.09471153846153849,0.14246226112092492,0.2562630480167015,0.41745523526577794,0.6971013329050905
30.0,0.0,9.833333333333334,52.40555555555556,3.033333333333333,16.066666666666666,9.0,0.35714285714285715,42000057,2,cpu_intensive/interactive/batch,SJF,0.75,0.2198952879581152,0.31096604590540555,0.348101265822785,0.6397265115868068,0.8440456992216554
29.0,1.0,9.233333333333333,49.312222222222225,3.033333333333333,24.379310344827587,0.0,1.0,42000057,3,cpu_intensive/interactive/batch,SJF,0.44931071766454955,0.24659863945578234,0.36655629139072854,0.3622516556291391,0.6208496643690585,0.8027210884353742
29.0,1.0,8.7,43.41,3.033333333333333,28.24137931034483,0.0,1.0,42000057,4,cpu_intensive/interactive/batch,SJF,0.1372391653290528,0.0,0.12680577849117147,0.33788121990369213,0.4205457463884435,0.75
28.0,2.0,8.6,40.24,3.033333333333333,24.892857142857142,0.0,1.0,42000057,5,cpu_intensive/interactive/batch,SJF,0.29767441860465116,0.0,0.14186046511627895,0.38197674418604677,0.47383720930232553,0.75
29.0,0.0,8.206896551724139,35.06064209274673,3.0689655172413794,25.06896551724138,0.0,1.0,42000057,6,cpu_intensive/interactive/batch,SJF,0.31905465288035456,0.0,0.045790251107828576,0.35007385524372264,0.42171344165435737,0.75
27.0,2.0,7.655172413793103,31.743162901307965,3.0689655172413794,26.74074074074074,0.0,0.0,42000057,7,cpu_intensive/interactive/batch,SJF,0.3898426323319029,0.0,0.08726752503576599,0.3369098712446355,0.4449213161659515,0.75
28.0,1.0,7.310344827586207,29.524375743162903,3.0689655172413794,25.25,0.0,1.0,42000057,8,cpu_intensive/interactive/batch,SJF,0.31141618497109846,0.0,0.10332369942196551,0.3518786127167634,0.44436416184971106,0.75
29.0,0.0,6.758620689655173,24.872770511296075,3.0689655172413794,24.620689655172413,0.0,1.0,42000057,9,cpu_intensive/interactive/batch,SJF,0.5,0.0,0.18527131782945727,0.3410852713178299,0.37441860465116333,0.7476744186046511
27.0,2.0,6.413793103448276,23.759809750297265,3.0689655172413794,27.14814814814815,0.0,1.0,42000057,10,cpu_intensive/interactive/batch,SJF,0.42608089260808873,0.0,0.16108786610878628,0.3654114365411436,0.3654114365411436,0.75
29.0,0.0,5.931034482758621,22.68489892984542,3.0689655172413794,25.310344827586206,0.0,1.0,42000057,11,cpu_intensive/interactive/batch,SJF,0.2902757619738754,0.0,0.1001451378809869,0.35268505079825874,0.2576197387518145,0.75
29.0,0.0,5.241379310344827,20.045184304399523,3.0689655172413794,26.24137931034483,0.0,0.0,42000057,12,cpu_intensive/interactive/batch,SJF,0.2969502407704652,0.0,0.15008025682182952,0.31460674157303387,0.17415730337078617,0.75
29.0,0.0,5.551724137931035,26.936979785969083,3.0689655172413794,23.82758620689655,0.0,1.0,42000057,13,cpu_intensive/interactive/batch,SJF,0.23958333333333312,0.0,0.08173076923076919,0.31971153846153855,0.22035256410256443,0.75
29.0,0.0,5.827586206896552,26.418549346016647,3.0689655172413794,21.24137931034483,0.0,1.0,42000057,14,cpu_intensive/interactive/batch,SJF,0.3202247191011234,0.0,0.0430711610486889,0.3155430711610489,0.17883895131086153,0.75
26.0,0.0,6.461538461538462,27.01775147928994,3.1923076923076925,23.46153846153846,0.0,1.0,42000057,15,cpu_intensive/interactive/batch,SJF,0.13310961968680105,0.0,0.04809843400447436,0.30089485458612975,0.15995525727069287,0.75
25.0,0.0,6,23.36,3.12,25.76,0.0,1.0,42000057,16,cpu_intensive/interactive/batch,SJF,0.35462555066079293,0.0,0.09140969162995662,0.31057268722467013,0.22797356828193882,0.75
24.0,0.0,5.458333333333333,26.164930555555557,3.0833333333333335,24.458333333333332,0.0,0.0,42000057,17,cpu_intensive/interactive/batch,SJF,0.16705069124424007,0.0,0.1981566820276494,0.30760368663594495,0.11751152073732753,0.75
22.0,0.0,6.090909090909091,36.35537190082645,2.9545454545454546,24.636363636363637,0.0,1.0,42000057,18,cpu_intensive/interactive/batch,SJF,0.15130023640661944,0.0,0.29078014184397155,0.3096926713947991,0.2056737588652483,0.75
18.0,0.0,7.333333333333333,38.44444444444444,3.111111111111111,20.555555555555557,0.0,1.0,42000057,19,cpu_intensive/interactive/batch,SJF,0.22921108742004265,0.0,0.34861407249467,0.34861407249467,0.14605543710021318,0.75
16.0,0.0,9.5,46.25,3.0625,16.3125,0.0,1.0,42000057,20,cpu_intensive/interactive/batch,FCFS,0.0,0.016129032258064516,0.2096774193548392,0.34946236559139865,0.08064516129032258,0.75
16.0,0.0,10.1875,43.65234375,3.0625,13.625,0.0,1.0,42000057,21,cpu_intensive/interactive/batch,SJF,0.16955445544554448,0.0,0.18316831683168333,0.35891089108910973,0.15346534653465407,0.75
15.0,0.0,10.266666666666667,35.79555555555555,3,14.666666666666666,0.0,1.0,42000057,22,cpu_intensive/interactive/batch,SRTF,0.10810810810810789,0.0390390390390393,0.0,0.3453453453453455,0.03453453453453481,0.75
14.0,0.0,9.571428571428571,32.816326530612244,3,15.285714285714286,0.0,0.0,42000057,23,cpu_intensive/interactive/batch,SRTF,0.15362318840579725,0.036231884057971675,0.0,0.34057971014492816,0.09275362318840547,0.75
13.0,0.0,9.76923076923077,24.331360946745562,3,12.23076923076923,0.0,1.0,42000057,24,cpu_intensive/interactive/batch,SRTF,0.27300613496932513,0.009202453987731101,0.0,0.3542944785276082,0.049079754601228355,0.75
13.0,0.0,8.23076923076923,20.94674556213018,3,12,0.0,0.0,42000057,25,cpu_intensive/interactive/batch,SRTF,0.14391143911439064,0.07195571955719438,0.0,0.3321033210332106,0.07749077490774789,0.75
12.0,0.0,7.333333333333333,19.555555555555557,3,11.416666666666666,0.0,0.0,42000057,26,cpu_intensive/interactive/batch,SRTF,0.22624434389140352,0.02941176470588258,0.0,0.3325791855203624,0.038461538461538165,0.75
10.0,0.0,6.7,17.01,3,10.7,0.0,0.0,42000057,27,cpu_intensive/interactive/batch,SJF,0.30303030303030354,0.0,0.002525252525251955,0.3358585858585867,0.1414141414141422,0.75
8.0,0.0,6,12.75,3.5,10,0.0,0.0,42000057,28,cpu_intensive/interactive/batch,SRTF,0.2678571428571418,0.02500000000000152,0.0,0.33214285714285824,0.25357142857142834,0.75
6.0,0.0,4.5,6.583333333333333,3.5,6,0.0,0.0,42000057,29,cpu_intensive/interactive/batch,SRTF,0.1301369863013681,0.061643835616440594,0.0,0.2534246575342493,0.15753424657534376,0.75
3.0,0.0,2.6666666666666665,2.888888888888889,3.3333333333333335,2.6666666666666665,0.0,0.0,42000057,30,cpu_intensive/interactive/batch,SRTF,0.3636363636363664,0.22727272727274841,0.0,0.22727272727274841,0.22727272727274841,0.75
11.0,0.0,13.363636363636363,15.867768595041323,2.727272727272727,8.181818181818182,11.0,0.0,42000058,0,batch/cpu_intensive/io_intensive,SJF,0.5695266272189345,0.03906249999999995,0.3221153846153844,0.38165680473372765,0.48464312130177534,0.7906249999999999
19.0,0.0,14.947368421052632,47.73407202216067,2.789473684210526,10.947368421052632,8.0,0.0,42000058,1,batch/cpu_intensive/io_intensive,SJF,0.34954751131221745,0.04241435562805875,0.052790346907994314,0.41289223682947895,0.5117877116965497,0.8556280587275693
30.0,0.0,9.833333333333334,58.53888888888889,2.966666666666667,16.233333333333334,11.0,0.0,42000058,2,batch/cpu_intensive/io_intensive,SJF,0.39083333333333314,0.09272997032640946,0.10250000000000056,0.38212166172106826,0.5899109792284868,0.8716617210682492
30.0,0.0,9.166666666666666,55.07222222222222,2.966666666666667,24.266666666666666,0.0,0.0,42000058,3,batch/cpu_intensive/io_intensive,SJF,0.28917910447761225,0.08940397350993384,0.16265938519323944,0.3087686567164179,0.5575578234654548,0.836092715231788
29.0,1.0,8.8,58.093333333333334,2.966666666666667,28.724137931034484,0.0,1.0,42000058,4,batch/cpu_intensive/io_intensive,SRTF,0.3293163419213835,0.25,0.22545941453504503,0.3491704374057312,0.46212331086280617,0.7959183673469389
30.0,0.0,8.233333333333333,53.51222222222222,2.966666666666667,27.933333333333334,0.0,1.0,42000058,5,batch/cpu_intensive/io_intensive,SJF,0.21307692307692294,0.0,0.1538461538461538,0.3384615384615385,0.2500000000000004,0.75
28.0,2.0,7.8,47.82666666666667,2.966666666666667,29.785714285714285,0.0,0.0,42000058,6,batch/cpu_intensive/io_intensive,SJF,0.14011379800853524,0.0,0.16002844950213369,0.30512091038406847,0.33285917496443856,0.75
29.0,1.0,7.633333333333334,46.83222222222222,2.966666666666667,23.103448275862068,0.0,1.0,42000058,7,batch/cpu_intensive/io_intensive,SJF,0.31018518518518545,0.0,0.03240740740740767,0.3364197530864198,0.34182098765432145,0.75
30.0,0.0,7.066666666666666,38.92888888888889,2.966666666666667,24.166666666666668,0.0,1.0,42000058,8,batch/cpu_intensive/io_intensive,SRTF,0.4201834862385327,0.027522935779816515,0.0,0.30733944954128434,0.32844036697247725,0.75
29.0,1.0,6.433333333333334,40.97888888888889,2.966666666666667,27.551724137931036,0.0,0.0,42000058,9,batch/cpu_intensive/io_intensive,SJF,0.17235494880546054,0.0,0.14249146757679168,0.3003412969283274,0.2116040955631395,0.75
29.0,0.0,6.620689655172414,39.131985731272295,2.9310344827586206,26.620689655172413,0.0,1.0,42000058,10,batch/cpu_intensive/io_intensive,SJF,0.4133099824868657,0.0,0.05954465849387003,0.3318739054290717,0.27933450087565664,0.75
28.0,0.0,6.142857142857143,34.62244897959184,2.9642857142857144,26.5,0.0,1.0,42000058,11,batch/cpu_intensive/io_intensive,SJF,0.13584905660377306,0.0,0.21037735849056632,0.2905660377358489,0.16320754716981103,0.75
24.0,2.0,6.730769230769231,32.35059171597633,2.8461538461538463,25.583333333333332,0.0,1.0,42000058,12,batch/cpu_intensive/io_intensive,SJF,0.1722113502935416,0.0,0.09882583170254355,0.32778864970645777,0.19667318982387438,0.75
24.0,2.0,6.423076923076923,27.321005917159763,2.8461538461538463,22.75,0.0,1.0,42000058,13,batch/cpu_intensive/io_intensive,SJF,0.5,0.0,0.08617594254937135,0.3231597845601437,0.24236983842010776,0.7383303411131058
25.0,1.0,6.961538461538462,30.421597633136095,2.8461538461538463,22.64,0.0,1.0,42000058,14,batch/cpu_intensive/io_intensive,SJF,0.09890109890109892,0.0,0.05824175824175888,0.27912087912087946,0.1560439560439566,0.75
22.0,1.0,7.043478260869565,30.041587901701323,2.739130434782609,23.863636363636363,0.0,1.0,42000058,15,batch/cpu_intensive/io_intensive,SJF,0.3205689277899335,0.0,0.260393873085339,0.3326039387308528,0.5,0.7456236323851195
21.0,0.0,7.190476190476191,25.011337868480727,2.761904761904762,22.61904761904762,0.0,1.0,42000058,16,batch/cpu_intensive/io_intensive,SJF,0.0773638968481371,0.0,0.1361031518624641,0.28939828080229213,0.024355300859598708,0.75
18.0,2.0,6.9,23.19,2.8,23.166666666666668,0.0,0.0,42000058,17,batch/cpu_intensive/io_intensive,SJF,0.2851851851851856,0.0,0.155555555555556,0.32839506172839533,0.4098765432098764,0.75
18.0,0.0,6.722222222222222,18.867283950617285,3,19.666666666666668,0.0,1.0,42000058,18,batch/cpu_intensive/io_intensive,SJF,0.10133333333333212,0.0,0.14,0.3333333333333326,0.2173333333333335,0.75
17.0,0.0,5.9411764705882355,19.58477508650519,2.8823529411764706,17.88235294117647,0.0,0.0,42000058,19,batch/cpu_intensive/io_intensive,SJF,0.26635514018691564,0.0,0.0031152647975076146,0.3146417445482866,0.43457943925233633,0.75
17.0,0.0,6.588235294117647,28.59515570934256,2.8823529411764706,15.529411764705882,0.0,1.0,42000058,20,batch/cpu_intensive/io_intensive,SRTF,0.11833333333333201,0.05833333333333258,0.0,0.2949999999999989,0.23833333333333256,0.75
13.0,0.0,7.076923076923077,24.840236686390533,3,15.538461538461538,0.0,0.0,42000058,21,batch/cpu_intensive/io_intensive,SJF,0.25527426160337724,0.0,0.10759493670886147,0.31223628691983146,0.08227848101265894,0.75
13.0,0.0,5.923076923076923,21.301775147928993,3,11.384615384615385,0.0,1.0,42000058,22,batch/cpu_intensive/io_intensive,SJF,0.28854625550660856,0.0,0.09471365638766549,0.29955947136563915,0.2444933920704862,0.75
9.0,0.0,6.222222222222222,21.728395061728396,3,14.222222222222221,0.0,0.0,42000058,23,batch/cpu_intensive/io_intensive,SJF,0.23602484472049903,0.0,0.03726708074534156,0.3136645962732922,0.3975155279503107,0.75
6.0,1.0,8.571428571428571,45.38775510204081,2.857142857142857,7.166666666666667,0.0,1.0,42000058,24,batch/cpu_intensive/io_intensive,SRTF,0.42748091603053495,0.019083969465648488,0.0,0.3129770992366414,0.42748091603053495,0.75
6.0,0.0,6.833333333333333,38.47222222222222,2.5,5.833333333333333,0.0,1.0,42000058,25,batch/cpu_intensive/io_intensive,SRTF,0.25423728813559376,0.00847457627118453,0.0,0.3050847457627096,0.43220338983050643,0.75
2.0,0.0,10.5,20.25,3,3.5,0.0,0.0,42000058,26,batch/cpu_intensive/io_intensive,FCFS,0.0,0.0,0.0,0.11764705882352351,0.264705882352953,0.75
1.0,0.0,1,0,2,0,0.0,0.0,42000058,27,batch/cpu_intensive/io_intensive,FCFS,0.0,0.0,0.0,0.0,0.0,0.0
13.0,0.0,3.769230769230769,11.715976331360947,2.076923076923077,4.538461538461538,14.0,0.3333333333333333,42000059,0,interactive/mixed/cpu_intensive,SJF,0.2448292220113852,0.1280241935483871,0.2314753320683112,0.21274509803921565,0.33627450980392154,0.8951612903225807
23.0,1.0,6.791666666666667,39.998263888888886,2.875,13.26086956521739,12.0,0.07692307692307693,42000059,1,interactive/mixed/cpu_intensive,SJF,0.6451271186440678,0.1350635593220339,0.30612230090550263,0.3210616438356164,0.6669520547945205,0.8135593220338984
29.0,1.0,9.166666666666666,68.93888888888888,2.8666666666666667,19.655172413793103,6.0,0.3333333333333333,42000059,2,interactive/mixed/cpu_intensive,SJF,0.257855464159812,0.15315315315315314,0.31676067371719546,0.2956521739130435,0.6595652173913044,0.8254504504504505
27.0,2.0,9.620689655172415,62.30439952437575,2.896551724137931,23.814814814814813,0.0,1.0,42000059,3,interactive/mixed/cpu_intensive,SJF,0.34839650145772594,0.25,0.3726391177589048,0.3520408163265306,0.6557548485232603,0.8012422360248448
28.0,1.0,9.068965517241379,53.02972651605232,2.896551724137931,26.785714285714285,0.0,1.0,42000059,4,interactive/mixed/cpu_intensive,SJF,0.5,0.0,0.07173295454545454,0.2471590909090909,0.26207386363636365,0.6605113636363636
27.0,1.0,8.928571428571429,50.20918367346939,2.9285714285714284,25.62962962962963,0.0,1.0,42000059,5,interactive/mixed/cpu_intensive,SRTF,0.10608695652173913,0.010434782608695653,0.0,0.33304347826086955,0.3452173913043478,0.75
27.0,0.0,8.592592592592593,53.79698216735254,2.925925925925926,26.22222222222222,0.0,1.0,42000059,6,interactive/mixed/cpu_intensive,SJF,0.5,0.0,0.06785714285714285,0.19866071428571427,0.21339285714285713,0.5330357142857143
27.0,0.0,7.888888888888889,44.46913580246913,2.925925925925926,24.703703703703702,0.0,1.0,42000059,7,interactive/mixed/cpu_intensive,SJF,0.27689243027888444,0.0,0.16235059760956175,0.2868525896414343,0.3426294820717131,0.75
24.0,1.0,8.16,42.7744,3.04,25.708333333333332,0.0,1.0,42000059,8,interactive/mixed/cpu_intensive,SJF,0.140625,0.0,0.12224264705882351,0.3492647058823529,0.38878676470588236,0.75
23.0,0.0,8.217391304347826,36.17013232514178,3.130434782608696,24,0.0,1.0,42000059,9,interactive/mixed/cpu_intensive,SJF,0.5,0.0,0.058823529411764705,0.26280834914611007,0.17836812144212524,0.6608159392789373
21.0,1.0,7.954545454545454,32.77066115702479,3.090909090909091,23.095238095238095,0.0,1.0,42000059,10,interactive/mixed/cpu_intensive,SRTF,0.12416851441241686,0.0022172949002217295,0.0,0.32926829268292684,0.23725055432372505,0.75
22.0,0.0,7.090909090909091,35.264462809917354,3.090909090909091,20.59090909090909,0.0,1.0,42000059,11,interactive/mixed/cpu_intensive,SJF,0.4691358024691358,0.0,0.02263374485596708,0.34156378600823045,0.4434156378600823,0.75
21.0,0.0,6.428571428571429,30.34013605442177,3.0476190476190474,20.523809523809526,0.0,0.0,42000059,12,interactive/mixed/cpu_intensive,SRTF,0.04404145077720207,0.01683937823834197,0.0,0.2914507772020725,0.31994818652849744,0.75
20.0,0.0,6.25,28.3875,2.95,16.65,0.0,1.0,42000059,13,interactive/mixed/cpu_intensive,SJF,0.38944723618090454,0.0,0.01256281407035176,0.32537688442211055,0.35678391959798994,0.75
19.0,0.0,5.7894736842105265,23.534626038781163,2.9473684210526314,16.94736842105263,0.0,1.0,42000059,14,interactive/mixed/cpu_intensive,SJF,0.16666666666666666,0.0,0.041666666666666664,0.28,0.23333333333333334,0.75
18.0,0.0,5.055555555555555,26.385802469135804,2.8333333333333335,17.555555555555557,0.0,1.0,42000059,15,interactive/mixed/cpu_intensive,SJF,0.49025069637883,0.0,0.11977715877437325,0.3245125348189415,0.44707520891364905,0.75
17.0,0.0,4.176470588235294,24.380622837370243,2.764705882352941,18,0.0,0.0,42000059,16,interactive/mixed/cpu_intensive,SJF,0.5,0.0,0.18309859154929578,0.33380281690140845,0.3816901408450704,0.7443661971830986
13.0,1.0,7.857142857142857,61.12244897959184,3.0714285714285716,13.23076923076923,0.0,1.0,42000059,17,interactive/mixed/cpu_intensive,SJF,0.3595238095238095,0.0,0.29285714285714287,0.2833333333333333,0.4119047619047619,0.75
10.0,0.0,10,51.4,3.2,11.2,0.0,1.0,42000059,18,interactive/mixed/cpu_intensive,SJF,0.024886877828054297,0.0,0.2647058823529412,0.3438914027149321,0.251131221719457,0.75
9.0,0.0,10.333333333333334,40.22222222222222,3,8.333333333333334,0.0,1.0,42000059,19,interactive/mixed/cpu_intensive,SJF,0.0875,0.0,0.19583333333333333,0.38333333333333336,0.2791666666666667,0.75
9.0,0.0,10.777777777777779,53.06172839506173,3,7.888888888888889,0.0,1.0,42000059,20,interactive/mixed/cpu_intensive,FCFS,0.0,0.007772020725388601,0.15803108808290156,0.3601036269430052,0.2772020725388601,0.75
9.0,0.0,11.222222222222221,59.28395061728395,3,7.777777777777778,0.0,1.0,42000059,21,interactive/mixed/cpu_intensive,SJF,0.21978021978021978,0.0,0.08791208791208792,0.3516483516483517,0.31043956043956045,0.75
9.0,0.0,9,62.44444444444444,3,8,0.0,0.0,42000059,22,interactive/mixed/cpu_intensive,SJF,0.40522875816993464,0.0,0.026143790849673203,0.3562091503267974,0.35294117647058826,0.75
7.0,0.0,8.571428571428571,49.673469387755105,3.2857142857142856,6.714285714285714,0.0,0.0,42000059,23,interactive/mixed/cpu_intensive,SJF,0.21923076923076923,0.0,0.007692307692307693,0.3076923076923077,0.22307692307692306,0.75
5.0,0.0,10.8,25.76,3,5.8,0.0,1.0,42000059,24,interactive/mixed/cpu_intensive,SJF,0.0703125,0.0,0.0,0.4921875,0.1875,0.75
4.0,0.0,8.25,0.6875,3,3,0.0,0.0,42000059,25,interactive/mixed/cpu_intensive,SRTF,0.045454545454545456,0.022727272727272728,0.0,0.5,0.045454545454545456,0.7159090909090909
4.0,0.0,3.25,2.1875,3,3,0.0,0.0,42000059,26,interactive/mixed/cpu_intensive,SRTF,0.34210526315789475,0.02631578947368421,0.0,0.4473684210526316,0.07894736842105263,0.75
13.0,0.0,11.538461538461538,86.55621301775147,2.923076923076923,7.538461538461538,13.0,0.07142857142857142,42000060,0,mixed/batch/io_intensive,SJF,0.75,0.054054054054054,0.14759224515322075,0.26454033771106944,0.37502007166641343,0.6640943241552996
22.0,1.0,10.695652173913043,58.47258979206049,2.782608695652174,13.363636363636363,11.0,0.0,42000060,1,mixed/batch/io_intensive,SRTF,0.5839140534262485,0.08426517571884987,0.08420441347270592,0.38767194324156834,0.4102179833984556,0.8202875399361023
32.0,1.0,7.606060606060606,49.51147842056933,2.787878787878788,18.09375,10.0,0.09090909090909091,42000060,2,mixed/batch/io_intensive,SJF,0.31033376123234935,0.09278350515463925,0.09756097560975584,0.3665525786429865,0.4229938925135316,0.8228092783505154
31.0,2.0,7.151515151515151,45.401285583103764,2.787878787878788,25.419354838709676,0.0,1.0,42000060,3,mixed/batch/io_intensive,SRTF,0.49389955838553984,0.21495327102803735,0.2008421485056999,0.3604395604395605,0.43021978021977997,0.8212616822429906
33.0,0.0,6.9393939393939394,42.66299357208448,2.787878787878788,26.666666666666668,0.0,1.0,42000060,4,mixed/batch/io_intensive,SJF,0.22384425216316464,0.11500000000000002,0.2680531520395554,0.3355995055624229,0.5460444993819533,0.7649999999999997
32.0,1.0,6.515151515151516,38.7346189164371,2.787878787878788,26.875,0.0,1.0,42000060,5,mixed/batch/io_intensive,SJF,0.5,0.0,0.19836065573770517,0.29508196721311475,0.17868852459016416,0.670218579234973
32.0,1.0,6.0606060606060606,36.723599632690544,2.787878787878788,29.4375,0.0,1.0,42000060,6,mixed/batch/io_intensive,SJF,0.36950732356857485,0.0,0.27962716378162433,0.324900133155792,0.2450066577896135,0.75
31.0,2.0,5.909090909090909,34.20385674931129,2.787878787878788,28.35483870967742,0.0,1.0,42000060,7,mixed/batch/io_intensive,SJF,0.5,0.0,0.20036764705882368,0.2640931372549022,0.2610294117647058,0.6525735294117649
32.0,1.0,5.545454545454546,30.005509641873278,2.787878787878788,28.1875,0.0,1.0,42000060,8,mixed/batch/io_intensive,SJF,0.5,0.0,0.15180360721442876,0.20791583166332647,0.13577154308617229,0.5916833667334666
31.0,1.0,6,31.75,2.84375,27.032258064516128,0.0,1.0,42000060,9,mixed/batch/io_intensive,SJF,0.2891891891891893,0.0,0.14774774774774754,0.30270270270270266,0.33963963963963983,0.75
31.0,1.0,5.78125,29.5458984375,2.84375,27.516129032258064,0.0,1.0,42000060,10,mixed/batch/io_intensive,SJF,0.5,0.0,0.08299866131191463,0.17402945113788515,0.1834002677376172,0.5739625167336013
31.0,0.0,5.354838709677419,29.261186264308012,2.806451612903226,28.612903225806452,0.0,1.0,42000060,11,mixed/batch/io_intensive,SJF,0.5,0.0,0.07430730478589409,0.15806045340050373,0.11901763224181373,0.5384130982367759
27.0,0.0,5.518518518518518,27.805212620027437,2.8518518518518516,31.666666666666668,0.0,1.0,42000060,12,mixed/batch/io_intensive,SJF,0.2120879120879122,0.0,0.13516483516483524,0.2659340659340659,0.24615384615384583,0.75
24.0,2.0,5.653846153846154,25.149408284023668,2.8846153846153846,29.916666666666668,0.0,1.0,42000060,13,mixed/batch/io_intensive,SJF,0.5,0.0,0.09457478005865086,0.24706744868035188,0.20527859237536628,0.6436950146627564
22.0,2.0,6.083333333333333,20.993055555555557,2.8333333333333335,22.727272727272727,0.0,1.0,42000060,14,mixed/batch/io_intensive,SJF,0.18581081081081066,0.0,0.06869369369369345,0.3175675675675672,0.189189189189189,0.75
22.0,1.0,5.521739130434782,21.553875236294896,2.739130434782609,21.272727272727273,0.0,1.0,42000060,15,mixed/batch/io_intensive,SJF,0.490825688073394,0.0,0.08256880733944966,0.31766055045871555,0.2373853211009174,0.75
22.0,1.0,4.739130434782608,20.888468809073725,2.739130434782609,20.5,0.0,1.0,42000060,16,mixed/batch/io_intensive,SJF,0.5,0.0,0.004520795660036602,0.19710669077757703,0.12748643761302042,0.5926763110307421
21.0,1.0,4.7272727272727275,19.47107438016529,2.8181818181818183,20.142857142857142,0.0,1.0,42000060,17,mixed/batch/io_intensive,SRTF,0.49846153846153807,0.015384615384616255,0.0,0.2415384615384618,0.16769230769230795,0.75
18.0,1.0,5.157894736842105,19.501385041551245,2.789473684210526,19.77777777777778,0.0,1.0,42000060,18,mixed/batch/io_intensive,SJF,0.5,0.0,0.04219948849104976,0.22506393861892626,0.1534526854219947,0.6579283887468037
15.0,0.0,5.2,18.16,2.7333333333333334,16.8,0.0,1.0,42000060,19,mixed/batch/io_intensive,SJF,0.3980582524271844,0.0,0.06634304207119666,0.3139158576051779,0.17961165048543662,0.75
12.0,1.0,4.923076923076923,13.301775147928995,2.769230769230769,13.5,0.0,1.0,42000060,20,mixed/batch/io_intensive,SJF,0.3715415019762852,0.0,0.0750988142292495,0.32608695652173914,0.12055335968379412,0.75
11.0,0.0,5.818181818181818,25.785123966942148,2.909090909090909,10,0.0,1.0,42000060,21,mixed/batch/io_intensive,SRTF,0.25409836065573765,0.07923497267759709,0.0,0.2923497267759561,0.11748633879781553,0.75
8.0,0.0,5.5,25,3.25,7.75,0.0,0.0,42000060,22,mixed/batch/io_intensive,SJF,0.29910714285714196,0.0,0.13392857142856973,0.30803571428571386,0.12946428571428464,0.75
5.0,0.0,4.8,20.16,3.4,4.4,0.0,0.0,42000060,23,mixed/batch/io_intensive,SJF,0.1818181818181842,0.0,0.11363636363636184,0.30681818181818094,0.11363636363636184,0.75
3.0,0.0,11.666666666666666,21.555555555555557,4.333333333333333,2,0.0,1.0,42000060,24,mixed/batch/io_intensive,FCFS,0.0,0.0,0.0,0.5,0.07500000000000773,0.6999999999999981
2.0,0.0,8,16,4,2,0.0,0.0,42000060,25,mixed/batch/io_intensive,FCFS,0.0,0.0,0.0,0.3333333333333548,0.0,0.75
9.0,0.0,16.11111111111111,33.65432098765432,2.7777777777777777,6.222222222222222,9.0,0.0,42000061,0,cpu_intensive/io_intensive/mixed,SRTF,0.25,0.15573177056321957,0.1,0.4297769940877502,0.25,0.8464630225080385
23.0,0.0,7.173913043478261,42.14366729678639,2.869565217391304,9.08695652173913,14.0,0.06666666666666667,42000061,1,cpu_intensive/io_intensive/mixed,SJF,0.3138645174454193,0.09597701149425288,0.12721893491124261,0.3778276542202272,0.35650887573964496,0.8862068965517241
30.0,2.0,8.46875,56.9990234375,3.0625,16.533333333333335,9.0,0.1,42000061,2,cpu_intensive/io_intensive/mixed,SJF,0.6038271157793069,0.09744710995589832,0.10027448139704995,0.350597609561753,0.25,0.8101604278074866
31.0,1.0,7.90625,57.8974609375,3.0625,24.096774193548388,0.0,1.0,42000061,3,cpu_intensive/io_intensive/mixed,SJF,0.5546144399359405,0.14619377162629757,0.17359745421655753,0.34652278177458035,0.3051558752997602,0.8070934256055363
31.0,1.0,7.59375,48.8037109375,3.0625,24.64516129032258,0.0,1.0,42000061,4,cpu_intensive/io_intensive/mixed,SJF,0.17504950068870523,0.15625,0.20302815082644626,0.34710743801652894,0.2741046831955923,0.76171875
31.0,1.0,7.25,46.25,3.0625,25.612903225806452,0.0,1.0,42000061,5,cpu_intensive/io_intensive/mixed,SJF,0.03767123287671233,0.0,0.10205479452054794,0.32808219178082193,0.04657534246575343,0.75
30.0,2.0,7.09375,41.7099609375,3.0625,25.033333333333335,0.0,1.0,42000061,6,cpu_intensive/io_intensive/mixed,SJF,0.5,0.0,0.04819277108433735,0.18109939759036145,0.022213855421686746,0.5267319277108433
30.0,2.0,6.8125,32.90234375,3.0625,24.766666666666666,0.0,1.0,42000061,7,cpu_intensive/io_intensive/mixed,SJF,0.5,0.0,0.15202231520223153,0.3193863319386332,0.06834030683403068,0.745118549511855
30.0,2.0,6.53125,30.9990234375,3.0625,25.733333333333334,0.0,1.0,42000061,8,cpu_intensive/io_intensive/mixed,SJF,0.07548701298701299,0.0,0.11038961038961038,0.29545454545454547,0.049512987012987016,0.75
31.0,0.0,6.258064516129032,27.675338189386057,3.096774193548387,25.129032258064516,0.0,1.0,42000061,9,cpu_intensive/io_intensive/mixed,SJF,0.5,0.0,0.09299895506792058,0.17345872518286312,0.004702194357366771,0.5357889237199581
28.0,2.0,6.066666666666666,23.72888888888889,3.066666666666667,29.035714285714285,0.0,0.0,42000061,10,cpu_intensive/io_intensive/mixed,SJF,0.2590460526315789,0.0,0.21299342105263158,0.328125,0.09703947368421052,0.75
28.0,2.0,6,21.466666666666665,3.066666666666667,27,0.0,1.0,42000061,11,cpu_intensive/io_intensive/mixed,SJF,0.3362369337979094,0.0,0.18728222996515678,0.3205574912891986,0.08362369337979095,0.75
29.0,0.0,5.689655172413793,18.83472057074911,3,25.275862068965516,0.0,1.0,42000061,12,cpu_intensive/io_intensive/mixed,SJF,0.5,0.0,0.11764705882352941,0.32679738562091504,0.1111111111111111,0.7401960784313725
28.0,0.0,5.285714285714286,16.346938775510203,3.0357142857142856,26.071428571428573,0.0,1.0,42000061,13,cpu_intensive/io_intensive/mixed,SJF,0.17978533094812166,0.0,0.1547406082289803,0.32379248658318427,0.1368515205724508,0.75
27.0,1.0,4.785714285714286,17.45408163265306,3.0357142857142856,26.666666666666668,0.0,1.0,42000061,14,cpu_intensive/io_intensive/mixed,SJF,0.5,0.0,0.05237045203969129,0.19073869900771775,0.139470782800441,0.5587100330760749
26.0,1.0,4.555555555555555,12.469135802469136,3.111111111111111,25.384615384615383,0.0,1.0,42000061,15,cpu_intensive/io_intensive/mixed,Priority,0.32379862700228834,0.004576659038901602,0.14645308924485126,0.2837528604118993,0.0,0.75
23.0,4.0,5.111111111111111,17.580246913580247,3.111111111111111,26.47826086956522,0.0,1.0,42000061,16,cpu_intensive/io_intensive/mixed,SJF,0.29133858267716534,0.0,0.08759842519685039,0.3061023622047244,0.12598425196850394,0.75
22.0,0.0,5.363636363636363,18.50413223140496,3.0454545454545454,22.227272727272727,0.0,1.0,42000061,17,cpu_intensive/io_intensive/mixed,SJF,0.5,0.0,0.01662971175166297,0.3270509977827051,0.15964523281596452,0.7477827050997783
22.0,0.0,4.454545454545454,15.793388429752065,3.0454545454545454,20.90909090909091,0.0,0.0,42000061,18,cpu_intensive/io_intensive/mixed,SJF,0.08,0.0,0.05733333333333333,0.2733333333333333,0.08666666666666667,0.75
20.0,1.0,4.095238095238095,15.609977324263038,3.142857142857143,19.2,0.0,1.0,42000061,19,cpu_intensive/io_intensive/mixed,SJF,0.413151364764268,0.0,0.17866004962779156,0.3200992555831266,0.3387096774193548,0.75
19.0,2.0,3.380952380952381,12.997732426303855,3.142857142857143,19.05263157894737,0.0,1.0,42000061,20,cpu_intensive/io_intensive/mixed,SJF,0.4042904290429043,0.0,0.1254125412541254,0.24917491749174916,0.41914191419141916,0.75
16.0,0.0,7.3125,58.58984375,3.375,14.875,0.0,1.0,42000061,21,cpu_intensive/io_intensive/mixed,SRTF,0.1557377049180328,0.0389344262295082,0.0,0.2807377049180328,0.39344262295081966,0.75
11.0,0.0,10.636363636363637,67.86776859504133,3.6363636363636362,14.090909090909092,0.0,1.0,42000061,22,cpu_intensive/io_intensive/mixed,SJF,0.5,0.0,0.3034188034188034,0.31837606837606836,0.33547008547008544,0.7286324786324786
9.0,0.0,10.88888888888889,62.098765432098766,3.5555555555555554,10,0.0,0.0,42000061,23,cpu_intensive/io_intensive/mixed,SJF,0.32142857142857145,0.0,0.25892857142857145,0.3392857142857143,0.28348214285714285,0.75
7.0,0.0,11.142857142857142,47.265306122448976,3.7142857142857144,6.428571428571429,0.0,0.0,42000061,24,cpu_intensive/io_intensive/mixed,SJF,0.17378048780487804,0.0,0.08536585365853659,0.3353658536585366,0.17378048780487804,0.75
7.0,0.0,11.285714285714286,35.63265306122449,3.7142857142857144,6,0.0,1.0,42000061,25,cpu_intensive/io_intensive/mixed,FCFS,0.0,0.08950617283950617,0.009259259259259259,0.32407407407407407,0.10493827160493827,0.75
7.0,0.0,12.571428571428571,65.38775510204081,3.7142857142857144,6,0.0,1.0,42000061,26,cpu_intensive/io_intensive/mixed,SJF,0.20394736842105263,0.0,0.0,0.3223684210526316,0.20065789473684212,0.75
7.0,0.0,9.714285714285714,62.204081632653065,3.7142857142857144,6,0.0,0.0,42000061,27,cpu_intensive/io_intensive/mixed,SRTF,0.23553719008264462,0.10743801652892562,0.0,0.2727272727272727,0.23140495867768596,0.75
4.0,0.0,12.25,37.6875,3.5,6,0.0,0.0,42000061,28,cpu_intensive/io_intensive/mixed,SRTF,0.05555555555555555,0.05555555555555555,0.0,0.4074074074074074,0.05555555555555555,0.75
3.0,0.0,9.333333333333334,37.55555555555556,3.3333333333333335,2.6666666666666665,0.0,0.0,42000061,29,cpu_intensive/io_intensive/mixed,SJF,0.5,0.0,0.0,0.3076923076923077,0.25,0.6153846153846153
1.0,0.0,8,0,4,0,0.0,0.0,42000061,30,cpu_intensive/io_intensive/mixed,FCFS,0.0,0.0,0.0,0.0,0.0,0.0
15.0,2.0,6.0588235294117645,36.878892733564015,3.2941176470588234,4.8,17.0,0.22727272727272727,42000062,0,io_intensive/batch/cpu_intensive,SJF,0.3249024968839217,0.25,0.33051344939889865,0.3097744360902261,0.4242672188492626,0.8502673796791445
21.0,2.0,9.130434782608695,66.3742911153119,3.347826086956522,11.619047619047619,6.0,0.5,42000062,1,io_intensive/batch/cpu_intensive,SJF,0.6402243589743589,0.15633608815426994,0.2521654481881753,0.3349358974358979,0.30168600339054863,0.8147382920110193
28.0,2.0,11.666666666666666,88.62222222222222,3.2,17.25,7.0,0.2222222222222222,42000062,2,io_intensive/batch/cpu_intensive,SJF,0.6793103448275865,0.15740740740740744,0.2606641123882501,0.3155172413793107,0.23453597275436378,0.8364197530864197
29.0,0.0,11.758620689655173,84.11414982164091,3.1724137931034484,23.310344827586206,0.0,1.0,42000062,3,io_intensive/batch/cpu_intensive,SJF,0.6237864077669897,0.22955974842767296,0.3229398372281683,0.36477115117891823,0.3239691553485289,0.7940251572327044
29.0,0.0,11.137931034482758,78.18787158145065,3.1724137931034484,25.517241379310345,0.0,1.0,42000062,4,io_intensive/batch/cpu_intensive,FCFS,0.15056022408963585,0.21666666666666679,0.3375350140056025,0.35784313725490224,0.3571428571428572,0.7583333333333337
26.0,2.0,10.964285714285714,76.32015306122449,3.142857142857143,27.423076923076923,0.0,0.0,42000062,5,io_intensive/batch/cpu_intensive,SJF,0.5,0.0,0.03831658291457333,0.2569095477386937,0.02072864321608081,0.6262562814070354
28.0,0.0,10.607142857142858,71.23852040816327,3.142857142857143,25.464285714285715,0.0,1.0,42000062,6,io_intensive/batch/cpu_intensive,SJF,0.48471615720524,0.0,0.07714701601164467,0.3384279475982533,0.05240174672489083,0.75
28.0,0.0,10.071428571428571,64.70918367346938,3.142857142857143,23.821428571428573,0.0,1.0,42000062,7,io_intensive/batch/cpu_intensive,SJF,0.3325041459369814,0.0,0.08457711442786013,0.3383084577114428,0.0721393034825865,0.75
26.0,0.0,10.307692307692308,60.828402366863905,3.1153846153846154,25.23076923076923,0.0,1.0,42000062,8,io_intensive/batch/cpu_intensive,SJF,0.5,0.0,0.02283539486203648,0.1893434823977167,0.03235014272121815,0.5259276879162704
26.0,0.0,9.538461538461538,57.01775147928994,3.1153846153846154,25.192307692307693,0.0,0.0,42000062,9,io_intensive/batch/cpu_intensive,SJF,0.27946768060836463,0.0,0.06368821292775642,0.32889733840304186,0.05703422053231938,0.75
25.0,1.0,8.961538461538462,55.65236686390533,3.1153846153846154,24.48,0.0,0.0,42000062,10,io_intensive/batch/cpu_intensive,SJF,0.5,0.0,0.05058651026392984,0.20527859237536678,0.03225806451612918,0.6011730205278591
23.0,1.0,9.333333333333334,48.05555555555556,3.2083333333333335,23.043478260869566,0.0,1.0,42000062,11,io_intensive/batch/cpu_intensive,SJF,0.4454756380510441,0.0,0.03364269141531316,0.31322505800464095,0.019721577726218003,0.75
21.0,1.0,9.409090909090908,42.332644628099175,3.1818181818181817,23.38095238095238,0.0,1.0,42000062,12,io_intensive/batch/cpu_intensive,SRTF,0.33855421686747006,0.013253012048193041,0.0,0.31807228915662683,0.03855421686746974,0.75
21.0,0.0,8.904761904761905,40.657596371882086,3.1904761904761907,21.857142857142858,0.0,1.0,42000062,13,io_intensive/batch/cpu_intensive,Priority,0.15410958904109565,0.03767123287671305,0.09360730593607343,0.3321917808219181,0.0,0.75
21.0,0.0,7.9523809523809526,38.997732426303855,3.1904761904761907,20.285714285714285,0.0,0.0,42000062,14,io_intensive/batch/cpu_intensive,Priority,0.3064516129032259,0.010263929618768989,0.0014662756598242126,0.3005865102639301,0.0,0.75
18.0,1.0,7.842105263157895,39.81717451523546,3.263157894736842,21.27777777777778,0.0,1.0,42000062,15,io_intensive/batch/cpu_intensive,SRTF,0.5,0.008583690987123974,0.0,0.2843347639484983,0.04721030042918478,0.6716738197424892
18.0,0.0,7.333333333333333,34.333333333333336,3.2777777777777777,17.38888888888889,0.0,1.0,42000062,16,io_intensive/batch/cpu_intensive,SRTF,0.2943349753694583,0.056650246305418844,0.0,0.344827586206897,0.13423645320197014,0.75
17.0,0.0,6.529411764705882,36.01384083044983,3.411764705882353,16.352941176470587,0.0,0.0,42000062,17,io_intensive/batch/cpu_intensive,SJF,0.33791208791208793,0.0,0.10989010989010913,0.3392857142857145,0.20604395604395578,0.75
15.0,0.0,6.266666666666667,34.595555555555556,3.3333333333333335,16.733333333333334,0.0,1.0,42000062,18,io_intensive/batch/cpu_intensive,SJF,0.5,0.0,0.1476190476190471,0.2857142857142857,0.2968253968253959,0.7214285714285714
11.0,0.0,6.636363636363637,31.322314049586776,3.3636363636363638,14.727272727272727,0.0,0.0,42000062,19,io_intensive/batch/cpu_intensive,SJF,0.3137651821862354,0.0,0.07894736842105318,0.3380566801619445,0.32793522267206626,0.75
10.0,0.0,10.8,22.36,3.6,6.3,0.0,1.0,42000062,20,io_intensive/batch/cpu_intensive,SJF,0.32456140350877266,0.0,0.28070175438596584,0.38596491228070284,0.006578947368420315,0.75
10.0,0.0,10.1,14.69,3.6,8.6,0.0,1.0,42000062,21,io_intensive/batch/cpu_intensive,SJF,0.14799999999999972,0.0,0.2099999999999999,0.3740000000000008,0.19600000000000037,0.75
10.0,0.0,8.1,14.69,3.6,9,0.0,0.0,42000062,22,io_intensive/batch/cpu_intensive,SJF,0.21264367816091878,0.0,0.30172413793103386,0.36494252873563277,0.0804597701149427,0.75
9.0,0.0,6.777777777777778,11.728395061728396,3.7777777777777777,10,0.0,0.0,42000062,23,io_intensive/batch/cpu_intensive,SJF,0.2387640449438204,0.0,0.29494382022471893,0.3567415730337089,0.21348314606741498,0.75
8.0,0.0,5.125,11.609375,3.875,7.5,0.0,0.0,42000062,24,io_intensive/batch/cpu_intensive,SJF,0.25937499999999786,0.0,0.14374999999999993,0.31250000000000056,0.24062499999999898,0.75
6.0,1.0,8.142857142857142,47.55102040816327,4,6.333333333333333,0.0,1.0,42000062,25,io_intensive/batch/cpu_intensive,SJF,0.5,0.0,0.0,0.22018348623853257,0.5,0.6949541284403667
4.0,0.0,9.5,36.75,4,4,0.0,1.0,42000062,26,io_intensive/batch/cpu_intensive,SJF,0.2884615384615416,0.0,0.0,0.23076923076923658,0.3653846153846215,0.75
2.0,0.0,9,9,4,1,0.0,0.0,42000062,27,io_intensive/batch/cpu_intensive,FCFS,0.0,0.0,0.0,0.285714285714324,0.4285714285714494,0.75
11.0,2.0,7.615384615384615,54.85207100591716,2.769230769230769,5.818181818181818,13.0,0.1875,42000063,0,mixed/interactive/cpu_intensive,SJF,0.75,0.0,0.13476048102124247,0.3189708670367377,0.5482961876144921,0.7309460695770484
24.0,1.0,5.64,44.6304,3.12,11.5,12.0,0.29411764705882354,42000063,1,mixed/interactive/cpu_intensive,SJF,0.5576097620799608,0.09271523178807947,0.16508886624780666,0.3368945868945869,0.7222222222222222,0.8509933774834437
31.0,1.0,8.21875,67.3583984375,3.125,17.64516129032258,7.0,0.4166666666666667,42000063,2,mixed/interactive/cpu_intensive,SJF,0.17551503462786008,0.10737704918032787,0.20328307179801877,0.24759358288770056,0.75,0.6987113176119927
30.0,2.0,8.03125,65.7802734375,3.125,23.533333333333335,0.0,1.0,42000063,3,mixed/interactive/cpu_intensive,SJF,0.697016520894072,0.23333333333333334,0.3356511175898931,0.2988338192419825,0.75,0.7238581146744412
32.0,0.0,7.53125,59.5615234375,3.125,27.25,0.0,1.0,42000063,4,mixed/interactive/cpu_intensive,SJF,0.2284434490481523,0.17857142857142858,0.35211366181410975,0.26539753639417696,0.75,0.6676631738921772
30.0,1.0,7.387096774193548,57.07596253902185,3.096774193548387,28.966666666666665,0.0,1.0,42000063,5,mixed/interactive/cpu_intensive,SJF,0.1395864106351551,0.0,0.15805022156573117,0.2548005908419498,0.5,0.681314623338257
29.0,1.0,7.7,52.47666666666667,3.1,25.517241379310345,0.0,1.0,42000063,6,mixed/interactive/cpu_intensive,SJF,0.5,0.0,0.054253472222222224,0.22569444444444445,0.3480902777777778,0.5659722222222222
29.0,1.0,7.166666666666667,44.672222222222224,3.1,25.689655172413794,0.0,1.0,42000063,7,mixed/interactive/cpu_intensive,SJF,0.3274695534506089,0.0,0.11705006765899864,0.2665764546684709,0.5,0.6809878213802435
30.0,0.0,6.9,43.75666666666667,3.1,24.533333333333335,0.0,1.0,42000063,8,mixed/interactive/cpu_intensive,SJF,0.3416666666666667,0.0,0.005555555555555556,0.30833333333333335,0.5,0.7013888888888888
30.0,0.0,6.366666666666666,42.69888888888889,3.1,25.5,0.0,1.0,42000063,9,mixed/interactive/cpu_intensive,SJF,0.37712519319938176,0.0,0.00927357032457496,0.30525502318392583,0.5,0.7159969088098918
28.0,2.0,5.766666666666667,38.11222222222222,3.1,28,0.0,0.0,42000063,10,mixed/interactive/cpu_intensive,SJF,0.17338709677419356,0.0,0.005040322580645161,0.1975806451612903,0.5,0.6915322580645161
26.0,1.0,6.037037037037037,36.776406035665296,2.962962962962963,25.96153846153846,0.0,1.0,42000063,11,mixed/interactive/cpu_intensive,SJF,0.5,0.0,0.054301833568406205,0.2157968970380818,0.3631875881523272,0.6061354019746121
24.0,0.0,6.125,33.609375,2.875,24.791666666666668,0.0,1.0,42000063,12,mixed/interactive/cpu_intensive,SJF,0.2393048128342246,0.0,0.08823529411764706,0.2767379679144385,0.3850267379679144,0.75
19.0,2.0,6.476190476190476,32.058956916099774,3,25.05263157894737,0.0,1.0,42000063,13,mixed/interactive/cpu_intensive,SJF,0.2312206572769953,0.0,0.09154929577464789,0.3333333333333333,0.38967136150234744,0.75
20.0,0.0,6.95,42.7475,3.05,19.65,0.0,1.0,42000063,14,mixed/interactive/cpu_intensive,SJF,0.5,0.0,0.0766990291262136,0.23398058252427184,0.23203883495145627,0.6199029126213592
17.0,1.0,6.888888888888889,41.20987654320987,3.1666666666666665,19.647058823529413,0.0,1.0,42000063,15,mixed/interactive/cpu_intensive,SJF,0.27890173410404623,0.0,0.17052023121387283,0.33236994219653176,0.38583815028901736,0.75
16.0,0.0,8.4375,61.37109375,3.125,16.5,0.0,1.0,42000063,16,mixed/interactive/cpu_intensive,SJF,0.19287833827893175,0.0,0.12462908011869436,0.3115727002967359,0.3516320474777448,0.75
15.0,0.0,9.666666666666666,50.888888888888886,3.1333333333333333,12.333333333333334,0.0,1.0,42000063,17,mixed/interactive/cpu_intensive,SJF,0.42500000000000004,0.0,0.041666666666666664,0.32166666666666666,0.3233333333333333,0.75
13.0,0.0,10.615384615384615,51.15976331360947,3,15.23076923076923,0.0,1.0,42000063,18,mixed/interactive/cpu_intensive,SJF,0.2569230769230769,0.0,0.012307692307692308,0.3569230769230769,0.2676923076923077,0.75
11.0,0.0,10.818181818181818,39.78512396694215,3.090909090909091,13.090909090909092,0.0,0.0,42000063,19,mixed/interactive/cpu_intensive,SJF,0.12869198312236288,0.0,0.09071729957805907,0.3333333333333333,0.1540084388185654,0.75
10.0,0.0,9.8,33.16,3.2,9.8,0.0,0.0,42000063,20,mixed/interactive/cpu_intensive,SJF,0.06842105263157895,0.0,0.060526315789473685,0.3105263157894737,0.11578947368421053,0.75
10.0,0.0,7.8,33.16,3.2,9,0.0,0.0,42000063,21,mixed/interactive/cpu_intensive,SJF,0.10818713450292397,0.0,0.2543859649122807,0.28362573099415206,0.16666666666666666,0.75
8.0,0.0,7.375,28.984375,3,8.5,0.0,0.0,42000063,22,mixed/interactive/cpu_intensive,SJF,0.004166666666666667,0.0,0.2625,0.29583333333333334,0.06666666666666667,0.75
6.0,0.0,9.666666666666666,42.22222222222222,2.8333333333333335,6,0.0,1.0,42000063,23,mixed/interactive/cpu_intensive,SJF,0.24736842105263157,0.0,0.20526315789473684,0.4473684210526316,0.0,0.75
5.0,1.0,9.333333333333334,43.22222222222222,2.8333333333333335,6,0.0,0.0,42000063,24,mixed/interactive/cpu_intensive,FCFS,0.0,0.0,0.0,0.3064516129032258,0.0,0.75
3.0,0.0,12.333333333333334,8.222222222222221,4.333333333333333,3.3333333333333335,0.0,1.0,42000063,25,mixed/interactive/cpu_intensive,SJF,0.10784313725490197,0.0,0.0,0.29411764705882354,0.10784313725490197,0.75
3.0,0.0,5.666666666666667,4.222222222222222,4.333333333333333,2,0.0,0.0,42000063,26,mixed/interactive/cpu_intensive,FCFS,0.0,0.0,0.0,0.17391304347826086,0.043478260869565216,0.75
14.0,0.0,16.642857142857142,33.94387755102041,2.7142857142857144,3.857142857142857,14.0,0.0,42000064,0,cpu_intensive/batch/io_intensive,SJF,0.658660351826793,0.058139534883720964,0.4323714872391988,0.3653585926928283,0.7478197674418605,0.7632839789785065
19.0,0.0,14.842105263157896,33.81717451523546,3.1578947368421053,12.736842105263158,5.0,0.0,42000064,1,cpu_intensive/batch/io_intensive,SRTF,0.4096931659693162,0.17552083333333332,0.10878661087866069,0.4453190376569033,0.5413659344490935,0.8630208333333333
30.0,0.0,9.666666666666666,50.22222222222222,3.3,15.2,11.0,0.0,42000064,2,cpu_intensive/batch/io_intensive,SRTF,0.6555246553631774,0.15082159624413144,0.12866242038216533,0.32217936066505176,0.75,0.7552330970963786
28.0,2.0,9.066666666666666,46.39555555555555,3.3,24.285714285714285,0.0,0.0,42000064,3,cpu_intensive/batch/io_intensive,SRTF,0.36169879925587645,0.11472602739726036,0.11413622526636266,0.27222222222222203,0.75,0.6980847285641805
30.0,0.0,8.4,47.50666666666667,3.3,27.233333333333334,0.0,1.0,42000064,4,cpu_intensive/batch/io_intensive,SRTF,0.2702024474144251,0.2173913043478262,0.16904218124400885,0.2918287937743192,0.75,0.716182400045114
29.0,1.0,8.066666666666666,44.46222222222222,3.3,27.75862068965517,0.0,1.0,42000064,5,cpu_intensive/batch/io_intensive,SJF,0.5,0.0,0.09654800431499425,0.19039913700107863,0.3899676375404534,0.5536677454153182
28.0,2.0,7.6,38.17333333333333,3.3,27.428571428571427,0.0,1.0,42000064,6,cpu_intensive/batch/io_intensive,SJF,0.2224334600760453,0.0,0.14131812420785805,0.26299112801013896,0.5,0.6600126742712291
29.0,1.0,7.5,31.916666666666668,3.3,23.137931034482758,0.0,1.0,42000064,7,cpu_intensive/batch/io_intensive,SJF,0.40713407134071367,0.0,0.13714637146371458,0.2718327183271833,0.5,0.6515990159901603
29.0,1.0,6.933333333333334,29.32888888888889,3.3,25.620689655172413,0.0,1.0,42000064,8,cpu_intensive/batch/io_intensive,SJF,0.39688427299703266,0.0,0.17581602373887212,0.24406528189910948,0.5,0.6498516320474776
29.0,1.0,6.433333333333334,29.31222222222222,3.3,26.96551724137931,0.0,1.0,42000064,9,cpu_intensive/batch/io_intensive,SJF,0.49480519480519397,0.0,0.1584415584415582,0.28636363636363593,0.5,0.6753246753246747
28.0,2.0,6,27.533333333333335,3.3,27.964285714285715,0.0,1.0,42000064,10,cpu_intensive/batch/io_intensive,SJF,0.31837016574585614,0.0,0.17472375690607747,0.2803867403314912,0.5,0.6947513812154692
30.0,0.0,6.366666666666666,25.29888888888889,3.3,25.066666666666666,0.0,1.0,42000064,11,cpu_intensive/batch/io_intensive,SJF,0.2693156732891836,0.0,0.17108167770419339,0.2781456953642383,0.43267108167770507,0.75
26.0,2.0,6.464285714285714,24.177295918367346,3.357142857142857,27.192307692307693,0.0,1.0,42000064,12,cpu_intensive/batch/io_intensive,SJF,0.31695721077654565,0.0,0.1973058637083994,0.32646592709984146,0.3557844690966722,0.75
25.0,3.0,6.107142857142857,20.024234693877553,3.357142857142857,25.4,0.0,1.0,42000064,13,cpu_intensive/batch/io_intensive,SJF,0.36036960985626215,0.0,0.1724845995893229,0.2987679671457899,0.4034907597535938,0.75
26.0,1.0,5.888888888888889,16.54320987654321,3.4074074074074074,23.23076923076923,0.0,1.0,42000064,14,cpu_intensive/batch/io_intensive,SJF,0.5,0.0,0.0888157894736839,0.28289473684210437,0.32456140350877055,0.7357456140350876
26.0,1.0,5.444444444444445,16.02469135802469,3.4074074074074074,24.346153846153847,0.0,1.0,42000064,15,cpu_intensive/batch/io_intensive,SJF,0.2841726618705039,0.0,0.03956834532374177,0.33003597122302153,0.366906474820144,0.75
26.0,1.0,4.962962962962963,11.665294924554184,3.4074074074074074,24.03846153846154,0.0,1.0,42000064,16,cpu_intensive/batch/io_intensive,SJF,0.5,0.0,0.032293986636970216,0.2639198218262803,0.2706013363028947,0.7488864142538986
25.0,0.0,5.08,13.3536,3.44,22.8,0.0,1.0,42000064,17,cpu_intensive/batch/io_intensive,SJF,0.4082073434125276,0.0,0.11015118790496867,0.31749460043196576,0.28617710583153466,0.75
22.0,2.0,4.708333333333333,13.37326388888889,3.375,25.136363636363637,0.0,1.0,42000064,18,cpu_intensive/batch/io_intensive,SRTF,0.35474308300395163,0.032608695652172885,0.0,0.3359683794466396,0.3843873517786552,0.75
22.0,2.0,4.375,9.401041666666666,3.375,22.636363636363637,0.0,1.0,42000064,19,cpu_intensive/batch/io_intensive,SJF,0.44835164835164854,0.0,0.10659340659340696,0.29450549450549424,0.26703296703296747,0.75
20.0,1.0,4.904761904761905,11.609977324263038,3.3333333333333335,19.5,0.0,1.0,42000064,20,cpu_intensive/batch/io_intensive,SJF,0.20564516129032293,0.0,0.07526881720430117,0.3118279569892471,0.23521505376344173,0.75
20.0,0.0,4.75,10.8875,3.3,18.3,0.0,1.0,42000064,21,cpu_intensive/batch/io_intensive,SJF,0.417112299465241,0.0,0.2165775401069527,0.31818181818181757,0.3074866310160428,0.75
17.0,0.0,5.0588235294117645,10.643598615916956,3.1176470588235294,19.470588235294116,0.0,1.0,42000064,22,cpu_intensive/batch/io_intensive,SJF,0.2537313432835825,0.0,0.16268656716418103,0.3238805970149255,0.243283582089552,0.75
15.0,0.0,4.533333333333333,9.582222222222223,3.1333333333333333,17.133333333333333,0.0,1.0,42000064,23,cpu_intensive/batch/io_intensive,SJF,0.23136645962733027,0.0,0.2236024844720499,0.3400621118012423,0.23136645962733027,0.75
14.0,1.0,7.066666666666666,43.528888888888886,3.1333333333333333,13.285714285714286,0.0,1.0,42000064,24,cpu_intensive/batch/io_intensive,SJF,0.20503597122302253,0.0,0.1420863309352516,0.30755395683453224,0.2787769784172677,0.75
13.0,0.0,7.769230769230769,47.25443786982248,3.230769230769231,12.153846153846153,0.0,1.0,42000064,25,cpu_intensive/batch/io_intensive,SRTF,0.34999999999999837,0.04047619047619021,0.0,0.29285714285714043,0.3404761904761894,0.75
10.0,0.0,8.2,46.96,3.2,11.7,0.0,0.0,42000064,26,cpu_intensive/batch/io_intensive,SJF,0.28960396039604147,0.0,0.007425742574259098,0.3341584158415834,0.30445544554455545,0.75
9.0,0.0,8.555555555555555,42.46913580246913,3.2222222222222223,7.222222222222222,0.0,1.0,42000064,27,cpu_intensive/batch/io_intensive,SJF,0.3096590909090899,0.0,0.0,0.2840909090909071,0.2812500000000006,0.75
6.0,0.0,9.5,23.583333333333332,3.3333333333333335,6.333333333333333,0.0,0.0,42000064,28,cpu_intensive/batch/io_intensive,SJF,0.324175824175823,0.0,0.0,0.37362637362637485,0.2527472527472503,0.75
5.0,0.0,7.4,15.44,3.2,4,0.0,0.0,42000064,29,cpu_intensive/batch/io_intensive,SJF,0.3684210526315774,0.0,0.0,0.3859649122806994,0.24561403508772323,0.75
3.0,0.0,5.666666666666667,6.222222222222222,2.6666666666666665,3.3333333333333335,0.0,0.0,42000064,30,cpu_intensive/batch/io_intensive,SRTF,0.42857142857142855,0.07142857142857142,0.0,0.5,0.0,0.4999999999999696
9.0,0.0,16.22222222222222,32.17283950617284,3.888888888888889,6.222222222222222,9.0,0.0,42000065,0,cpu_intensive/mixed/interactive,SRTF,0.75,0.06336805555555555,0.03760282021151586,0.3935035579057318,0.75,0.8666417776472124
21.0,2.0,11.652173913043478,63.79206049149338,3,10.571428571428571,14.0,0.0,42000065,1,cpu_intensive/mixed/interactive,SJF,0.75,0.06059602649006623,0.07433056325023084,0.34430053872918615,0.43310341032085264,0.7230094231745274
31.0,1.0,8.53125,59.1240234375,2.90625,16.93548387096774,9.0,0.25,42000065,2,cpu_intensive/mixed/interactive,SJF,0.32707774798927614,0.05265654648956357,0.1079088471849866,0.3892397657843731,0.3739615711371464,0.8315939278937381
31.0,1.0,7.9375,52.30859375,2.90625,25.161290322580644,0.0,1.0,42000065,3,cpu_intensive/mixed/interactive,SJF,0.638755980861244,0.09808612440191387,0.18423471856351809,0.3112359550561798,0.5106741573033708,0.7673297134562658
29.0,3.0,7.75,51.125,2.90625,28.79310344827586,0.0,1.0,42000065,4,cpu_intensive/mixed/interactive,SJF,0.24181810533400638,0.14285714285714285,0.2049469964664311,0.35571260306242636,0.5680212014134276,0.7723214285714286
31.0,1.0,7.5,46,2.90625,26.70967741935484,0.0,1.0,42000065,5,cpu_intensive/mixed/interactive,SJF,0.5,0.0,0.13006756756756757,0.2916666666666667,0.5,0.6677927927927928
29.0,3.0,7.15625,39.0693359375,2.90625,27.586206896551722,0.0,1.0,42000065,6,cpu_intensive/mixed/interactive,SJF,0.5,0.0,0.12804005722460657,0.3147353361945637,0.24606580829756797,0.7235336194563663
30.0,1.0,6.935483870967742,39.86680541103018,2.870967741935484,27.4,0.0,1.0,42000065,7,cpu_intensive/mixed/interactive,SJF,0.3712029161603888,0.0,0.10692588092345079,0.3675577156743621,0.34933171324422846,0.75
31.0,0.0,6.354838709677419,34.93860561914672,2.870967741935484,27.06451612903226,0.0,1.0,42000065,8,cpu_intensive/mixed/interactive,SJF,0.45421511627906974,0.0,0.14607558139534885,0.342296511627907,0.32558139534883723,0.75
27.0,2.0,6.482758620689655,32.04280618311534,2.8620689655172415,27.444444444444443,0.0,1.0,42000065,9,cpu_intensive/mixed/interactive,SJF,0.5,0.0,0.08888888888888889,0.27320261437908494,0.2372549019607843,0.672875816993464
26.0,2.0,6.5,29.678571428571427,2.9285714285714284,25.26923076923077,0.0,1.0,42000065,10,cpu_intensive/mixed/interactive,SJF,0.3106060606060606,0.0,0.041245791245791245,0.3400673400673401,0.3021885521885522,0.75
28.0,0.0,5.785714285714286,23.168367346938776,2.9285714285714284,23.821428571428573,0.0,1.0,42000065,11,cpu_intensive/mixed/interactive,SJF,0.45271453590192645,0.0,0.10858143607705781,0.3064798598949212,0.27583187390542907,0.75
28.0,0.0,5.928571428571429,31.352040816326532,2.9285714285714284,23.785714285714285,0.0,1.0,42000065,12,cpu_intensive/mixed/interactive,SRTF,0.27031019202363366,0.028803545051698673,0.0,0.24446085672082718,0.5,0.6539881831610044
26.0,0.0,5.769230769230769,30.40828402366864,2.8846153846153846,23.346153846153847,0.0,1.0,42000065,13,cpu_intensive/mixed/interactive,SJF,0.5,0.0,0.011904761904761904,0.16604010025062657,0.4235588972431078,0.5300751879699248
23.0,3.0,5.384615384615385,23.775147928994084,2.8846153846153846,24.043478260869566,0.0,1.0,42000065,14,cpu_intensive/mixed/interactive,SJF,0.2909441233140655,0.0,0.0394990366088632,0.2254335260115607,0.5,0.6719653179190751
21.0,2.0,6.043478260869565,23.08506616257089,2.8260869565217392,22.80952380952381,0.0,1.0,42000065,15,cpu_intensive/mixed/interactive,SJF,0.18551587301587302,0.0,0.06845238095238096,0.30654761904761907,0.5,0.7142857142857143
23.0,0.0,5.173913043478261,19.100189035916824,2.8260869565217392,21.217391304347824,0.0,1.0,42000065,16,cpu_intensive/mixed/interactive,SJF,0.17837078651685392,0.0,0.058988764044943826,0.2457865168539326,0.17134831460674158,0.75
20.0,1.0,5,19.428571428571427,2.7142857142857144,20.85,0.0,1.0,42000065,17,cpu_intensive/mixed/interactive,SJF,0.37714987714987713,0.0,0.051597051597051594,0.28501228501228504,0.5,0.7156019656019655
20.0,0.0,4.5,15.75,2.65,19.55,0.0,1.0,42000065,18,cpu_intensive/mixed/interactive,SJF,0.28164556962025317,0.0,0.04272151898734177,0.2610759493670886,0.44145569620253167,0.75
16.0,0.0,5.8125,19.40234375,2.75,18.125,0.0,1.0,42000065,19,cpu_intensive/mixed/interactive,SJF,0.3754863813229572,0.0,0.10894941634241245,0.26264591439688717,0.5,0.7461089494163424
12.0,0.0,6,17.333333333333332,3,15.083333333333334,0.0,0.0,42000065,20,cpu_intensive/mixed/interactive,SJF,0.13902439024390245,0.0,0.15365853658536585,0.3073170731707317,0.36829268292682926,0.75
10.0,0.0,5.3,14.21,2.9,10.8,0.0,0.0,42000065,21,cpu_intensive/mixed/interactive,SJF,0.059880239520958084,0.0,0.011976047904191617,0.30538922155688625,0.24850299401197606,0.75
8.0,0.0,8.125,23.109375,3.125,7.75,0.0,1.0,42000065,22,cpu_intensive/mixed/interactive,SJF,0.1875,0.0,0.11875,0.303125,0.234375,0.75
7.0,0.0,6.428571428571429,23.387755102040817,3.4285714285714284,6,0.0,0.0,42000065,23,cpu_intensive/mixed/interactive,SJF,0.32170542635658916,0.0,0.031007751937984496,0.2713178294573643,0.3023255813953488,0.75
5.0,0.0,5,14,3,4,0.0,0.0,42000065,24,cpu_intensive/mixed/interactive,SRTF,0.0660377358490566,0.009433962264150943,0.0,0.3018867924528302,0.22641509433962265,0.75
3.0,0.0,5.666666666666667,4.222222222222222,3,2,0.0,1.0,42000065,25,cpu_intensive/mixed/interactive,SRTF,0.25,0.21875,0.0,0.375,0.3125,0.75
13.0,0.0,5.538461538461538,21.325443786982248,3.5384615384615383,8.461538461538462,13.0,0.07142857142857142,42000066,0,mixed/interactive/cpu_intensive,SJF,0.45409836065573767,0.026970954356846474,0.10184341201278824,0.30983606557377047,0.23237194748656553,0.8568464730290457
23.0,2.0,4.24,14.6624,3.24,11.347826086956522,12.0,0.2,42000066,1,mixed/interactive/cpu_intensive,SJF,0.75,0.11020710059171597,0.21889549117405416,0.3134642356241234,0.3070387644505672,0.809457911815232
31.0,1.0,7.59375,74.9287109375,3.46875,18.322580645161292,7.0,0.4166666666666667,42000066,2,mixed/interactive/cpu_intensive,SJF,0.34066597653554176,0.18478260869565216,0.32192800842686425,0.31432748538011696,0.29970760233918126,0.8757763975155279
32.0,0.0,7.25,74.875,3.46875,23.78125,0.0,1.0,42000066,3,mixed/interactive/cpu_intensive,Round Robin,0.75,0.2175925925925926,0.2903976311336718,0.20431472081218274,0.3933461803597168,0.6138058532305571
31.0,1.0,6.84375,62.2568359375,3.46875,27.35483870967742,0.0,1.0,42000066,4,mixed/interactive/cpu_intensive,SJF,0.2967791411042945,0.0,0.16717791411042945,0.276840490797546,0.13650306748466257,0.75
31.0,0.0,7.161290322580645,61.103017689906345,3.4193548387096775,24.322580645161292,0.0,1.0,42000066,5,mixed/interactive/cpu_intensive,SJF,0.4,0.0,0.11507936507936507,0.33015873015873015,0.20793650793650795,0.75
30.0,0.0,7.033333333333333,56.43222222222222,3.466666666666667,25.9,0.0,1.0,42000066,6,mixed/interactive/cpu_intensive,SJF,0.32162661737523107,0.0,0.06099815157116451,0.30868761552680224,0.2587800369685767,0.75
28.0,1.0,6.724137931034483,52.40665873959572,3.5517241379310347,27.428571428571427,0.0,0.0,42000066,7,mixed/interactive/cpu_intensive,SRTF,0.22453222453222454,0.013513513513513514,0.0,0.29417879417879417,0.2765072765072765,0.75
25.0,1.0,6.923076923076923,58.455621301775146,3.730769230769231,28.12,0.0,1.0,42000066,8,mixed/interactive/cpu_intensive,SJF,0.2954198473282443,0.0,0.10076335877862595,0.3603053435114504,0.3351145038167939,0.75
26.0,0.0,6.3076923076923075,52.13609467455621,3.730769230769231,25.53846153846154,0.0,1.0,42000066,9,mixed/interactive/cpu_intensive,SJF,0.40241796200345425,0.0,0.12003454231433507,0.3229706390328152,0.3160621761658031,0.75
24.0,2.0,5.961538461538462,49.498520710059175,3.730769230769231,23.208333333333332,0.0,1.0,42000066,10,mixed/interactive/cpu_intensive,SJF,0.2482394366197183,0.0,0.11531690140845069,0.3265845070422535,0.33186619718309857,0.75
23.0,1.0,6.375,45.401041666666664,3.6666666666666665,20.347826086956523,0.0,1.0,42000066,11,mixed/interactive/cpu_intensive,SJF,0.26673040152963673,0.0,0.12045889101338433,0.33747609942638623,0.2820267686424474,0.75
23.0,0.0,6.304347826086956,42.385633270321364,3.6956521739130435,20.565217391304348,0.0,1.0,42000066,12,mixed/interactive/cpu_intensive,SJF,0.22737306843267108,0.0,0.17991169977924945,0.3068432671081678,0.3333333333333333,0.75
20.0,1.0,6.428571428571429,41.673469387755105,3.7142857142857144,20.2,0.0,1.0,42000066,13,mixed/interactive/cpu_intensive,SJF,0.42792792792792794,0.0,0.10135135135135136,0.3344594594594595,0.25900900900900903,0.75
20.0,0.0,7.2,62.96,3.75,19.9,0.0,1.0,42000066,14,mixed/interactive/cpu_intensive,SJF,0.18115942028985507,0.0,0.10265700483091787,0.31280193236714976,0.2608695652173913,0.75
18.0,0.0,7.666666666666667,60.55555555555556,3.7222222222222223,17.833333333333332,0.0,1.0,42000066,15,mixed/interactive/cpu_intensive,SJF,0.2626112759643917,0.0,0.04747774480712166,0.3115727002967359,0.2062314540059347,0.75
16.0,0.0,8.5625,61.74609375,3.875,17.25,0.0,1.0,42000066,16,mixed/interactive/cpu_intensive,SRTF,0.19025157232704404,0.03773584905660377,0.0,0.3238993710691824,0.21069182389937108,0.75
13.0,1.0,8.357142857142858,59.515306122448976,3.9285714285714284,15.384615384615385,0.0,0.0,42000066,17,mixed/interactive/cpu_intensive,SJF,0.37265917602996257,0.0,0.020599250936329586,0.30711610486891383,0.28651685393258425,0.75
11.0,0.0,9.090909090909092,53.71900826446281,3.909090909090909,9.545454545454545,0.0,1.0,42000066,18,mixed/interactive/cpu_intensive,SJF,0.5,0.0,0.1774891774891775,0.34415584415584416,0.34415584415584416,0.7326839826839826
8.0,0.0,10,42.75,3.875,8.5,0.0,0.0,42000066,19,mixed/interactive/cpu_intensive,SJF,0.4201388888888889,0.0,0.2569444444444444,0.3472222222222222,0.1701388888888889,0.75
7.0,0.0,8.714285714285714,28.775510204081634,4.142857142857143,6.428571428571429,0.0,0.0,42000066,20,mixed/interactive/cpu_intensive,SJF,0.38461538461538464,0.0,0.24038461538461536,0.36538461538461536,0.30288461538461536,0.75
5.0,0.0,8.2,19.76,4.4,5,0.0,0.0,42000066,21,mixed/interactive/cpu_intensive,SJF,0.22448979591836737,0.08400133600534478,0.16326530612244897,0.3163265306122449,0.22448979591836737,0.75
5.0,0.0,4.2,19.76,4.4,4,0.0,0.0,42000066,22,mixed/interactive/cpu_intensive,SRTF,0.26666666666666666,0.08400133600534478,0.008333333333333333,0.18333333333333332,0.26666666666666666,0.75
2.0,0.0,8.5,12.25,4,1,0.0,1.0,42000066,23,mixed/interactive/cpu_intensive,SRTF,0.5,0.5,0.0,0.42857142857142855,0.0,0.3214285714285714
10.0,0.0,15,76.2,3.6,5.3,10.0,0.0,42000067,0,cpu_intensive/io_intensive/batch,SJF,0.7403314917127071,0.034530386740331445,0.15469613259668508,0.47375690607734766,0.36878453038674,0.8004143646408834
22.0,1.0,9.130434782608695,64.11342155009451,3.391304347826087,10.590909090909092,13.0,0.0,42000067,1,cpu_intensive/io_intensive/batch,SJF,0.7167697063369396,0.11581920903954801,0.16611544809158327,0.30757341576506925,0.6673728813559322,0.7705227953440044
29.0,1.0,9.7,60.81,3.1,18.482758620689655,7.0,0.2222222222222222,42000067,2,cpu_intensive/io_intensive/batch,SJF,0.4179012345679012,0.17708333333333343,0.24978956228956228,0.3160493827160493,0.668560606060606,0.754973344556678
29.0,1.0,9.266666666666667,54.995555555555555,3.1,24.379310344827587,0.0,1.0,42000067,3,cpu_intensive/io_intensive/batch,SJF,0.75,0.2005494505494507,0.3198038520619163,0.329493087557603,0.31129623065106937,0.7911201701524276
30.0,0.0,8.733333333333333,50.528888888888886,3.1,26.833333333333332,0.0,1.0,42000067,4,cpu_intensive/io_intensive/batch,SJF,0.4559620596205963,0.0,0.1707317073170727,0.30013550135501327,0.5,0.7127371273712734
29.0,1.0,8.666666666666666,42.15555555555556,3.1,23.310344827586206,0.0,1.0,42000067,5,cpu_intensive/io_intensive/batch,SRTF,0.19142512077294702,0.008454106280192766,0.0,0.3007246376811592,0.5,0.67512077294686
29.0,1.0,8.066666666666666,39.19555555555556,3.1,25.137931034482758,0.0,1.0,42000067,6,cpu_intensive/io_intensive/batch,SJF,0.07308743169398906,0.0,0.14275956284152963,0.35655737704918017,0.22677595628415315,0.75
29.0,1.0,7.5,38.516666666666666,3.1,26.310344827586206,0.0,1.0,42000067,7,cpu_intensive/io_intensive/batch,SJF,0.09722222222222261,0.0,0.09166666666666738,0.32152777777777786,0.5,0.7159722222222223
28.0,2.0,7.1,36.95666666666666,3.1,27.857142857142858,0.0,1.0,42000067,8,cpu_intensive/io_intensive/batch,SJF,0.30199764982373734,0.0,0.1116333725029379,0.3830787309048179,0.45240893066980037,0.75
28.0,2.0,7.033333333333333,32.43222222222222,3.1,26.535714285714285,0.0,1.0,42000067,9,cpu_intensive/io_intensive/batch,SJF,0.1533430232558145,0.0,0.09302325581395388,0.34738372093023256,0.2172965116279076,0.75
28.0,2.0,6.6,31.373333333333335,3.1,26.75,0.0,1.0,42000067,10,cpu_intensive/io_intensive/batch,SJF,0.23569023569023534,0.0,0.07744107744107738,0.3038720538720533,0.3821548821548822,0.75
28.0,1.0,6.448275862068965,26.10939357907253,3.0689655172413794,24.142857142857142,0.0,1.0,42000067,11,cpu_intensive/io_intensive/batch,SJF,0.4316493313521539,0.0,0.14487369985141157,0.3506686478454676,0.29866270430906383,0.75
26.0,1.0,7.037037037037037,24.92455418381344,3.074074074074074,25.73076923076923,0.0,1.0,42000067,12,cpu_intensive/io_intensive/batch,SJF,0.3595943837753511,0.0,0.08814352574103004,0.35101404056162233,0.3416536661466463,0.75
24.0,2.0,7.769230769230769,31.869822485207102,3,24.666666666666668,0.0,1.0,42000067,13,cpu_intensive/io_intensive/batch,SRTF,0.19728915662650642,0.04819277108433719,0.0,0.3501506024096387,0.3448795180722897,0.75
26.0,0.0,7.115384615384615,30.025147928994084,3,21.192307692307693,0.0,1.0,42000067,14,cpu_intensive/io_intensive/batch,SRTF,0.0977112676056344,0.01232394366197263,0.0,0.3433098591549295,0.2156690140845075,0.75
25.0,1.0,6.615384615384615,23.005917159763314,3,21.84,0.0,1.0,42000067,15,cpu_intensive/io_intensive/batch,SJF,0.13052208835341336,0.0,0.06927710843373475,0.30421686746987914,0.3142570281124498,0.75
22.0,2.0,6.666666666666667,21.97222222222222,3.1666666666666665,24.681818181818183,0.0,1.0,42000067,16,cpu_intensive/io_intensive/batch,SJF,0.4255725190839697,0.0,0.0190839694656478,0.34637404580152625,0.3062977099236643,0.75
24.0,0.0,5.833333333333333,19.88888888888889,3.1666666666666665,21.458333333333332,0.0,1.0,42000067,17,cpu_intensive/io_intensive/batch,SRTF,0.3744635193133049,0.017167381974249753,0.0,0.31974248927038584,0.31008583690987157,0.75
22.0,0.0,5.590909090909091,17.878099173553718,3.1818181818181817,21.681818181818183,0.0,1.0,42000067,18,cpu_intensive/io_intensive/batch,SJF,0.346049046321526,0.0,0.07356948228882812,0.2901907356948225,0.21662125340599483,0.75
20.0,0.0,5.2,19.76,3.4,22.75,0.0,0.0,42000067,19,cpu_intensive/io_intensive/batch,SJF,0.4685230024213073,0.0,0.10653753026634391,0.3329297820823237,0.43946731234866765,0.75
19.0,0.0,4.473684210526316,15.933518005540167,3.3157894736842106,19.736842105263158,0.0,1.0,42000067,20,cpu_intensive/io_intensive/batch,SJF,0.2764900662251655,0.0,0.08278145695364167,0.2880794701986745,0.36589403973509815,0.75
16.0,0.0,5.5625,23.24609375,3.375,18.6875,0.0,1.0,42000067,21,cpu_intensive/io_intensive/batch,SJF,0.33118971061093205,0.0,0.15112540192926155,0.3247588424437298,0.3858520900321553,0.75
15.0,0.0,4.666666666666667,19.155555555555555,3.2666666666666666,14.333333333333334,0.0,1.0,42000067,22,cpu_intensive/io_intensive/batch,SJF,0.23922413793103398,0.0,0.2219827586206901,0.2607758620689638,0.2737068965517239,0.75
11.0,0.0,5.818181818181818,23.96694214876033,3.3636363636363638,13.090909090909092,0.0,1.0,42000067,23,cpu_intensive/io_intensive/batch,SJF,0.18181818181818202,0.0,0.17532467532467627,0.3203463203463196,0.27705627705627744,0.75
8.0,1.0,11.444444444444445,60.91358024691358,3.3333333333333335,9.625,0.0,1.0,42000067,24,cpu_intensive/io_intensive/batch,SJF,0.2654639175257732,0.0,0.0,0.32989690721649323,0.3015463917525752,0.75
7.0,0.0,11.857142857142858,43.83673469387755,3.7142857142857144,8,0.0,1.0,42000067,25,cpu_intensive/io_intensive/batch,SJF,0.01304347826087248,0.0,0.01304347826087248,0.33478260869565035,0.14782608695652016,0.75
6.0,0.0,10.666666666666666,43.22222222222222,3.5,5.666666666666667,0.0,0.0,42000067,26,cpu_intensive/io_intensive/batch,SRTF,0.3364485981308383,0.10280373831775924,0.0,0.3878504672897179,0.23364485981308702,0.75
6.0,0.0,7.333333333333333,35.888888888888886,3.5,5,0.0,0.0,42000067,27,cpu_intensive/io_intensive/batch,SRTF,0.11607142857143124,0.11607142857143124,0.0,0.33035714285714246,0.25000000000000455,0.75
4.0,0.0,5.75,36.1875,3,3,0.0,0.0,42000067,28,cpu_intensive/io_intensive/batch,SRTF,0.5,0.03846153846152938,0.0,0.19230769230767314,0.23076923076924186,0.7115384615384575
1.0,0.0,4,0,4,0,0.0,0.0,42000067,29,cpu_intensive/io_intensive/batch,FCFS,0.0,0.0,0.0,0.0,0.0,0.0
11.0,0.0,18.90909090909091,20.8099173553719,2.1818181818181817,4.818181818181818,11.0,0.0,42000068,0,cpu_intensive/batch/mixed,SRTF,0.414531413731833,0.25,0.20423709508405832,0.4084582441113492,0.414531413731833,0.8351063829787235
19.0,0.0,15.157894736842104,35.81717451523546,2.263157894736842,12.421052631578947,8.0,0.0,42000068,1,cpu_intensive/batch/mixed,SRTF,0.36926002580367706,0.0682251908396947,0.012676056338027469,0.36662993226534807,0.48521126760563404,0.8139312977099238
30.0,0.0,11.5,65.25,2.6,16.5,11.0,0.0,42000068,2,cpu_intensive/batch/mixed,SJF,0.23255813953488363,0.0942014923008684,0.09877384196185351,0.3802040428363223,0.5592643051771119,0.8343023255813953
29.0,1.0,10.866666666666667,63.24888888888889,2.6,24.75862068965517,0.0,0.0,42000068,3,cpu_intensive/batch/mixed,SJF,0.2965768787294747,0.09541984732824436,0.10610434533778859,0.23042998897464162,0.75,0.634322108789146
30.0,0.0,10.4,63.77333333333333,2.6,26.366666666666667,0.0,1.0,42000068,4,cpu_intensive/batch/mixed,SRTF,0.4294871794871795,0.2537028189202104,0.25,0.3021181716833892,0.6190476190476191,0.7048893135849658
30.0,0.0,9.733333333333333,59.86222222222222,2.6,27.433333333333334,0.0,0.0,42000068,5,cpu_intensive/batch/mixed,SJF,0.29304635761589387,0.0,0.01903973509933738,0.32615894039735094,0.3319536423841063,0.75
26.0,4.0,9.366666666666667,55.09888888888889,2.6,30.307692307692307,0.0,0.0,42000068,6,cpu_intensive/batch/mixed,SJF,0.12471783295711086,0.0,0.010722347629796722,0.23814898419864577,0.5,0.6162528216704292
28.0,2.0,8.966666666666667,49.965555555555554,2.6,25,0.0,1.0,42000068,7,cpu_intensive/batch/mixed,SJF,0.26285714285714334,0.0,0.07142857142857212,0.35428571428571426,0.13214285714285734,0.75
30.0,0.0,8.333333333333334,44.48888888888889,2.6,24.5,0.0,1.0,42000068,8,cpu_intensive/batch/mixed,SJF,0.4374217772215272,0.0,0.0744680851063825,0.2252816020025032,0.5,0.5985607008760951
27.0,2.0,8.275862068965518,43.51010701545779,2.6206896551724137,27.85185185185185,0.0,1.0,42000068,9,cpu_intensive/batch/mixed,SJF,0.2728894173602853,0.0,0.03210463733650434,0.26694411414982194,0.5,0.6328775267538645
26.0,1.0,8.296296296296296,39.68998628257887,2.5925925925925926,27.076923076923077,0.0,1.0,42000068,10,cpu_intensive/batch/mixed,SJF,0.5,0.0,0.07333333333333371,0.31200000000000044,0.20933333333333393,0.6866666666666674
27.0,0.0,7.703703703703703,34.94924554183813,2.5925925925925926,24.74074074074074,0.0,1.0,42000068,11,cpu_intensive/batch/mixed,SJF,0.21720116618075824,0.0,0.09839650145772601,0.2558309037900874,0.5,0.6581632653061219
24.0,1.0,7.92,29.7536,2.48,23.916666666666668,0.0,1.0,42000068,12,cpu_intensive/batch/mixed,SJF,0.5,0.0,0.07484567901234596,0.3132716049382719,0.3996913580246919,0.6998456790123453
25.0,0.0,8.24,29.3824,2.48,22.64,0.0,1.0,42000068,13,cpu_intensive/batch/mixed,SJF,0.31344696969696945,0.0,0.0397727272727267,0.33428030303030326,0.31344696969696945,0.75
24.0,1.0,7.6,26.4,2.48,24.041666666666668,0.0,0.0,42000068,14,cpu_intensive/batch/mixed,SJF,0.40631578947368496,0.0,0.0,0.3157894736842109,0.47157894736842176,0.75
24.0,0.0,7.291666666666667,22.87326388888889,2.4583333333333335,23.666666666666668,0.0,1.0,42000068,15,cpu_intensive/batch/mixed,SJF,0.3425414364640884,0.0,0.06445672191528505,0.3471454880294665,0.2799263351749543,0.75
24.0,0.0,6.5,24,2.4583333333333335,23,0.0,1.0,42000068,16,cpu_intensive/batch/mixed,SJF,0.16090712742980473,0.0,0.05399568034557111,0.29805615550755893,0.4665226781857443,0.75
22.0,0.0,7,23.363636363636363,2.3636363636363638,21.136363636363637,0.0,1.0,42000068,17,cpu_intensive/batch/mixed,SJF,0.30573951434878593,0.0,0.10596026490066171,0.3101545253863133,0.18763796909492308,0.75
20.0,0.0,6.7,23.01,2.4,20.35,0.0,0.0,42000068,18,cpu_intensive/batch/mixed,SJF,0.16625615763546794,0.0,0.24876847290640444,0.3300492610837439,0.41871921182265925,0.75
17.0,0.0,6.764705882352941,17.826989619377162,2.235294117647059,20.941176470588236,0.0,0.0,42000068,19,cpu_intensive/batch/mixed,SJF,0.175487465181059,0.0,0.2757660167130922,0.3356545961002788,0.034818941504179766,0.75
15.0,1.0,6.9375,24.05859375,2.1875,16.933333333333334,0.0,0.0,42000068,20,cpu_intensive/batch/mixed,SJF,0.108516483516484,0.0,0.32692307692307665,0.34340659340659313,0.3461538461538457,0.75
16.0,0.0,5.6875,22.08984375,2.1875,14.5625,0.0,1.0,42000068,21,cpu_intensive/batch/mixed,SJF,0.17346938775510182,0.0,0.16180758017492755,0.34256559766763856,0.15306122448979587,0.75
14.0,0.0,8.642857142857142,30.943877551020407,2.2142857142857144,13.785714285714286,0.0,1.0,42000068,22,cpu_intensive/batch/mixed,FCFS,0.0,0.0441176470588223,0.0753676470588221,0.3253676470588237,0.20220588235294043,0.75
13.0,0.0,10,26.46153846153846,2.3076923076923075,12.307692307692308,0.0,1.0,42000068,23,cpu_intensive/batch/mixed,SJF,0.22239747634069515,0.0,0.17981072555205108,0.3564668769716102,0.24763406940063173,0.75
13.0,0.0,8.461538461538462,25.940828402366865,2.3076923076923075,12,0.0,0.0,42000068,24,cpu_intensive/batch/mixed,SJF,0.16555183946488394,0.0,0.1404682274247501,0.35451505016722484,0.27591973244147233,0.75
12.0,0.0,7.416666666666667,21.90972222222222,2.3333333333333335,11.75,0.0,0.0,42000068,25,cpu_intensive/batch/mixed,SJF,0.1706349206349202,0.0,0.12103174603174456,0.3392857142857145,0.20634920634920534,0.75
9.0,0.0,9.333333333333334,10.88888888888889,2.3333333333333335,10.11111111111111,0.0,1.0,42000068,26,cpu_intensive/batch/mixed,SJF,0.18493150684931545,0.0,0.009132420091323739,0.36073059360730714,0.16894977168949696,0.75
9.0,0.0,7.111111111111111,10.098765432098766,2.3333333333333335,8,0.0,0.0,42000068,27,cpu_intensive/batch/mixed,SRTF,0.11202185792349748,0.0683060109289646,0.0,0.3360655737704924,0.2213114754098371,0.75
9.0,0.0,4.888888888888889,10.098765432098766,2.3333333333333335,8,0.0,0.0,42000068,28,cpu_intensive/batch/mixed,SRTF,0.23076923076922876,0.019230769230771248,0.0,0.3,0.3,0.75
5.0,0.0,5,6.8,2.6,7.4,0.0,0.0,42000068,29,cpu_intensive/batch/mixed,SRTF,0.30555555555554414,0.0740740740740694,0.0,0.2962962962962934,0.21296296296295741,0.75
2.0,0.0,2,1,3,1,0.0,0.0,42000068,30,cpu_intensive/batch/mixed,FCFS,0.0,0.0,0.0,0.0,0.3333333333333144,0.75
9.0,0.0,19.444444444444443,58.46913580246913,3.4444444444444446,6.222222222222222,9.0,0.0,42000069,0,cpu_intensive/io_intensive/interactive,SJF,0.36736334405144694,0.04448198198198198,0.06511254019292605,0.43961284435560954,0.36736334405144694,0.8975225225225225
19.0,2.0,9,78.95238095238095,3.6666666666666665,11,12.0,0.0,42000069,1,cpu_intensive/io_intensive/interactive,SJF,0.5673734610123119,0.051145662847790506,0.17578659370725033,0.4408266370530247,0.5530342042042714,0.8698854337152209
30.0,2.0,6.28125,58.2646484375,3.65625,15.366666666666667,11.0,0.26666666666666666,42000069,2,cpu_intensive/io_intensive/interactive,SJF,0.5209406578165247,0.0625,0.22399445214979197,0.38930305131761445,0.3304438280166435,0.8520408163265306
29.0,3.0,6.25,50.0625,3.65625,22.379310344827587,0.0,1.0,42000069,3,cpu_intensive/io_intensive/interactive,SJF,0.5676567656765676,0.0,0.29542924171935264,0.3253310270786115,0.3248339894230387,0.8253012048192772
31.0,1.0,5.90625,48.4599609375,3.65625,24.774193548387096,0.0,1.0,42000069,4,cpu_intensive/io_intensive/interactive,SJF,0.5092592592592593,0.018518518518518517,0.3743781094527363,0.22686567164179106,0.3297954671088999,0.6330016583747927
29.0,3.0,5.875,44.234375,3.65625,25.896551724137932,0.0,1.0,42000069,5,cpu_intensive/io_intensive/interactive,SJF,0.31768388106416273,0.0,0.1267605633802817,0.3051643192488263,0.15571205007824726,0.75
31.0,1.0,5.5,38.3125,3.65625,24.483870967741936,0.0,1.0,42000069,6,cpu_intensive/io_intensive/interactive,SJF,0.11273666092943202,0.0,0.2332185886402754,0.3089500860585198,0.06282271944922548,0.75
30.0,1.0,5.645161290322581,35.51925078043705,3.6129032258064515,25.633333333333333,0.0,1.0,42000069,7,cpu_intensive/io_intensive/interactive,SJF,0.3220910623946037,0.0,0.1703204047217538,0.290893760539629,0.18887015177065766,0.75
30.0,0.0,5.4,33.10666666666667,3.566666666666667,25.766666666666666,0.0,1.0,42000069,8,cpu_intensive/io_intensive/interactive,SJF,0.5,0.0,0.08628659476117104,0.20570107858243453,0.14714946070878274,0.6151771956856702
28.0,1.0,5.206896551724138,32.30202140309156,3.5172413793103448,28.107142857142858,0.0,1.0,42000069,9,cpu_intensive/io_intensive/interactive,SJF,0.1698292220113852,0.0,0.1062618595825427,0.31404174573055027,0.15370018975332067,0.75
25.0,2.0,5.222222222222222,31.65432098765432,3.5555555555555554,28.72,0.0,1.0,42000069,10,cpu_intensive/io_intensive/interactive,SJF,0.3452631578947368,0.0,0.08105263157894736,0.30526315789473685,0.2789473684210526,0.75
23.0,3.0,5,27.23076923076923,3.5,25.652173913043477,0.0,1.0,42000069,11,cpu_intensive/io_intensive/interactive,SJF,0.3102189781021898,0.0,0.0681265206812652,0.24939172749391725,0.2396593673965937,0.75
24.0,0.0,4.916666666666667,25.57638888888889,3.5416666666666665,19.708333333333332,0.0,1.0,42000069,12,cpu_intensive/io_intensive/interactive,SJF,0.30392156862745096,0.0,0.049019607843137254,0.30514705882352944,0.32965686274509803,0.75
21.0,1.0,4.7272727272727275,22.65289256198347,3.6818181818181817,22.142857142857142,0.0,1.0,42000069,13,cpu_intensive/io_intensive/interactive,SJF,0.2766990291262136,0.0,0.14563106796116504,0.2362459546925566,0.28317152103559873,0.75
15.0,1.0,5.75,24.6875,3.75,24,0.0,1.0,42000069,14,cpu_intensive/io_intensive/interactive,SJF,0.5,0.0,0.047872340425531915,0.2566489361702128,0.17952127659574468,0.6768617021276596
16.0,0.0,5,16.5,3.75,12.875,0.0,1.0,42000069,15,cpu_intensive/io_intensive/interactive,SJF,0.5,0.0,0.005905511811023622,0.25196850393700787,0.21653543307086615,0.7480314960629921
13.0,1.0,5.071428571428571,13.066326530612244,3.642857142857143,11.846153846153847,0.0,1.0,42000069,16,cpu_intensive/io_intensive/interactive,SJF,0.4064039408866995,0.0,0.014778325123152709,0.28078817733990147,0.2536945812807882,0.75
9.0,1.0,5.3,7.81,3.8,13.666666666666666,0.0,1.0,42000069,17,cpu_intensive/io_intensive/interactive,SJF,0.18787878787878787,0.0,0.10606060606060605,0.3181818181818182,0.1393939393939394,0.75
8.0,1.0,3.888888888888889,4.765432098765432,3.6666666666666665,8,0.0,1.0,42000069,18,cpu_intensive/io_intensive/interactive,SJF,0.2421875,0.0,0.0625,0.328125,0.17578125,0.75
7.0,1.0,4.75,40.4375,3.875,7.428571428571429,0.0,1.0,42000069,19,cpu_intensive/io_intensive/interactive,SRTF,0.23780487804878048,0.006097560975609756,0.0,0.18292682926829268,0.2682926829268293,0.75
3.0,0.0,7,50,4.666666666666667,2,0.0,1.0,42000069,20,cpu_intensive/io_intensive/interactive,SJF,0.047619047619047616,0.0,0.023809523809523808,0.40476190476190477,0.023809523809523808,0.75
2.0,0.0,8.5,0.25,4.5,1,0.0,1.0,42000069,21,cpu_intensive/io_intensive/interactive,SJF,0.0625,0.0,0.0,0.5,0.0,0.6875
13.0,0.0,8.461538461538462,59.78698224852071,2.923076923076923,8,13.0,0.13333333333333333,42000070,0,mixed/interactive/batch,SJF,0.75,0.0,0.027734191072605902,0.2237039740088521,0.15489394010735463,0.5884567167341562
29.0,0.0,6.413793103448276,36.725326991676575,2.9310344827586206,9.517241379310345,16.0,0.1111111111111111,42000070,1,mixed/interactive/batch,SJF,0.75,0.1097883597883598,0.12961420741689791,0.2013452914798206,0.3745207250812631,0.6775802548224075
33.0,1.0,6.911764705882353,31.080449826989618,2.823529411764706,17.757575757575758,5.0,0.5,42000070,2,mixed/interactive/batch,SJF,0.5813090418353585,0.1365435356200527,0.17512613988797862,0.34345479082321206,0.3737150110917641,0.8120052770448549
34.0,0.0,6.4411764705882355,31.71712802768166,2.823529411764706,24.794117647058822,0.0,1.0,42000070,3,mixed/interactive/batch,SJF,0.494934445768773,0.24886877828054293,0.3108688969307355,0.3581644815256258,0.4196455055846485,0.8065610859728507
34.0,0.0,5.852941176470588,27.890138408304498,2.823529411764706,30.147058823529413,0.0,0.0,42000070,4,mixed/interactive/batch,SJF,0.4118831168831167,0.25,0.3501298701298703,0.33142857142857146,0.33564935064935103,0.7670454545454541
31.0,2.0,5.666666666666667,26.767676767676768,2.8484848484848486,33.58064516129032,0.0,1.0,42000070,5,mixed/interactive/batch,SJF,0.4150076569678411,0.0,0.08958652373660023,0.3261868300153137,0.1837672281776416,0.75
29.0,3.0,5.75,24.5625,2.875,32.10344827586207,0.0,1.0,42000070,6,mixed/interactive/batch,SJF,0.23865110246433172,0.0,0.0966277561608299,0.36511024643320356,0.24319066147859975,0.75
31.0,0.0,5.290322580645161,22.077003121748177,2.903225806451613,28.161290322580644,0.0,1.0,42000070,7,mixed/interactive/batch,SJF,0.27994227994227944,0.0,0.08441558441558429,0.3210678210678207,0.212842712842712,0.75
28.0,2.0,5.766666666666667,22.645555555555557,2.933333333333333,26.571428571428573,0.0,1.0,42000070,8,mixed/interactive/batch,SRTF,0.24259259259259316,0.01481481481481511,0.0,0.3101851851851851,0.19259259259259215,0.75
28.0,1.0,5.344827586206897,22.225921521997623,2.9655172413793105,26.107142857142858,0.0,1.0,42000070,9,mixed/interactive/batch,SJF,0.3882352941176478,0.0,0.013235294117647387,0.3514705882352942,0.219852941176471,0.75
28.0,0.0,4.785714285714286,22.525510204081634,2.9642857142857144,26.178571428571427,0.0,1.0,42000070,10,mixed/interactive/batch,SJF,0.5,0.0,0.1257530120481933,0.24322289156626498,0.1415662650602411,0.6573795180722896
25.0,0.0,4.76,19.2224,2.96,25.96,0.0,1.0,42000070,11,mixed/interactive/batch,SJF,0.13195876288659802,0.0,0.16391752577319596,0.30309278350515445,0.16082474226804097,0.75
21.0,2.0,5.826086956521739,27.100189035916824,2.9130434782608696,24.142857142857142,0.0,1.0,42000070,12,mixed/interactive/batch,SJF,0.12239583333333257,0.0,0.041666666666666456,0.29036458333333304,0.07161458333333352,0.75
22.0,1.0,5.565217391304348,29.11531190926276,2.9130434782608696,22,0.0,1.0,42000070,13,mixed/interactive/batch,SJF,0.326034063260341,0.0,0.031630170316301214,0.2846715328467156,0.1423357664233578,0.75
20.0,0.0,6.35,31.5275,2.8,19.45,0.0,1.0,42000070,14,mixed/interactive/batch,SJF,0.39913544668587864,0.0,0.09510086455331411,0.288184438040346,0.21902017291066167,0.75
15.0,0.0,7.066666666666666,26.195555555555554,2.7333333333333334,18.533333333333335,0.0,0.0,42000070,15,mixed/interactive/batch,Priority,0.06400000000000144,0.022000000000000904,0.005999999999999965,0.3040000000000001,0.0,0.75
11.0,1.0,8,22,3.0833333333333335,14.909090909090908,0.0,0.0,42000070,16,mixed/interactive/batch,SJF,0.4409448818897629,0.0,0.2125984251968503,0.33858267716535334,0.1496062992125988,0.75
11.0,0.0,7,22.90909090909091,3.272727272727273,10.272727272727273,0.0,1.0,42000070,17,mixed/interactive/batch,SJF,0.5,0.0,0.19302325581395352,0.33488372093023416,0.2930232558139571,0.7430232558139553
7.0,0.0,8,3.4285714285714284,3.4285714285714284,9.857142857142858,0.0,0.0,42000070,18,mixed/interactive/batch,SJF,0.17880794701986505,0.0,0.17218543046357326,0.31125827814569407,0.1390728476821208,0.75
7.0,0.0,5.142857142857143,6.122448979591836,3.4285714285714284,6,0.0,0.0,42000070,19,mixed/interactive/batch,SRTF,0.057692307692307404,0.026923076923074808,0.0,0.2653846153846126,0.14615384615383997,0.75
7.0,0.0,6.428571428571429,90.24489795918367,3.4285714285714284,5.571428571428571,0.0,1.0,42000070,20,mixed/interactive/batch,SRTF,0.5,0.03103448275862547,0.0,0.10689655172413959,0.3275862068965503,0.5568965517241355
2.0,0.0,12.5,110.25,3,1,0.0,0.0,42000070,21,mixed/interactive/batch,FCFS,0.0,0.0,0.0,0.0,0.0,0.75
1.0,0.0,5,0,4,0,0.0,0.0,42000070,22,mixed/interactive/batch,FCFS,0.0,0.0,0.0,0.0,0.0,0.0
11.0,0.0,10.272727272727273,22.380165289256198,3.272727272727273,7.7272727272727275,11.0,0.0,42000071,0,batch/interactive/io_intensive,SRTF,0.5506535947712417,0.05744680851063836,0.04313725490196071,0.4590529828952856,0.5506535947712417,0.8808510638297873
23.0,0.0,5.3478260869565215,19.44423440453686,3.260869565217391,11.08695652173913,12.0,0.0,42000071,1,batch/interactive/io_intensive,SJF,0.44881305637982205,0.14928057553956836,0.2618694362017805,0.40006244262750024,0.4881305637982198,0.9105215827338129
32.0,2.0,4.205882352941177,12.163494809688581,3.264705882352941,17.0625,11.0,0.21428571428571427,42000071,2,batch/interactive/io_intensive,SRTF,0.75,0.1660958904109589,0.15909090909090895,0.3106025546094037,0.47569082158123244,0.7913125610043419
34.0,0.0,3.676470588235294,10.689446366782008,3.264705882352941,24.852941176470587,0.0,1.0,42000071,3,batch/interactive/io_intensive,SJF,0.3574197120708747,0.2159090909090909,0.24646632437330132,0.31705426356589145,0.5290697674418601,0.8538961038961039
31.0,2.0,3.515151515151515,11.704315886134069,3.303030303030303,32.32258064516129,0.0,1.0,42000071,4,batch/interactive/io_intensive,SJF,0.34701469965519316,0.12295081967213103,0.2726392837698874,0.29151291512915134,0.49723247232472323,0.8319672131147542
31.0,2.0,3.303030303030303,9.72635445362718,3.303030303030303,30.387096774193548,0.0,1.0,42000071,5,batch/interactive/io_intensive,SJF,0.3811965811965818,0.0,0.2555555555555558,0.2803418803418805,0.2752136752136758,0.75
30.0,1.0,3.161290322580645,8.199791883454735,3.225806451612903,28.566666666666666,0.0,1.0,42000071,6,batch/interactive/io_intensive,SJF,0.23548922056384758,0.0,0.19983416252072955,0.27197346600331673,0.24875621890547242,0.75
30.0,1.0,3.193548387096774,6.736732570239334,3.225806451612903,23,0.0,1.0,42000071,7,batch/interactive/io_intensive,SJF,0.4194831013916503,0.0,0.15009940357852872,0.2922465208747514,0.2445328031809144,0.75
28.0,1.0,3.103448275862069,6.57550535077289,3.206896551724138,25.035714285714285,0.0,1.0,42000071,8,batch/interactive/io_intensive,SJF,0.5,0.0,0.14298245614035116,0.22192982456140356,0.16052631578947374,0.6684210526315787
25.0,3.0,3.75,13.901785714285714,3.25,27,0.0,1.0,42000071,9,batch/interactive/io_intensive,SJF,0.20068807339449518,0.0,0.05848623853211006,0.2477064220183484,0.13302752293577913,0.75
25.0,1.0,3.6538461538461537,13.303254437869823,3.1538461538461537,23.76,0.0,1.0,42000071,10,batch/interactive/io_intensive,SJF,0.36797066014669927,0.0,0.14914425427872796,0.2897310513447434,0.17359413202933996,0.75
23.0,0.0,3.391304347826087,11.803402646502835,3.217391304347826,24.130434782608695,0.0,1.0,42000071,11,batch/interactive/io_intensive,SJF,0.15230769230769287,0.0,0.13538461538461555,0.23538461538461575,0.11846153846153912,0.75
17.0,3.0,3.35,14.0275,3.3,25.705882352941178,0.0,1.0,42000071,12,batch/interactive/io_intensive,SJF,0.29810298102980964,0.0,0.12737127371273646,0.3238482384823843,0.1382113821138211,0.75
16.0,1.0,3.588235294117647,14.477508650519031,3.3529411764705883,19.8125,0.0,1.0,42000071,13,batch/interactive/io_intensive,SJF,0.3713826366559486,0.0,0.11575562700964671,0.2813504823151125,0.05144694533762041,0.75
16.0,0.0,4.0625,21.93359375,3.4375,11.3125,0.0,1.0,42000071,14,batch/interactive/io_intensive,SJF,0.3712446351931341,0.0,0.10300429184549398,0.2961373390557941,0.06652360515021503,0.75
14.0,0.0,4.785714285714286,33.73979591836735,3.7142857142857144,14.285714285714286,0.0,1.0,42000071,15,batch/interactive/io_intensive,SJF,0.3073170731707322,0.0,0.0487804878048776,0.2829268292682932,0.21463414634146322,0.75
11.0,1.0,6.833333333333333,29.47222222222222,4,7.363636363636363,0.0,1.0,42000071,16,batch/interactive/io_intensive,SRTF,0.3105263157894729,0.04473684210526321,0.0,0.3500000000000004,0.30526315789473724,0.75
11.0,0.0,5.636363636363637,26.59504132231405,4,9.909090909090908,0.0,1.0,42000071,17,batch/interactive/io_intensive,SRTF,0.28963414634146234,0.0426829268292683,0.0,0.30182926829268253,0.27743902439024454,0.75
7.0,0.0,6.285714285714286,23.06122448979592,4.285714285714286,8.428571428571429,0.0,1.0,42000071,18,batch/interactive/io_intensive,SJF,0.24468085106383153,0.0,0.0,0.2978723404255328,0.3031914893617054,0.75
4.0,0.0,6.25,3.6875,4.5,3.75,0.0,1.0,42000071,19,batch/interactive/io_intensive,SJF,0.2000000000000022,0.0,0.0,0.44285714285714733,0.2000000000000022,0.75
3.0,0.0,1.3333333333333333,0.2222222222222222,4.333333333333333,2,0.0,0.0,42000071,20,batch/interactive/io_intensive,SJF,0.07142857142855369,0.0,0.0,0.07142857142855369,0.07142857142855369,0.75
11.0,0.0,9.727272727272727,18.56198347107438,2.6363636363636362,8.090909090909092,11.0,0.0,42000072,0,batch/interactive/mixed,SRTF,0.6068329718004342,0.015116279069767457,0.013557483731019766,0.350268627352066,0.7255813953488373,0.7955998083034859
23.0,0.0,6.173913043478261,33.274102079395085,3.0869565217391304,11.08695652173913,12.0,0.0,42000072,1,batch/interactive/mixed,SJF,0.75,0.03679245283018873,0.044356312146445795,0.2299813780260708,0.6151224482625346,0.6591537542602158
34.0,0.0,6.617647058823529,38.41262975778547,3.0588235294117645,18.352941176470587,11.0,0.15384615384615385,42000072,2,batch/interactive/mixed,SJF,0.5875868369791939,0.24316939890710376,0.2949483718605093,0.3349106203995793,0.75,0.850442157521849
34.0,0.0,6.205882352941177,38.92820069204152,3.0588235294117645,25.88235294117647,0.0,1.0,42000072,3,batch/interactive/mixed,SJF,0.744230769230769,0.2067307692307691,0.23553422075627284,0.22664624808575806,0.7017611026033693,0.6341103192366593
34.0,0.0,5.676470588235294,32.160034602076124,3.0588235294117645,30.176470588235293,0.0,1.0,42000072,4,batch/interactive/mixed,SJF,0.5384457798415728,0.1339285714285714,0.21166945506692167,0.22609942638623315,0.75,0.6211161567877628
30.0,3.0,5.757575757575758,30.850321395775943,3.0303030303030303,32.53333333333333,0.0,1.0,42000072,5,batch/interactive/mixed,SJF,0.2193579766536964,0.0,0.10214007782101134,0.2339494163424123,0.5,0.6152723735408558
31.0,0.0,6.32258064516129,31.508844953173778,2.967741935483871,27.580645161290324,0.0,1.0,42000072,6,batch/interactive/mixed,SJF,0.5,0.0,0.11018437225636513,0.23353819139596108,0.4262510974539065,0.5787971905179978
31.0,0.0,5.806451612903226,25.63995837669095,2.967741935483871,27.322580645161292,0.0,1.0,42000072,7,batch/interactive/mixed,SJF,0.4338842975206608,0.0,0.07024793388429756,0.2300275482093663,0.5,0.6329201101928373
29.0,1.0,5.666666666666667,25.755555555555556,2.9,27.620689655172413,0.0,1.0,42000072,8,batch/interactive/mixed,SJF,0.2165562913907288,0.0,0.09072847682119203,0.26026490066225194,0.5,0.6466887417218548
28.0,0.0,5.892857142857143,25.95280612244898,2.9285714285714284,26.857142857142858,0.0,1.0,42000072,9,batch/interactive/mixed,SJF,0.3544303797468353,0.0,0.10759493670886078,0.2953586497890301,0.4198312236286923,0.75
25.0,1.0,5.923076923076923,22.91715976331361,2.8846153846153846,28.72,0.0,1.0,42000072,10,batch/interactive/mixed,SJF,0.5,0.0,0.20983606557377044,0.3204918032786886,0.3352459016393442,0.7204918032786884
22.0,3.0,6.16,25.1744,2.92,28.454545454545453,0.0,1.0,42000072,11,batch/interactive/mixed,SJF,0.22567114093959706,0.0,0.1459731543624163,0.35486577181208057,0.3598993288590606,0.75
25.0,0.0,6.16,28.6944,2.92,23.24,0.0,1.0,42000072,12,batch/interactive/mixed,SJF,0.12845849802371515,0.0,0.15415019762845855,0.3083003952569175,0.4219367588932809,0.75
21.0,3.0,6.208333333333333,25.08159722222222,3,22.523809523809526,0.0,1.0,42000072,13,batch/interactive/mixed,SJF,0.342718446601942,0.0,0.062135922330096946,0.34077669902912633,0.44757281553398126,0.75
23.0,0.0,5.608695652173913,21.890359168241964,3.0434782608695654,20.17391304347826,0.0,1.0,42000072,14,batch/interactive/mixed,SJF,0.27958236658932784,0.0,0.019721577726218117,0.29466357308584734,0.39211136890951304,0.75
21.0,0.0,6.190476190476191,25.582766439909296,3.0952380952380953,19.571428571428573,0.0,1.0,42000072,15,batch/interactive/mixed,SJF,0.27599999999999963,0.0,0.06800000000000017,0.3066666666666668,0.4826666666666669,0.75
18.0,1.0,7,32.94736842105263,2.8947368421052633,20.22222222222222,0.0,1.0,42000072,16,batch/interactive/mixed,SJF,0.19583333333333347,0.0,0.10555555555555621,0.31527777777777827,0.4305555555555559,0.75
17.0,1.0,6.333333333333333,34.888888888888886,2.7777777777777777,20.294117647058822,0.0,1.0,42000072,17,batch/interactive/mixed,SJF,0.2610169491525438,0.0,0.1474576271186441,0.27966101694915335,0.33728813559322113,0.75
15.0,0.0,6.533333333333333,30.648888888888887,2.6666666666666665,15.733333333333333,0.0,1.0,42000072,18,batch/interactive/mixed,SJF,0.12204724409448861,0.0,0.04921259842519757,0.29133858267716567,0.25590551181102356,0.75
13.0,1.0,7,39.57142857142857,2.5714285714285716,13.153846153846153,0.0,1.0,42000072,19,batch/interactive/mixed,SJF,0.5,0.0,0.0,0.23793103448275893,0.289655172413793,0.6758620689655167
12.0,0.0,7.916666666666667,38.24305555555556,2.3333333333333335,11.75,0.0,1.0,42000072,20,batch/interactive/mixed,SJF,0.3761467889908253,0.0,0.20871559633027525,0.29587155963302775,0.25458715596330256,0.75
8.0,0.0,9.625,22.734375,1.75,9.875,0.0,1.0,42000072,21,batch/interactive/mixed,SJF,0.28947368421052677,0.0,0.19298245614035156,0.3362573099415216,0.08479532163742595,0.75
7.0,0.0,8.285714285714286,19.632653061224488,1.8571428571428572,7,0.0,0.0,42000072,22,batch/interactive/mixed,SJF,0.2910958904109578,0.0,0.08219178082191554,0.3493150684931493,0.19863013698629864,0.75
6.0,0.0,6.166666666666667,9.472222222222221,1.8333333333333333,5,0.0,0.0,42000072,23,batch/interactive/mixed,SJF,0.018691588785044098,0.0,0.023364485981310537,0.3130841121495319,0.09813084112149234,0.75
5.0,0.0,8.6,56.64,1.8,5.2,0.0,1.0,42000072,24,batch/interactive/mixed,SRTF,0.12307692307692858,0.015384615384616072,0.0,0.2923076923076905,0.13846153846153572,0.75
4.0,0.0,5.5,60.75,1.75,3,0.0,0.0,42000072,25,batch/interactive/mixed,SJF,0.5,0.0,0.0,0.055555555555558536,0.0,0.44444444444445486
1.0,0.0,3,0,3,0,0.0,0.0,42000072,26,batch/interactive/mixed,FCFS,0.0,0.0,0.0,0.0,0.0,0.0
14.0,0.0,2.2857142857142856,1.489795918367347,3.357142857142857,5.285714285714286,14.0,0.2631578947368421,42000073,0,interactive/io_intensive/cpu_intensive,SJF,0.25805500982318275,0.0,0.1737721021611002,0.1470093865968129,0.19643636760532635,1.0
25.0,1.0,3.8846153846153846,28.255917159763314,3.230769230769231,11.16,12.0,0.3684210526315789,42000073,1,interactive/io_intensive/cpu_intensive,SJF,0.2385376158240914,0.12735849056603774,0.21091387008497767,0.2302798982188295,0.75,0.7107818426232656
30.0,2.0,6.40625,55.8037109375,3,18.566666666666666,6.0,0.45454545454545453,42000073,2,interactive/io_intensive/cpu_intensive,SJF,0.3587891296869625,0.25,0.2961294166789523,0.3127917833800187,0.7017543859649122,0.7397353678313431
30.0,2.0,6.5,55.3125,3,23.766666666666666,0.0,1.0,42000073,3,interactive/io_intensive/cpu_intensive,SJF,0.7012993171471928,0.20833333333333334,0.2607169954476479,0.2101669195751138,0.75,0.5985295744815377
32.0,0.0,6,43.8125,3,26.6875,0.0,1.0,42000073,4,interactive/io_intensive/cpu_intensive,SJF,0.21707317073170734,0.0,0.10365853658536585,0.2451219512195122,0.5,0.6536585365853659
28.0,3.0,6.032258064516129,45.32154006243496,2.935483870967742,28.75,0.0,1.0,42000073,5,interactive/io_intensive/cpu_intensive,SJF,0.20555555555555555,0.0,0.09888888888888889,0.26611111111111113,0.5,0.6733333333333333
31.0,0.0,5.741935483870968,44.12695109261186,2.935483870967742,23.483870967741936,0.0,1.0,42000073,6,interactive/io_intensive/cpu_intensive,SJF,0.3475,0.0,0.0415,0.1725,0.5,0.531
27.0,4.0,5.419354838709677,35.08220603537981,2.935483870967742,27.59259259259259,0.0,0.0,42000073,7,interactive/io_intensive/cpu_intensive,SJF,0.2563897763578275,0.0,0.13498402555910544,0.25559105431309903,0.5,0.702076677316294
27.0,1.0,5.571428571428571,38.744897959183675,2.9642857142857144,27.85185185185185,0.0,1.0,42000073,8,interactive/io_intensive/cpu_intensive,SJF,0.45386702849389415,0.0,0.09769335142469471,0.1614654002713704,0.5,0.5525780189959294
24.0,0.0,5.916666666666667,38.076388888888886,2.8333333333333335,26.458333333333332,0.0,1.0,42000073,9,interactive/io_intensive/cpu_intensive,SJF,0.40102827763496146,0.0,0.18123393316195371,0.2853470437017995,0.40102827763496146,0.75
19.0,2.0,6.190476190476191,33.487528344671205,2.6666666666666665,26.94736842105263,0.0,0.0,42000073,10,interactive/io_intensive/cpu_intensive,SJF,0.4329159212880143,0.0,0.10554561717352415,0.20572450805008943,0.5,0.6086762075134168
19.0,2.0,6.285714285714286,28.20408163265306,2.6666666666666665,17.842105263157894,0.0,1.0,42000073,11,interactive/io_intensive/cpu_intensive,SRTF,0.5,0.03949730700179533,0.0,0.25583482944344704,0.5,0.6359964093357271
18.0,1.0,6.105263157894737,23.14681440443213,2.6842105263157894,17.27777777777778,0.0,1.0,42000073,12,interactive/io_intensive/cpu_intensive,SJF,0.5,0.0,0.03799019607843137,0.25980392156862747,0.48529411764705876,0.6985294117647058
18.0,0.0,5.5,22.36111111111111,2.611111111111111,16.166666666666668,0.0,1.0,42000073,13,interactive/io_intensive/cpu_intensive,SRTF,0.3686868686868687,0.058922558922558925,0.0,0.2878787878787879,0.4797979797979798,0.75
15.0,2.0,5.294117647058823,18.913494809688583,2.4705882352941178,16.333333333333332,0.0,1.0,42000073,14,interactive/io_intensive/cpu_intensive,SJF,0.5,0.0,0.009375,0.2234375,0.375,0.6703125
14.0,0.0,5.142857142857143,14.693877551020408,2.5,14.5,0.0,1.0,42000073,15,interactive/io_intensive/cpu_intensive,SJF,0.4684873949579832,0.0,0.14495798319327732,0.26260504201680673,0.5,0.6995798319327731
9.0,1.0,5.6,11.64,2.8,14.444444444444445,0.0,0.0,42000073,16,interactive/io_intensive/cpu_intensive,SJF,0.3010471204188482,0.0,0.17801047120418848,0.337696335078534,0.3586387434554974,0.75
10.0,0.0,4.1,9.49,2.8,7.6,0.0,1.0,42000073,17,interactive/io_intensive/cpu_intensive,SJF,0.23404255319148937,0.0,0.1622340425531915,0.2978723404255319,0.5,0.7180851063829787
7.0,1.0,7.375,46.984375,2.875,8.428571428571429,0.0,1.0,42000073,18,interactive/io_intensive/cpu_intensive,SJF,0.3484848484848485,0.0,0.2121212121212121,0.3484848484848485,0.46212121212121204,0.75
6.0,0.0,8.666666666666666,42.888888888888886,3,7,0.0,1.0,42000073,19,interactive/io_intensive/cpu_intensive,SJF,0.415,0.0,0.19,0.35,0.405,0.75
4.0,0.0,8,30.5,3,4,0.0,0.0,42000073,20,interactive/io_intensive/cpu_intensive,SJF,0.25,0.036158861885003196,0.0390625,0.3828125,0.21875,0.75
4.0,0.0,10.25,84.6875,3,3,0.0,1.0,42000073,21,interactive/io_intensive/cpu_intensive,SJF,0.3333333333333333,0.0,0.0,0.38095238095238093,0.19047619047619047,0.75
2.0,0.0,10,49,3,1,0.0,0.0,42000073,22,interactive/io_intensive/cpu_intensive,SJF,0.5,0.0,0.0,0.14285714285714285,0.0,0.2857142857142857
1.0,0.0,1,0,5,0,0.0,0.0,42000073,23,interactive/io_intensive/cpu_intensive,FCFS,0.0,0.0,0.0,0.0,0.0,0.0
14.0,0.0,9.5,78.53571428571429,3.2142857142857144,6.142857142857143,14.0,0.17647058823529413,42000074,0,mixed/batch/io_intensive,SJF,0.4089085072231138,0.04166666666666662,0.0876600677724269,0.34028892455858684,0.21347333690030323,0.7855555555555556
22.0,1.0,10.869565217391305,49.06994328922495,3.1739130434782608,12.136363636363637,10.0,0.2857142857142857,42000074,1,mixed/batch/io_intensive,SJF,0.3765560165975109,0.04019953051643194,0.08091286307053926,0.35600880525198175,0.5793203202618195,0.7916666666666667
33.0,0.0,7.848484848484849,39.3406795224977,3.1515151515151514,17.757575757575758,10.0,0.09090909090909091,42000074,2,mixed/batch/io_intensive,SJF,0.4286226685796273,0.08536585365853655,0.17503586800573911,0.36388091822094654,0.6173780487804879,0.8443776901004304
33.0,0.0,7.303030303030303,39.48393021120294,3.1515151515151514,25.151515151515152,0.0,1.0,42000074,3,mixed/batch/io_intensive,SJF,0.436502177068215,0.12677725118483407,0.22477455478439112,0.3309143686502171,0.3350655871893459,0.8222748815165877
31.0,2.0,7,37.515151515151516,3.1515151515151514,30.483870967741936,0.0,1.0,42000074,4,mixed/batch/io_intensive,SJF,0.5908111285266457,0.23706896551724166,0.40767045454545514,0.33522727272727226,0.2855358542319752,0.8060344827586208
33.0,0.0,6.515151515151516,35.825528007346186,3.1515151515151514,29.606060606060606,0.0,1.0,42000074,5,mixed/batch/io_intensive,SJF,0.5,0.0,0.16086350974930397,0.28412256267409464,0.38231197771587816,0.6949860724233986
28.0,4.0,6.40625,31.1787109375,3.1875,33,0.0,0.0,42000074,6,mixed/batch/io_intensive,SJF,0.2019817073170729,0.0,0.15320121951219498,0.29954268292682873,0.1211890243902434,0.75
32.0,0.0,6.28125,28.1396484375,3.1875,26.25,0.0,1.0,42000074,7,mixed/batch/io_intensive,SJF,0.46486090775988287,0.0,0.07759882869692546,0.3162518301610536,0.16983894582723247,0.75
31.0,1.0,5.75,27.1875,3.1875,25.677419354838708,0.0,1.0,42000074,8,mixed/batch/io_intensive,SJF,0.5,0.0,0.15109890109890065,0.3015109890109887,0.31524725274725324,0.7053571428571436
31.0,1.0,5.6875,26.15234375,3.1875,27.967741935483872,0.0,1.0,42000074,9,mixed/batch/io_intensive,SJF,0.11011904761904814,0.0,0.08928571428571538,0.2529761904761901,0.4087301587301583,0.75
29.0,1.0,5.666666666666667,25.08888888888889,3.2,28.275862068965516,0.0,1.0,42000074,10,mixed/batch/io_intensive,SJF,0.468849840255591,0.0,0.0694888178913738,0.31070287539936053,0.3937699680511177,0.75
28.0,1.0,5.517241379310345,22.732461355529132,3.206896551724138,26.285714285714285,0.0,1.0,42000074,11,mixed/batch/io_intensive,SJF,0.3296089385474851,0.0,0.08379888268156364,0.31191806331471034,0.49813780260707624,0.75
25.0,1.0,5.384615384615385,21.08284023668639,3.269230769230769,27.96,0.0,1.0,42000074,12,mixed/batch/io_intensive,SJF,0.15120593692022297,0.0,0.10667903525046346,0.2940630797773648,0.3525046382189238,0.75
24.0,0.0,5.458333333333333,17.08159722222222,3.2083333333333335,22.875,0.0,1.0,42000074,13,mixed/batch/io_intensive,SJF,0.5,0.0,0.16409266409266396,0.32046332046331977,0.3899613899613894,0.7345559845559837
22.0,1.0,5.130434782608695,15.330812854442344,3.130434782608696,23.227272727272727,0.0,1.0,42000074,14,mixed/batch/io_intensive,SJF,0.14382022471910086,0.0,0.16067415730337042,0.3191011235955048,0.41123595505618,0.75
22.0,1.0,4.521739130434782,12.858223062381853,3.130434782608696,20.59090909090909,0.0,1.0,42000074,15,mixed/batch/io_intensive,SJF,0.3725274725274724,0.0,0.1461538461538458,0.3197802197802188,0.32747252747252714,0.75
22.0,1.0,4.173913043478261,14.056710775047259,3.130434782608696,19.545454545454547,0.0,1.0,42000074,16,mixed/batch/io_intensive,SJF,0.15533980582524348,0.0,0.24271844660194133,0.3021844660194169,0.3932038834951457,0.75
19.0,3.0,4.545454545454546,20.702479338842974,3.090909090909091,22.789473684210527,0.0,1.0,42000074,17,mixed/batch/io_intensive,SJF,0.3461538461538464,0.0,0.13721413721413805,0.3160083160083156,0.4137214137214139,0.75
20.0,1.0,5.571428571428571,23.197278911564627,3,17.05,0.0,1.0,42000074,18,mixed/batch/io_intensive,SJF,0.3165760869565214,0.0,0.028532608695650934,0.3029891304347815,0.41983695652173947,0.75
18.0,0.0,6.166666666666667,20.805555555555557,3,17.944444444444443,0.0,1.0,42000074,19,mixed/batch/io_intensive,SJF,0.19714285714285762,0.0,0.10000000000000034,0.3057142857142854,0.3314285714285726,0.75
16.0,0.0,6.9375,32.93359375,3.0625,17,0.0,1.0,42000074,20,mixed/batch/io_intensive,SRTF,0.3313432835820904,0.002985074626865835,0.0,0.3044776119402979,0.5,0.7186567164179102
14.0,0.0,6.5,25.678571428571427,3.2857142857142856,14.571428571428571,0.0,0.0,42000074,21,mixed/batch/io_intensive,SJF,0.20960698689956322,0.0,0.05021834061135208,0.3013100436681209,0.5,0.7434497816593904
12.0,0.0,6.166666666666667,25.13888888888889,3.4166666666666665,11.416666666666666,0.0,1.0,42000074,22,mixed/batch/io_intensive,SRTF,0.39055793991416343,0.057939914163091175,0.0,0.28326180257510597,0.4914163090128751,0.75
10.0,0.0,6.2,19.96,3.1,10.3,0.0,1.0,42000074,23,mixed/batch/io_intensive,SRTF,0.35443037974683633,0.050632911392402044,0.0,0.25949367088607345,0.4968354430379751,0.75
6.0,0.0,7,12.666666666666666,3,8.666666666666666,0.0,0.0,42000074,24,mixed/batch/io_intensive,SRTF,0.2226562499999991,0.015624999999997924,0.0,0.24609374999999598,0.29687499999999983,0.75
5.0,0.0,4.4,9.04,2.6,5.2,0.0,0.0,42000074,25,mixed/batch/io_intensive,SRTF,0.11111111111110225,0.00793650793650073,0.0,0.11111111111110225,0.2936507936507877,0.75
1.0,0.0,2,0,1,0,0.0,0.0,42000074,26,mixed/batch/io_intensive,FCFS,0.0,0.0,0.0,0.0,0.0,0.0
13.0,2.0,3.8666666666666667,13.448888888888888,3.066666666666667,4.384615384615385,15.0,0.2857142857142857,42000075,0,io_intensive/batch/cpu_intensive,SJF,0.3107476635514016,0.17901234567901242,0.2522499134648663,0.23364485981308414,0.253836390908042,0.8611111111111112
22.0,1.0,7.956521739130435,54.12854442344045,3.0434782608695654,11.772727272727273,8.0,0.4666666666666667,42000075,1,io_intensive/batch/cpu_intensive,SJF,0.6189956331877728,0.11462882096069867,0.2683167952840984,0.32503660322108363,0.5450219619326501,0.7725988926326823
28.0,2.0,10.866666666666667,79.64888888888889,3.033333333333333,17.678571428571427,7.0,0.2222222222222222,42000075,2,io_intensive/batch/cpu_intensive,SJF,0.3491770110746013,0.19728915662650598,0.2765683947912867,0.35164141414141437,0.5044191919191923,0.8463855421686746
30.0,0.0,10.4,81.50666666666666,3.033333333333333,21.833333333333332,0.0,1.0,42000075,3,io_intensive/batch/cpu_intensive,SJF,0.75,0.22048611111111113,0.3165307971014489,0.26521739130434774,0.32983091787439556,0.684465579710145
29.0,1.0,9.833333333333334,73.40555555555555,3.033333333333333,25.689655172413794,0.0,1.0,42000075,4,io_intensive/batch/cpu_intensive,SJF,0.5,0.25,0.3502734888873504,0.27092709270927096,0.3508879734127255,0.62460188326525
28.0,2.0,9.5,69.58333333333333,3.033333333333333,26.571428571428573,0.0,1.0,42000075,5,io_intensive/batch/cpu_intensive,SJF,0.3057065217391301,0.0,0.11752717391304351,0.360054347826087,0.2078804347826087,0.75
30.0,0.0,9.266666666666667,63.32888888888889,3.033333333333333,24.6,0.0,1.0,42000075,6,io_intensive/batch/cpu_intensive,SJF,0.4192364170337743,0.0,0.10058737151248151,0.3480176211453745,0.33627019089574156,0.75
29.0,0.0,8.931034482758621,56.34007134363853,3.103448275862069,26,0.0,0.0,42000075,7,io_intensive/batch/cpu_intensive,SJF,0.3874074074074075,0.0,0.1688888888888889,0.3325925925925928,0.18370370370370412,0.75
27.0,1.0,8.607142857142858,61.09566326530612,3.107142857142857,26.11111111111111,0.0,1.0,42000075,8,io_intensive/batch/cpu_intensive,SJF,0.3590116279069761,0.0,0.14316860465116268,0.35319767441860433,0.5,0.746366279069767
28.0,0.0,8,57.642857142857146,3.107142857142857,25.642857142857142,0.0,1.0,42000075,9,io_intensive/batch/cpu_intensive,SJF,0.5,0.0,0.13469827586206864,0.24245689655172414,0.2667025862068965,0.5980603448275861
27.0,1.0,7.571428571428571,50.88775510204081,3.107142857142857,27.037037037037038,0.0,0.0,42000075,10,io_intensive/batch/cpu_intensive,SJF,0.22519685039370077,0.0,0.2023622047244095,0.26141732283464575,0.5,0.6838582677165359
24.0,2.0,8.153846153846153,47.66863905325444,3.076923076923077,24.291666666666668,0.0,1.0,42000075,11,io_intensive/batch/cpu_intensive,SJF,0.5,0.0,0.05274888558692438,0.31352154531946497,0.47102526002971745,0.6935364041604749
26.0,0.0,7.538461538461538,42.40236686390533,3.076923076923077,21.846153846153847,0.0,1.0,42000075,12,io_intensive/batch/cpu_intensive,SJF,0.5,0.0,0.007739938080495446,0.23065015479876178,0.42801857585139336,0.6215170278637772
24.0,1.0,7.72,39.4816,3.04,22.208333333333332,0.0,1.0,42000075,13,io_intensive/batch/cpu_intensive,SJF,0.4510556621881001,0.0,0.014395393474088285,0.3128598848368523,0.49616122840691,0.75
24.0,0.0,7.333333333333333,37.72222222222222,3.125,21.833333333333332,0.0,1.0,42000075,14,io_intensive/batch/cpu_intensive,SRTF,0.5,0.02114164904862533,0.0,0.2896405919661734,0.49154334038055014,0.7119450317124739
20.0,1.0,7.523809523809524,33.96371882086168,3.142857142857143,23.55,0.0,0.0,42000075,15,io_intensive/batch/cpu_intensive,SRTF,0.28552278820375326,0.060321715817694355,0.0,0.3029490616621985,0.5,0.7419571045576403
19.0,1.0,7.1,32.69,3.15,19.63157894736842,0.0,1.0,42000075,16,io_intensive/batch/cpu_intensive,SJF,0.5,0.0,0.0009124087591238809,0.2445255474452558,0.3932481751824823,0.6186131386861317
20.0,0.0,6.15,27.1275,3.15,17.1,0.0,1.0,42000075,17,io_intensive/batch/cpu_intensive,SJF,0.39558823529411813,0.0,0.11911764705882323,0.2897058823529415,0.4250000000000004,0.75
13.0,1.0,7.642857142857143,21.51530612244898,2.7857142857142856,18.384615384615383,0.0,0.0,42000075,18,io_intensive/batch/cpu_intensive,SJF,0.5,0.0,0.11734693877551064,0.2806122448979589,0.34523809523809407,0.6921768707482997
12.0,0.0,7.333333333333333,15.055555555555555,2.8333333333333335,12.5,0.0,1.0,42000075,19,io_intensive/batch/cpu_intensive,SJF,0.5,0.0,0.0968858131487894,0.28546712802768187,0.2975778546712813,0.680795847750866
12.0,0.0,7.083333333333333,22.07638888888889,2.8333333333333335,10.666666666666666,0.0,1.0,42000075,20,io_intensive/batch/cpu_intensive,SJF,0.5,0.0,0.13414634146341448,0.31533101045296197,0.22473867595818764,0.7081881533101057
9.0,1.0,7.9,21.49,3.1,11.777777777777779,0.0,0.0,42000075,21,io_intensive/batch/cpu_intensive,SJF,0.2563636363636362,0.0,0.3036363636363639,0.36181818181818204,0.2727272727272732,0.75
10.0,0.0,8,34.6,3.1,8.3,0.0,1.0,42000075,22,io_intensive/batch/cpu_intensive,SJF,0.23409090909090885,0.0,0.5,0.33863636363636346,0.33863636363636346,0.7386363636363623
8.0,0.0,9.125,23.359375,3.25,8,0.0,1.0,42000075,23,io_intensive/batch/cpu_intensive,SJF,0.3082191780821913,0.0,0.2853881278538821,0.37214611872146086,0.2808219178082203,0.75
7.0,1.0,8.75,32.1875,3.25,7.714285714285714,0.0,0.0,42000075,24,io_intensive/batch/cpu_intensive,SJF,0.09497206703910593,0.0,0.08100558659217691,0.32122905027932946,0.11731843575418856,0.75
8.0,0.0,9.625,59.984375,3.25,6.375,0.0,1.0,42000075,25,io_intensive/batch/cpu_intensive,SRTF,0.11337209302325421,0.017441860465115346,0.0,0.2848837209302322,0.15697674418604507,0.75
7.0,0.0,10.857142857142858,51.83673469387755,3,6,0.0,1.0,42000075,26,io_intensive/batch/cpu_intensive,SRTF,0.46268656716417866,0.011194029850748823,0.0,0.3283582089552246,0.19402985074627052,0.75
7.0,0.0,8,44.57142857142857,3,6,0.0,0.0,42000075,27,io_intensive/batch/cpu_intensive,SRTF,0.17857142857143293,0.013392857142860135,0.0,0.22321428571428734,0.2410714285714291,0.75
4.0,0.0,9,23.5,2.75,3.5,0.0,0.0,42000075,28,io_intensive/batch/cpu_intensive,SJF,0.14166666666666572,0.0,0.0,0.23333333333333428,0.21666666666666856,0.75
3.0,0.0,5.333333333333333,13.555555555555555,2.3333333333333335,2,0.0,0.0,42000075,29,io_intensive/batch/cpu_intensive,FCFS,0.0,0.0,0.0,0.3333333333333333,0.0,0.75
11.0,2.0,4.3076923076923075,24.21301775147929,3.3846153846153846,6.636363636363637,13.0,0.3157894736842105,42000076,0,interactive/cpu_intensive/mixed,SJF,0.17678023803439086,0.04025044722719141,0.11036129568106312,0.19451530612244897,0.75,0.6282104523383593
21.0,0.0,10.047619047619047,109.09297052154194,3.238095238095238,11.714285714285714,8.0,0.38461538461538464,42000076,1,interactive/cpu_intensive/mixed,SJF,0.4276657440358508,0.052935943060498224,0.12540310179693334,0.22839506172839502,0.75,0.6540705592900137
30.0,1.0,9.838709677419354,90.78043704474506,3.3548387096774195,16.2,11.0,0.15384615384615385,42000076,2,interactive/cpu_intensive/mixed,SJF,0.7470588235294118,0.057352941176470586,0.14583160729080366,0.1694542253521127,0.2847711267605634,0.5950911350455675
28.0,1.0,10.241379310344827,84.4589774078478,3.413793103448276,23.571428571428573,0.0,1.0,42000076,3,interactive/cpu_intensive/mixed,SJF,0.5488921395369559,0.09763948497854077,0.185358718089609,0.32612456747404844,0.3243944636678201,0.798283261802575
28.0,1.0,9.620689655172415,83.1319857312723,3.413793103448276,26.535714285714285,0.0,1.0,42000076,4,interactive/cpu_intensive/mixed,SJF,0.5,0.21739130434782608,0.3105087132547087,0.2257085020242915,0.743421052631579,0.5827319133955289
27.0,0.0,9.666666666666666,78.96296296296296,3.3703703703703702,27.25925925925926,0.0,1.0,42000076,5,interactive/cpu_intensive/mixed,SJF,0.18550955414012738,0.0,0.1449044585987261,0.32802547770700635,0.08439490445859872,0.75
26.0,1.0,9.11111111111111,77.65432098765432,3.3703703703703702,25.96153846153846,0.0,1.0,42000076,6,interactive/cpu_intensive/mixed,SJF,0.3276422764227642,0.0,0.13414634146341464,0.35040650406504065,0.16260162601626016,0.75
26.0,1.0,8.74074074074074,69.30315500685872,3.3703703703703702,22.076923076923077,0.0,1.0,42000076,7,interactive/cpu_intensive/mixed,SJF,0.5,0.0,0.07909604519774012,0.2867231638418079,0.14477401129943504,0.6850282485875706
26.0,1.0,8.444444444444445,61.95061728395062,3.3703703703703702,20.653846153846153,0.0,1.0,42000076,8,interactive/cpu_intensive/mixed,SJF,0.4808,0.0,0.0464,0.332,0.2048,0.75
25.0,1.0,8.192307692307692,58.155325443786985,3.3076923076923075,21.6,0.0,1.0,42000076,9,interactive/cpu_intensive/mixed,SJF,0.24504504504504504,0.0,0.07207207207207207,0.3342342342342342,0.12792792792792793,0.75
24.0,2.0,7.653846153846154,54.14940828402367,3.3076923076923075,23.958333333333332,0.0,1.0,42000076,10,interactive/cpu_intensive/mixed,SJF,0.344311377245509,0.0,0.056886227544910184,0.3183632734530938,0.15768463073852296,0.75
25.0,0.0,7.36,50.5504,3.28,22.36,0.0,1.0,42000076,11,interactive/cpu_intensive/mixed,SJF,0.48096026490066224,0.0,0.06456953642384106,0.25579470198675497,0.5,0.646523178807947
22.0,1.0,7.304347826086956,46.646502835538755,3.1739130434782608,23.318181818181817,0.0,1.0,42000076,12,interactive/cpu_intensive/mixed,SJF,0.1544502617801047,0.0,0.03534031413612566,0.2696335078534031,0.4568062827225131,0.75
19.0,0.0,8.210526315789474,40.903047091412745,3.3157894736842106,19,0.0,1.0,42000076,13,interactive/cpu_intensive/mixed,SJF,0.47950819672131145,0.0,0.07377049180327869,0.3155737704918033,0.5,0.7404371584699454
16.0,1.0,8.352941176470589,32.463667820069205,3.3529411764705883,18.875,0.0,1.0,42000076,14,interactive/cpu_intensive/mixed,SJF,0.10984848484848485,0.0,0.07575757575757576,0.2840909090909091,0.3996212121212121,0.75
15.0,0.0,8.2,29.36,3.533333333333333,15.8,0.0,1.0,42000076,15,interactive/cpu_intensive/mixed,SJF,0.0321285140562249,0.0,0.040160642570281124,0.2891566265060241,0.2991967871485944,0.75
13.0,0.0,7.923076923076923,26.532544378698226,3.4615384615384617,16.076923076923077,0.0,0.0,42000076,16,interactive/cpu_intensive/mixed,SJF,0.20224719101123595,0.0,0.11985018726591759,0.3408239700374532,0.3408239700374532,0.75
13.0,0.0,7.615384615384615,22.698224852071007,3.4615384615384617,11.461538461538462,0.0,1.0,42000076,17,interactive/cpu_intensive/mixed,SRTF,0.23868312757201648,0.00205761316872428,0.0,0.32510288065843623,0.40329218106995884,0.75
12.0,0.0,6.833333333333333,19.47222222222222,3.6666666666666665,12.333333333333334,0.0,1.0,42000076,18,interactive/cpu_intensive/mixed,SJF,0.5,0.0,0.0048543689320388345,0.27346278317152106,0.4320388349514563,0.6448220064724919
12.0,0.0,6,15.5,3.6666666666666665,10,0.0,1.0,42000076,19,interactive/cpu_intensive/mixed,SJF,0.5,0.0,0.23236514522821577,0.36721991701244816,0.45228215767634855,0.737551867219917
10.0,0.0,5.8,7.36,3.9,9.2,0.0,1.0,42000076,20,interactive/cpu_intensive/mixed,SJF,0.46008403361344535,0.0,0.1218487394957983,0.31932773109243695,0.42436974789915966,0.75
10.0,0.0,5.5,20.45,3.9,8.7,0.0,1.0,42000076,21,interactive/cpu_intensive/mixed,SJF,0.45662100456621,0.0,0.0776255707762557,0.2922374429223744,0.4794520547945205,0.75
7.0,0.0,8.714285714285714,71.63265306122449,3.7142857142857144,5.857142857142857,0.0,1.0,42000076,22,interactive/cpu_intensive/mixed,SJF,0.24,0.0,0.03333333333333333,0.28,0.4633333333333333,0.75
6.0,0.0,7,77,3.6666666666666665,6,0.0,0.0,42000076,23,interactive/cpu_intensive/mixed,SRTF,0.26,0.1252281021897813,0.025,0.265,0.5,0.7100000000000001
3.0,0.0,15.666666666666666,38.22222222222222,3.3333333333333335,2,0.0,1.0,42000076,24,interactive/cpu_intensive/mixed,FCFS,0.0,0.0,0.0,0.5,0.2,0.6
2.0,0.0,13,4,3,1.5,0.0,0.0,42000076,25,interactive/cpu_intensive/mixed,SJF,0.16666666666666666,0.0,0.0,0.5,0.0,0.29166666666666663
2.0,0.0,3,4,3,1,0.0,0.0,42000076,26,interactive/cpu_intensive/mixed,SJF,0.5,0.0,0.0,0.25,0.0,0.375
13.0,2.0,4.666666666666667,33.68888888888889,3.466666666666667,4.615384615384615,15.0,0.25,42000077,0,io_intensive/batch/interactive,SJF,0.28163017031630166,0.06886792452830182,0.21001239498691615,0.2195863746958634,0.6698113207547169,0.6561378138915666
22.0,2.0,7.666666666666667,47.22222222222222,3.4166666666666665,11.090909090909092,9.0,0.4375,42000077,1,io_intensive/batch/interactive,SJF,0.75,0.0750670241286863,0.10679133858267752,0.34640127926368436,0.75,0.8135383462455931
33.0,1.0,5.676470588235294,30.512975778546714,3.3529411764705883,15.878787878787879,10.0,0.2857142857142857,42000077,2,io_intensive/batch/interactive,SJF,0.3705673758865247,0.09519572953736646,0.15721040189125327,0.3718104035738621,0.7259786476868326,0.8567468430041302
33.0,0.0,5.515151515151516,30.61340679522498,3.303030303030303,24.181818181818183,0.0,1.0,42000077,3,io_intensive/batch/interactive,SJF,0.6843971631205674,0.09929078014184389,0.12507176103795112,0.24968866749688623,0.7425280199252798,0.7584766346060426
32.0,1.0,5.484848484848484,27.643709825528006,3.303030303030303,26.34375,0.0,1.0,42000077,4,io_intensive/batch/interactive,SJF,0.675,0.21250000000000074,0.3268194070080866,0.3092991913746627,0.4555256064690026,0.7274595687331528
32.0,1.0,5.03030303030303,23.059687786960513,3.303030303030303,27.78125,0.0,1.0,42000077,5,io_intensive/batch/interactive,SJF,0.14786324786324734,0.0,0.14786324786324734,0.2931623931623928,0.4846153846153847,0.75
31.0,1.0,5.125,21.796875,3.28125,27.419354838709676,0.0,1.0,42000077,6,io_intensive/batch/interactive,SJF,0.5,0.0,0.07821229050279316,0.24115456238361205,0.4310986964618245,0.7304469273743014
29.0,3.0,4.84375,20.3193359375,3.28125,27.03448275862069,0.0,1.0,42000077,7,io_intensive/batch/interactive,SJF,0.4247027741083227,0.0,0.1287978863936594,0.3375165125495374,0.453104359313078,0.75
31.0,1.0,4.46875,15.1865234375,3.28125,25.258064516129032,0.0,1.0,42000077,8,io_intensive/batch/interactive,SJF,0.35067437379576083,0.0,0.09922928709055909,0.28516377649325597,0.47880539499036673,0.75
32.0,0.0,4.21875,14.2958984375,3.28125,24.40625,0.0,1.0,42000077,9,io_intensive/batch/interactive,SJF,0.12386363636363706,0.0,0.03181818181818144,0.22727272727272707,0.054545454545454584,0.75
26.0,3.0,4.379310344827586,12.235434007134364,3.310344827586207,28.692307692307693,0.0,1.0,42000077,10,io_intensive/batch/interactive,SJF,0.5,0.0,0.09726224783861681,0.3328530259365988,0.4221902017291064,0.7233429394812677
26.0,3.0,3.9310344827586206,10.409036860879905,3.310344827586207,27.807692307692307,0.0,1.0,42000077,11,io_intensive/batch/interactive,SJF,0.3587719298245619,0.0,0.047368421052631934,0.3043859649122804,0.43684210526315764,0.75
27.0,0.0,3.8518518518518516,9.385459533607682,3.2222222222222223,24.48148148148148,0.0,1.0,42000077,12,io_intensive/batch/interactive,SJF,0.36641221374045774,0.0,0.0734732824427477,0.2977099236641215,0.3950381679389308,0.75
27.0,0.0,3.3703703703703702,6.973936899862826,3.2222222222222223,23.444444444444443,0.0,1.0,42000077,13,io_intensive/batch/interactive,SJF,0.26325757575757597,0.0,0.12499999999999972,0.298295454545454,0.4138257575757573,0.75
22.0,4.0,4.384615384615385,15.775147928994082,3.230769230769231,22.636363636363637,0.0,1.0,42000077,14,io_intensive/batch/interactive,SJF,0.4183445190156606,0.0,0.10402684563758369,0.3076062639821025,0.36577181208053683,0.75
24.0,0.0,4.083333333333333,14.82638888888889,3.375,20.25,0.0,1.0,42000077,15,io_intensive/batch/interactive,SJF,0.4875346260387818,0.0,0.10664819944598375,0.26038781163434865,0.3185595567867039,0.75
20.0,1.0,4.428571428571429,15.673469387755102,3.380952380952381,20.95,0.0,1.0,42000077,16,io_intensive/batch/interactive,SJF,0.29841269841269813,0.0,0.08412698412698412,0.2698412698412692,0.29365079365079283,0.75
20.0,0.0,3.9,16.49,3.35,20,0.0,1.0,42000077,17,io_intensive/batch/interactive,SJF,0.45186335403726763,0.0,0.13354037267080734,0.25621118012422306,0.3618012422360244,0.75
15.0,1.0,4.875,17.359375,3,21.6,0.0,1.0,42000077,18,io_intensive/batch/interactive,SJF,0.24804687500000064,0.0,0.0585937499999995,0.2910156249999993,0.31445312500000056,0.75
12.0,1.0,5.846153846153846,29.668639053254438,2.769230769230769,16.166666666666668,0.0,1.0,42000077,19,io_intensive/batch/interactive,SJF,0.40707964601769997,0.0,0.1172566371681416,0.305309734513274,0.25663716814159415,0.75
10.0,0.0,5.7,29.61,3.1,12.3,0.0,1.0,42000077,20,io_intensive/batch/interactive,SJF,0.20689655172413832,0.0,0.03448275862069157,0.2873563218390798,0.313218390804599,0.75
6.0,0.0,12.166666666666666,20.47222222222222,3,6.333333333333333,0.0,1.0,42000077,21,io_intensive/batch/interactive,SJF,0.033333333333334575,0.0,0.0,0.3037037037037029,0.1481481481481497,0.75
6.0,0.0,8.833333333333334,21.805555555555557,3,5,0.0,0.0,42000077,22,io_intensive/batch/interactive,SJF,0.21844660194174537,0.0,0.0,0.3009708737864054,0.2330097087378636,0.75
5.0,0.0,6.6,14.64,3,4,0.0,0.0,42000077,23,io_intensive/batch/interactive,SJF,0.1571428571428603,0.0,0.0,0.24285714285714244,0.3071428571428617,0.75
3.0,0.0,4.666666666666667,8.222222222222221,2,2.6666666666666665,0.0,0.0,42000077,24,io_intensive/batch/interactive,SJF,0.5,0.0,0.0,0.3571428571428453,0.1428571428571547,0.75
13.0,1.0,4.5,49.67857142857143,2.7857142857142856,5.384615384615385,14.0,0.2631578947368421,42000078,0,interactive/cpu_intensive/io_intensive,SJF,0.6308630393996248,0.04073033707865169,0.09133429601366022,0.24577861163227016,0.601123595505618,0.7915841010181925
21.0,1.0,8.318181818181818,72.4896694214876,2.6363636363636362,9.523809523809524,9.0,0.47058823529411764,42000078,1,interactive/cpu_intensive/io_intensive,SRTF,0.75,0.16666666666666666,0.11805555555555555,0.3053599374021909,0.75,0.7280255607720396
29.0,1.0,6.3,51.47666666666667,2.8666666666666667,16.620689655172413,9.0,0.25,42000078,2,interactive/cpu_intensive/io_intensive,SRTF,0.37081612305939327,0.12867647058823528,0.11465603190428714,0.21111665004985045,0.75,0.6069292123629112
27.0,2.0,6.137931034482759,50.67063020214031,2.8620689655172415,23.77777777777778,0.0,1.0,42000078,3,interactive/cpu_intensive/io_intensive,SRTF,0.75,0.22428571428571428,0.1285166240409207,0.24303617099013516,0.75,0.7167482645232006
26.0,3.0,6.206896551724138,44.02615933412604,2.8620689655172415,24.23076923076923,0.0,1.0,42000078,4,interactive/cpu_intensive/io_intensive,SRTF,0.7023809523809523,0.25,0.03125,0.14285714285714285,0.5245535714285715,0.5236235119047619
27.0,0.0,6.222222222222222,38.17283950617284,2.814814814814815,21.555555555555557,0.0,1.0,42000078,5,interactive/cpu_intensive/io_intensive,SJF,0.4304,0.0,0.1192,0.2136,0.5,0.6115999999999999
25.0,1.0,6.346153846153846,35.764792899408285,2.769230769230769,23.28,0.0,1.0,42000078,6,interactive/cpu_intensive/io_intensive,SJF,0.4252136752136752,0.0,0.09615384615384616,0.25925925925925924,0.5,0.6324786324786325
26.0,0.0,5.730769230769231,32.88905325443787,2.769230769230769,23.115384615384617,0.0,1.0,42000078,7,interactive/cpu_intensive/io_intensive,SJF,0.2602739726027397,0.0,0.1273972602739726,0.19315068493150686,0.5,0.5821917808219178
24.0,0.0,5.625,31.401041666666668,2.8333333333333335,23.291666666666668,0.0,1.0,42000078,8,interactive/cpu_intensive/io_intensive,SJF,0.39448669201520914,0.0,0.1150190114068441,0.3193916349809886,0.34125475285171103,0.75
22.0,2.0,5.208333333333333,27.414930555555557,2.8333333333333335,22,0.0,1.0,42000078,9,interactive/cpu_intensive/io_intensive,SJF,0.143317230273752,0.0,0.09822866344605476,0.23349436392914658,0.5,0.6364734299516908
21.0,1.0,5.090909090909091,24.446280991735538,2.8181818181818183,19.666666666666668,0.0,1.0,42000078,10,interactive/cpu_intensive/io_intensive,SJF,0.3836734693877551,0.0,0.16122448979591836,0.3295918367346939,0.35816326530612247,0.75
20.0,2.0,4.818181818181818,20.421487603305785,2.8181818181818183,17.5,0.0,1.0,42000078,11,interactive/cpu_intensive/io_intensive,SJF,0.2388392857142857,0.0,0.171875,0.29464285714285715,0.5,0.7120535714285714
18.0,2.0,4.85,16.4275,2.75,16.833333333333332,0.0,1.0,42000078,12,interactive/cpu_intensive/io_intensive,SJF,0.41705607476635514,0.0,0.10981308411214953,0.2336448598130841,0.5,0.647196261682243
16.0,3.0,4.7368421052631575,12.720221606648199,2.8421052631578947,15.875,0.0,1.0,42000078,13,interactive/cpu_intensive/io_intensive,SJF,0.236,0.0,0.044,0.2906666666666667,0.5,0.7073333333333333
17.0,1.0,5.888888888888889,39.76543209876543,2.7777777777777777,15.058823529411764,0.0,1.0,42000078,14,interactive/cpu_intensive/io_intensive,SRTF,0.3338509316770186,0.003105590062111801,0.0,0.29037267080745344,0.5,0.7313664596273292
16.0,0.0,5.375,39.109375,2.6875,17.625,0.0,1.0,42000078,15,interactive/cpu_intensive/io_intensive,SRTF,0.37679083094555876,0.0014326647564469914,0.0,0.21346704871060174,0.5,0.6167621776504297
12.0,2.0,5.285714285714286,42.48979591836735,2.857142857142857,16.333333333333332,0.0,1.0,42000078,16,interactive/cpu_intensive/io_intensive,SJF,0.4504310344827586,0.0,0.1400862068965517,0.30603448275862066,0.47844827586206895,0.75
12.0,1.0,4.6923076923076925,38.828402366863905,2.8461538461538463,10.583333333333334,0.0,1.0,42000078,17,interactive/cpu_intensive/io_intensive,SJF,0.4099526066350711,0.0,0.2014218009478673,0.3033175355450237,0.476303317535545,0.75
10.0,0.0,6.1,52.49,2.8,8.4,0.0,1.0,42000078,18,interactive/cpu_intensive/io_intensive,SJF,0.29439252336448596,0.0,0.20327102803738317,0.3294392523364486,0.3691588785046729,0.75
7.0,0.0,15.428571428571429,82.24489795918367,2.4285714285714284,9,0.0,1.0,42000078,19,interactive/cpu_intensive/io_intensive,SJF,0.11157024793388431,0.0,0.0,0.30578512396694213,0.19421487603305784,0.75
6.0,0.0,14.833333333333334,56.80555555555556,2.3333333333333335,5,0.0,0.0,42000078,20,interactive/cpu_intensive/io_intensive,SJF,0.10227272727272728,0.0,0.0,0.3181818181818182,0.09090909090909091,0.75
5.0,0.0,13.6,22.24,2.2,4,0.0,0.0,42000078,21,interactive/cpu_intensive/io_intensive,FCFS,0.0,0.0,0.0,0.31896551724137934,0.07758620689655173,0.75
5.0,0.0,9.6,22.24,2.2,4,0.0,0.0,42000078,22,interactive/cpu_intensive/io_intensive,SJF,0.07446808510638298,0.0,0.0,0.2765957446808511,0.10106382978723404,0.75
4.0,0.0,7,18,1.5,3,0.0,0.0,42000078,23,interactive/cpu_intensive/io_intensive,SJF,0.07894736842105263,0.0,0.0,0.2631578947368421,0.0,0.75
2.0,0.0,4,1,2,1,0.0,0.0,42000078,24,interactive/cpu_intensive/io_intensive,SJF,0.2,0.0,0.0,0.4,0.2,0.75
15.0,0.0,11.866666666666667,42.91555555555556,3.066666666666667,6.6,15.0,0.21052631578947367,42000079,0,mixed/batch/cpu_intensive,SRTF,0.3874367622259698,0.08021490504569627,0.0708446866485014,0.29510961214165243,0.1695185888039841,0.8099455040871935
23.0,0.0,11.478260869565217,33.81474480151229,3.217391304347826,13.73913043478261,8.0,0.0,42000079,1,mixed/batch/cpu_intensive,SRTF,0.2888291517323769,0.22887323943661972,0.2256625776162344,0.3649940262843487,0.40436922610934434,0.8190140845070422
29.0,1.0,12.766666666666667,50.312222222222225,3.2,19.689655172413794,7.0,0.0,42000079,2,mixed/batch/cpu_intensive,SJF,0.2987720175584825,0.24458874458874444,0.2530636419201186,0.3623103850641776,0.29084014002333786,0.8257575757575757
29.0,1.0,12.4,45.50666666666667,3.2,23.96551724137931,0.0,1.0,42000079,3,mixed/batch/cpu_intensive,SRTF,0.5099206349206352,0.22616545116545134,0.2067567567567569,0.36111111111111116,0.3346954096954104,0.8081081081081081
30.0,0.0,11.833333333333334,38.80555555555556,3.2,26.4,0.0,1.0,42000079,4,mixed/batch/cpu_intensive,SJF,0.4323680351906152,0.25,0.2547653958944278,0.34604105571847493,0.2536656891495599,0.778409090909091
29.0,1.0,11.166666666666666,39.73888888888889,3.2,27.896551724137932,0.0,0.0,42000079,5,mixed/batch/cpu_intensive,Priority,0.2484615384615392,0.03384615384615452,0.02769230769230793,0.3392307692307692,0.0,0.75
29.0,0.0,10.862068965517242,39.705112960761,3.2758620689655173,28.82758620689655,0.0,1.0,42000079,6,mixed/batch/cpu_intensive,SJF,0.22974860335195468,0.0,0.1249999999999994,0.3596368715083795,0.07821229050279359,0.75
29.0,0.0,10.310344827586206,32.76575505350773,3.2758620689655173,28.379310344827587,0.0,1.0,42000079,7,mixed/batch/cpu_intensive,SJF,0.02508090614886793,0.0,0.08737864077669949,0.33576051779935245,0.04530744336569593,0.75
29.0,0.0,9.620689655172415,35.063020214030914,3.2758620689655173,28.103448275862068,0.0,0.0,42000079,8,mixed/batch/cpu_intensive,SJF,0.28835227272727243,0.0,0.19531249999999942,0.35937499999999983,0.12499999999999958,0.75
27.0,0.0,9.666666666666666,31.11111111111111,3.3333333333333335,27.62962962962963,0.0,1.0,42000079,9,mixed/batch/cpu_intensive,SJF,0.5,0.0,0.06646341463414625,0.26036585365853643,0.0628048780487806,0.6256097560975606
27.0,0.0,8.925925925925926,27.401920438957475,3.3333333333333335,26.925925925925927,0.0,0.0,42000079,10,mixed/batch/cpu_intensive,SJF,0.49697428139183075,0.0,0.0680786686838125,0.357034795763994,0.03630862329803256,0.75
26.0,1.0,8.25925925925926,31.006858710562415,3.3333333333333335,27.23076923076923,0.0,0.0,42000079,11,mixed/batch/cpu_intensive,SJF,0.28976486860304274,0.0,0.10442600276625125,0.3706777316735823,0.27593360995850613,0.75
27.0,0.0,7.555555555555555,28.395061728395063,3.3333333333333335,25.62962962962963,0.0,1.0,42000079,12,mixed/batch/cpu_intensive,SJF,0.23794212218649502,0.0,0.040996784565916204,0.3480707395498392,0.0924437299035367,0.75
27.0,0.0,7.888888888888889,27.80246913580247,3.3333333333333335,24.51851851851852,0.0,1.0,42000079,13,mixed/batch/cpu_intensive,SJF,0.2763371150729338,0.0,0.128038897893031,0.34683954619124824,0.12641815235008133,0.75
26.0,0.0,7.423076923076923,30.859467455621303,3.269230769230769,26,0.0,0.0,42000079,14,mixed/batch/cpu_intensive,SJF,0.3954703832752613,0.0,0.06620209059233433,0.34233449477351896,0.22735191637630642,0.75
25.0,0.0,6.88,27.3056,3.32,25.56,0.0,0.0,42000079,15,mixed/batch/cpu_intensive,SJF,0.11904761904762007,0.0,0.11490683229813684,0.31884057971014473,0.12111801242236114,0.75
24.0,0.0,6.333333333333333,28.13888888888889,3.2916666666666665,25.75,0.0,0.0,42000079,16,mixed/batch/cpu_intensive,SJF,0.32558139534883707,0.0,0.17019027484143695,0.3287526427061305,0.23784355179704036,0.75
22.0,0.0,6.045454545454546,30.58884297520661,3.3636363636363638,24.5,0.0,0.0,42000079,17,mixed/batch/cpu_intensive,SJF,0.5,0.0,0.07443609022556366,0.21578947368421048,0.10075187969924831,0.5778195488721806
21.0,0.0,5.333333333333333,26.03174603174603,3.2857142857142856,21.61904761904762,0.0,0.0,42000079,18,mixed/batch/cpu_intensive,SJF,0.2976190476190488,0.0,0.15476190476190474,0.29166666666666663,0.19642857142857062,0.75
18.0,0.0,6.722222222222222,35.64506172839506,3.388888888888889,19.77777777777778,0.0,1.0,42000079,19,mixed/batch/cpu_intensive,SJF,0.5,0.0,0.2858508604206509,0.3126195028680687,0.25239005736137693,0.6974187380497138
14.0,2.0,8.5,40,3.5,18.071428571428573,0.0,0.0,42000079,20,mixed/batch/cpu_intensive,SJF,0.1987951807228906,0.0,0.3659638554216864,0.3433734939759032,0.16867469879518146,0.75
13.0,1.0,8.857142857142858,34.40816326530612,3.357142857142857,14.538461538461538,0.0,1.0,42000079,21,mixed/batch/cpu_intensive,SJF,0.06973684210526335,0.0,0.2157894736842114,0.36842105263157854,0.2052631578947361,0.75
14.0,0.0,9.642857142857142,31.801020408163264,3.357142857142857,11.928571428571429,0.0,1.0,42000079,22,mixed/batch/cpu_intensive,SJF,0.4575471698113192,0.0,0.03144654088050397,0.345911949685534,0.05031446540880474,0.75
13.0,0.0,10.153846153846153,24.284023668639055,3.5384615384615383,12.846153846153847,0.0,1.0,42000079,23,mixed/batch/cpu_intensive,SJF,0.28260869565217334,0.0,0.023291925465838477,0.36801242236024795,0.037267080745342095,0.75
12.0,0.0,10.583333333333334,15.57638888888889,3.5,11.25,0.0,1.0,42000079,24,mixed/batch/cpu_intensive,SRTF,0.18944099378882143,0.07919254658385205,0.0,0.3726708074534164,0.21118012422360283,0.75
12.0,0.0,8.916666666666666,13.743055555555555,3.5,11,0.0,0.0,42000079,25,mixed/batch/cpu_intensive,SRTF,0.08301886792452998,0.0037735849056601614,0.0,0.33018867924528306,0.1716981132075486,0.75
12.0,0.0,7.25,14.6875,3.5,11,0.0,0.0,42000079,26,mixed/batch/cpu_intensive,SRTF,0.16736401673640222,0.008368200836819576,0.0,0.29916317991631736,0.12761506276150744,0.75
12.0,0.0,5.583333333333333,12.743055555555555,3.5,11,0.0,0.0,42000079,27,mixed/batch/cpu_intensive,SJF,0.13905325443786967,0.0,0.08875739644970426,0.26331360946745563,0.08579881656804712,0.75
10.0,0.0,4.8,8.76,3.5,10.3,0.0,0.0,42000079,28,mixed/batch/cpu_intensive,SJF,0.20588235294117394,0.0,0.05462184873949586,0.23949579831932588,0.17647058823529277,0.75
5.0,1.0,9.5,86.58333333333333,3.8333333333333335,8.4,0.0,0.0,42000079,29,mixed/batch/cpu_intensive,SRTF,0.005882352941181144,0.005882352941181144,0.0,0.24705882352941144,0.5,0.75
5.0,0.0,7.4,106.24,3.6,4,0.0,1.0,42000079,30,mixed/batch/cpu_intensive,SRTF,0.5,0.013761467889911415,0.0,0.07339449541284315,0.37155963302752215,0.4655963302752293
1.0,0.0,18,0,3,0,0.0,0.0,42000079,31,mixed/batch/cpu_intensive,FCFS,0.0,0.0,0.0,0.0,0.0,0.0
10.0,0.0,18.9,37.29,3.2,5.5,10.0,0.0,42000080,0,cpu_intensive/batch/io_intensive,SJF,0.43444111204222324,0.14398734177215186,0.22879636572134254,0.40708478513356594,0.48751451800232287,0.7824367088607596
19.0,0.0,14.789473684210526,36.06094182825485,3.3157894736842106,12.263157894736842,9.0,0.0,42000080,1,cpu_intensive/batch/io_intensive,SJF,0.4761437418839277,0.1165492957746479,0.18723404255319098,0.4158925182299472,0.4159574468085102,0.8443661971830986
30.0,0.0,9.6,52.10666666666667,3.2333333333333334,16.366666666666667,11.0,0.0,42000080,2,cpu_intensive/batch/io_intensive,SJF,0.48944687045123714,0.14469914040114615,0.3114992721979618,0.4338377898174448,0.271220955693747,0.8968481375358166
28.0,2.0,9.066666666666666,47.26222222222222,3.2333333333333334,24.607142857142858,0.0,0.0,42000080,3,cpu_intensive/batch/io_intensive,SJF,0.16474263207931564,0.09684684684684683,0.25367830141699477,0.3123953098827475,0.3714405360134,0.804054054054054
29.0,1.0,8.666666666666666,49.28888888888889,3.2333333333333334,26.103448275862068,0.0,1.0,42000080,4,cpu_intensive/batch/io_intensive,SJF,0.19430091185410342,0.07499999999999973,0.3596757852077006,0.34118541033434713,0.4574468085106388,0.7624999999999997
30.0,0.0,8,44.666666666666664,3.2333333333333334,26.4,0.0,1.0,42000080,5,cpu_intensive/batch/io_intensive,SJF,0.4713322091062391,0.0,0.27403035413153454,0.32293423271500854,0.049747048903878474,0.75
27.0,3.0,7.566666666666666,40.97888888888889,3.2333333333333334,28.59259259259259,0.0,0.0,42000080,6,cpu_intensive/batch/io_intensive,SJF,0.3886462882096065,0.0,0.22197962154294,0.32532751091703055,0.20960698689956309,0.75
28.0,2.0,7.466666666666667,35.98222222222222,3.2333333333333334,24.928571428571427,0.0,1.0,42000080,7,cpu_intensive/batch/io_intensive,SJF,0.1524105754276828,0.0,0.14696734059098002,0.33514774494556776,0.25894245723172626,0.75
30.0,0.0,6.8,31.893333333333334,3.2333333333333334,24.7,0.0,1.0,42000080,8,cpu_intensive/batch/io_intensive,SJF,0.19184027777777785,0.0,0.18836805555555494,0.2916666666666668,0.14756944444444395,0.75
29.0,0.0,6.655172413793103,31.26040428061831,3.2758620689655173,25.79310344827586,0.0,1.0,42000080,9,cpu_intensive/batch/io_intensive,SJF,0.2929292929292933,0.0,0.17255892255892286,0.3291245791245796,0.2659932659932665,0.75
28.0,1.0,6.310344827586207,29.38644470868014,3.2758620689655173,26.571428571428573,0.0,1.0,42000080,10,cpu_intensive/batch/io_intensive,SJF,0.46238244514106586,0.0,0.1637931034482764,0.3416927899686524,0.2923197492163008,0.75
29.0,0.0,5.9655172413793105,25.205707491082045,3.2758620689655173,25.689655172413794,0.0,1.0,42000080,11,cpu_intensive/batch/io_intensive,SJF,0.34090909090909105,0.0,0.21177685950413278,0.3016528925619841,0.03719008264462777,0.75
24.0,3.0,6.074074074074074,25.179698216735254,3.3333333333333335,28.708333333333332,0.0,1.0,42000080,12,cpu_intensive/batch/io_intensive,SJF,0.0912220309810669,0.0,0.18416523235800317,0.3166953528399312,0.11790017211703945,0.75
27.0,0.0,5.777777777777778,19.28395061728395,3.3333333333333335,22.444444444444443,0.0,1.0,42000080,13,cpu_intensive/batch/io_intensive,SJF,0.4201954397394139,0.0,0.17589576547231264,0.34364820846905575,0.07899022801302924,0.75
25.0,2.0,6,21.703703703703702,3.3333333333333335,24.12,0.0,1.0,42000080,14,cpu_intensive/batch/io_intensive,SJF,0.2346311475409836,0.0,0.1936475409836064,0.30942622950819687,0.1434426229508197,0.75
25.0,1.0,5.5,23.173076923076923,3.423076923076923,24.56,0.0,1.0,42000080,15,cpu_intensive/batch/io_intensive,SJF,0.3217391304347825,0.0,0.1456521739130428,0.30978260869565255,0.20978260869565252,0.75
24.0,0.0,5.166666666666667,18.97222222222222,3.4166666666666665,23.375,0.0,1.0,42000080,16,cpu_intensive/batch/io_intensive,SJF,0.19143576826196487,0.0,0.13602015113350102,0.2556675062972299,0.06926952141057958,0.75
19.0,5.0,5.833333333333333,25.97222222222222,3.4166666666666665,24.842105263157894,0.0,1.0,42000080,17,cpu_intensive/batch/io_intensive,SJF,0.31104651162790686,0.0,0.15988372093023268,0.34593023255813976,0.25193798449612376,0.75
21.0,0.0,5.857142857142857,22.789115646258505,3.7142857142857144,20.19047619047619,0.0,1.0,42000080,18,cpu_intensive/batch/io_intensive,SJF,0.46097560975609775,0.0,0.06707317073170778,0.2987804878048783,0.12560975609756095,0.75
19.0,1.0,6.2,28.46,3.65,19.94736842105263,0.0,1.0,42000080,19,cpu_intensive/batch/io_intensive,SJF,0.22948717948717934,0.0,0.008974358974358245,0.32051282051282065,0.18205128205128132,0.75
20.0,0.0,5.2,29.06,3.65,18.25,0.0,1.0,42000080,20,cpu_intensive/batch/io_intensive,SJF,0.5,0.0,0.005449591280654564,0.23024523160762975,0.08991825613079055,0.669618528610354
16.0,2.0,4.888888888888889,25.65432098765432,3.611111111111111,19.375,0.0,0.0,42000080,21,cpu_intensive/batch/io_intensive,SJF,0.22131147540983767,0.0,0.09631147540983592,0.2520491803278705,0.10655737704918136,0.75
13.0,0.0,5.769230769230769,26.94674556213018,3.6923076923076925,15.76923076923077,0.0,1.0,42000080,22,cpu_intensive/batch/io_intensive,SJF,0.35742971887550135,0.0,0.1847389558232932,0.30522088353413673,0.12048192771084354,0.75
10.0,0.0,7.4,18.44,3.7,10,0.0,1.0,42000080,23,cpu_intensive/batch/io_intensive,SJF,0.39823008849557684,0.0,0.16814159292035263,0.3694690265486738,0.16150442477876045,0.75
8.0,1.0,6.222222222222222,14.17283950617284,3.6666666666666665,9.5,0.0,0.0,42000080,24,cpu_intensive/batch/io_intensive,SRTF,0.31203007518796794,0.007518796992480769,0.0,0.36466165413533974,0.06015037593985,0.75
9.0,0.0,5.888888888888889,21.65432098765432,3.6666666666666665,7,0.0,1.0,42000080,25,cpu_intensive/batch/io_intensive,SRTF,0.27906976744185974,0.058139534883720784,0.0,0.3062015503875979,0.20155038759690044,0.75
5.0,0.0,6.6,15.84,4,6.8,0.0,0.0,42000080,26,cpu_intensive/batch/io_intensive,SRTF,0.1982758620689612,0.02586206896551719,0.0,0.25862068965517193,0.09482758620689244,0.75
3.0,0.0,4,8,4,2.6666666666666665,0.0,0.0,42000080,27,cpu_intensive/batch/io_intensive,FCFS,0.0,0.0,0.0,0.0,0.0,0.75
12.0,0.0,9.833333333333334,21.63888888888889,3.6666666666666665,7.416666666666667,12.0,0.0,42000081,0,batch/mixed/interactive,SJF,0.25,0.08855202944687594,0.2827298050139274,0.4338409023079981,0.5855053720652605,0.8800223214285714
23.0,0.0,7.173913043478261,37.882797731569,3.217391304347826,11.391304347826088,11.0,0.0,42000081,1,batch/mixed/interactive,SJF,0.31105006105006094,0.07099697885196378,0.1355311355311356,0.4073067332130774,0.45493131407028714,0.850453172205438
33.0,1.0,5.117647058823529,27.750865051903116,3.1470588235294117,17.424242424242426,11.0,0.0,42000081,2,batch/mixed/interactive,SJF,0.6026553426874444,0.05259365994236305,0.15765247410817035,0.37733507327313165,0.546317606444189,0.845100864553314
33.0,1.0,4.529411764705882,25.77854671280277,3.1470588235294117,25.363636363636363,0.0,1.0,42000081,3,batch/mixed/interactive,SJF,0.3810081148564297,0.15540540540540532,0.3261063029321459,0.32896379525593006,0.48470661672908866,0.8851351351351351
33.0,1.0,4.5588235294117645,25.128892733564015,3.1470588235294117,29.303030303030305,0.0,1.0,42000081,4,batch/mixed/interactive,SJF,0.7435897435897432,0.18269230769230782,0.2826807197185175,0.24650780608052572,0.47062448644207056,0.6775382929861153
33.0,1.0,4.323529411764706,22.042387543252595,3.1470588235294117,28.484848484848484,0.0,1.0,42000081,5,batch/mixed/interactive,SJF,0.3155583437892092,0.0,0.24780426599749003,0.3444165621079043,0.32245922208281,0.75
31.0,1.0,4.875,19.984375,3.25,27.29032258064516,0.0,1.0,42000081,6,batch/mixed/interactive,SJF,0.20052083333333331,0.0,0.1992187499999999,0.32877604166666646,0.2819010416666668,0.75
32.0,0.0,4.65625,17.0380859375,3.25,25.40625,0.0,1.0,42000081,7,batch/mixed/interactive,SJF,0.13910355486862488,0.0,0.15687789799072627,0.30061823802163834,0.2774343122102011,0.75
32.0,0.0,4.3125,16.08984375,3.25,24.75,0.0,1.0,42000081,8,batch/mixed/interactive,SJF,0.2625954198473286,0.0,0.17862595419847324,0.3290076335877862,0.2450381679389314,0.75
31.0,0.0,4.064516129032258,14.640998959417274,3.225806451612903,28.225806451612904,0.0,1.0,42000081,9,batch/mixed/interactive,SJF,0.5,0.0,0.15333333333333354,0.22833333333333306,0.18166666666666687,0.659166666666667
30.0,1.0,3.967741935483871,12.611862643080125,3.225806451612903,29.166666666666668,0.0,1.0,42000081,10,batch/mixed/interactive,SJF,0.2238010657193602,0.0,0.18383658969804612,0.2868561278863232,0.33925399644760246,0.75
28.0,1.0,4.724137931034483,16.1307966706302,3.1724137931034484,26.714285714285715,0.0,1.0,42000081,11,batch/mixed/interactive,SJF,0.33899676375404486,0.0,0.22815533980582464,0.33899676375404486,0.2936893203883496,0.75
27.0,0.0,4.666666666666667,15.62962962962963,3.185185185185185,25.185185185185187,0.0,1.0,42000081,12,batch/mixed/interactive,SJF,0.5,0.0,0.19389763779527544,0.29429133858267703,0.21062992125984237,0.7263779527559061
25.0,1.0,4.269230769230769,15.427514792899409,3.269230769230769,25.92,0.0,1.0,42000081,13,batch/mixed/interactive,SJF,0.2835820895522398,0.0,0.049751243781094995,0.29228855721393066,0.22388059701492627,0.75
24.0,0.0,3.8333333333333335,13.222222222222221,3.25,25.208333333333332,0.0,1.0,42000081,14,batch/mixed/interactive,SJF,0.20320197044335006,0.0,0.07266009852216786,0.27586206896551696,0.5,0.7376847290640387
22.0,1.0,3.5652173913043477,12.680529300567107,3.1739130434782608,22.454545454545453,0.0,1.0,42000081,15,batch/mixed/interactive,SJF,0.28903654485049807,0.0,0.05481727574750969,0.25581395348837194,0.2657807308970104,0.75
18.0,1.0,3.526315789473684,11.722991689750693,3.3157894736842106,21.444444444444443,0.0,1.0,42000081,16,batch/mixed/interactive,SJF,0.185770750988143,0.0,0.0750988142292495,0.22332015810276623,0.4723320158102766,0.75
14.0,0.0,4.357142857142857,15.658163265306122,3.2142857142857144,16.571428571428573,0.0,1.0,42000081,17,batch/mixed/interactive,SJF,0.26351351351351293,0.0,0.022522522522523777,0.25675675675675624,0.25450450450450346,0.75
10.0,2.0,4.083333333333333,10.57638888888889,3.1666666666666665,12.1,0.0,1.0,42000081,18,batch/mixed/interactive,SJF,0.1612903225806463,0.0,0.018817204301076765,0.23118279569892428,0.3709677419354824,0.75
9.0,0.0,4,6.222222222222222,2.6666666666666665,8.222222222222221,0.0,1.0,42000081,19,batch/mixed/interactive,SJF,0.13120567375886508,0.0,0.08510638297872408,0.16666666666666574,0.5,0.5975177304964528
5.0,0.0,3.4,1.84,3,5.6,0.0,1.0,42000081,20,batch/mixed/interactive,FCFS,0.019607843137256015,0.036179113727920986,0.04901960784313815,0.10784313725489862,0.5,0.6519607843137275
1.0,0.0,20,0,2,1,0.0,1.0,42000081,21,batch/mixed/interactive,FCFS,0.0,0.0,0.0,0.0,0.0,0.75
14.0,0.0,10.357142857142858,66.08673469387755,2.4285714285714284,5.928571428571429,14.0,0.06666666666666667,42000082,0,mixed/cpu_intensive/io_intensive,SJF,0.4769021739130435,0.07475649350649351,0.15230272444946358,0.360054347826087,0.18116883116883117,0.8038961038961039
23.0,0.0,11.217391304347826,75.3875236294896,2.6956521739130435,10.782608695652174,10.0,0.16666666666666666,42000082,1,mixed/cpu_intensive/io_intensive,SJF,0.75,0.044623655913978495,0.07931638913234006,0.2804260552429957,0.75,0.6720491362980973
31.0,0.0,8.32258064516129,61.63787721123829,2.6129032258064515,17.322580645161292,8.0,0.1111111111111111,42000082,2,mixed/cpu_intensive/io_intensive,SJF,0.5298800547781328,0.03217821782178218,0.11844197138314785,0.3898180358576398,0.6633545310015898,0.8712871287128713
30.0,0.0,8.1,61.09,2.533333333333333,24.1,0.0,1.0,42000082,3,mixed/cpu_intensive/io_intensive,SJF,0.6566265060240963,0.04978813559322034,0.12179650806616296,0.21636546184738953,0.7394067796610169,0.6519127356885167
28.0,2.0,7.766666666666667,57.778888888888886,2.533333333333333,25.071428571428573,0.0,1.0,42000082,4,mixed/cpu_intensive/io_intensive,SJF,0.4971719457013575,0.25,0.4074365532166044,0.34558823529411764,0.7282608695652173,0.7178831398780248
30.0,0.0,7.2,52.22666666666667,2.533333333333333,23.666666666666668,0.0,1.0,42000082,5,mixed/cpu_intensive/io_intensive,SJF,0.5,0.0,0.16198419666374012,0.2151009657594381,0.5,0.5581650570676031
27.0,3.0,7.166666666666667,45.93888888888889,2.533333333333333,26.37037037037037,0.0,1.0,42000082,6,mixed/cpu_intensive/io_intensive,SJF,0.2839313572542902,0.0,0.15366614664586584,0.3088923556942278,0.5,0.7195787831513261
29.0,1.0,6.8,43.626666666666665,2.533333333333333,24.06896551724138,0.0,1.0,42000082,7,mixed/cpu_intensive/io_intensive,SJF,0.33687405159332323,0.0,0.1244309559939302,0.3588770864946889,0.32473444613050073,0.75
29.0,1.0,6.3,38.54333333333334,2.533333333333333,24.06896551724138,0.0,1.0,42000082,8,mixed/cpu_intensive/io_intensive,SJF,0.3877906976744186,0.0,0.05988372093023256,0.21744186046511627,0.5,0.586046511627907
29.0,1.0,5.933333333333334,38.79555555555555,2.533333333333333,26.655172413793103,0.0,1.0,42000082,9,mixed/cpu_intensive/io_intensive,SJF,0.23797250859106528,0.0,0.07560137457044673,0.2972508591065292,0.44501718213058417,0.75
28.0,2.0,5.666666666666667,32.955555555555556,2.533333333333333,25.678571428571427,0.0,1.0,42000082,10,mixed/cpu_intensive/io_intensive,SJF,0.359529702970297,0.0,0.09715346534653466,0.24566831683168316,0.5,0.6212871287128713
26.0,2.0,5.678571428571429,31.8609693877551,2.5,25.384615384615383,0.0,1.0,42000082,11,mixed/cpu_intensive/io_intensive,SJF,0.367798353909465,0.0,0.05967078189300412,0.1867283950617284,0.5,0.5354938271604938
26.0,1.0,6.148148148148148,31.607681755829905,2.4814814814814814,23.5,0.0,1.0,42000082,12,mixed/cpu_intensive/io_intensive,SJF,0.1711065573770492,0.0,0.00819672131147541,0.22848360655737704,0.5,0.6926229508196721
24.0,0.0,6.041666666666667,33.123263888888886,2.5833333333333335,23.208333333333332,0.0,1.0,42000082,13,mixed/cpu_intensive/io_intensive,SJF,0.2902597402597403,0.0,0.06818181818181818,0.1474025974025974,0.5,0.5006493506493506
21.0,1.0,6,31.181818181818183,2.6363636363636362,24.428571428571427,0.0,1.0,42000082,14,mixed/cpu_intensive/io_intensive,SJF,0.21367521367521367,0.0,0.04843304843304843,0.2678062678062678,0.5,0.7257834757834758
19.0,1.0,6.35,28.9275,2.65,21.473684210526315,0.0,1.0,42000082,15,mixed/cpu_intensive/io_intensive,SJF,0.31342062193126025,0.0,0.0024549918166939444,0.14893617021276595,0.5,0.5069558101472995
16.0,3.0,6.157894736842105,26.554016620498615,2.5789473684210527,20.4375,0.0,1.0,42000082,16,mixed/cpu_intensive/io_intensive,SJF,0.27045454545454545,0.0,0.053409090909090906,0.23863636363636365,0.5,0.6352272727272728
17.0,1.0,5.611111111111111,23.570987654320987,2.5555555555555554,17.823529411764707,0.0,1.0,42000082,17,mixed/cpu_intensive/io_intensive,SJF,0.49813780260707635,0.0,0.08100558659217877,0.22160148975791433,0.5,0.5824022346368715
16.0,0.0,5.875,24.859375,2.5625,17.9375,0.0,1.0,42000082,18,mixed/cpu_intensive/io_intensive,SJF,0.09883720930232558,0.0,0.13517441860465115,0.2063953488372093,0.5,0.6468023255813953
13.0,0.0,9.615384615384615,48.69822485207101,2.4615384615384617,12.307692307692308,0.0,1.0,42000082,19,mixed/cpu_intensive/io_intensive,SJF,0.0891304347826087,0.0,0.2,0.2847826086956522,0.391304347826087,0.75
10.0,0.0,10.5,35.45,2,12.1,0.0,0.0,42000082,20,mixed/cpu_intensive/io_intensive,SJF,0.30045871559633025,0.0,0.23853211009174313,0.3394495412844037,0.4197247706422018,0.75
10.0,0.0,8.5,35.45,2,9,0.0,0.0,42000082,21,mixed/cpu_intensive/io_intensive,SJF,0.25355450236966826,0.0,0.35545023696682465,0.32701421800947866,0.3957345971563981,0.75
10.0,0.0,6.5,35.45,2,9,0.0,0.0,42000082,22,mixed/cpu_intensive/io_intensive,SJF,0.20454545454545456,0.0,0.16477272727272727,0.30113636363636365,0.3664772727272727,0.75
8.0,0.0,9.375,37.484375,1.625,6.625,0.0,1.0,42000082,23,mixed/cpu_intensive/io_intensive,SJF,0.10869565217391304,0.0,0.015527950310559008,0.3198757763975155,0.18633540372670807,0.75
7.0,0.0,11.571428571428571,55.10204081632653,1.4285714285714286,6.857142857142857,0.0,1.0,42000082,24,mixed/cpu_intensive/io_intensive,SRTF,0.10902255639097744,0.0037593984962406013,0.0,0.3233082706766917,0.2556390977443609,0.75
5.0,0.0,12.4,34.64,1.2,5,0.0,0.0,42000082,25,mixed/cpu_intensive/io_intensive,SRTF,0.3155339805825243,0.009708737864077669,0.0,0.3300970873786408,0.3155339805825243,0.75
5.0,0.0,8.4,34.64,1.2,4,0.0,0.0,42000082,26,mixed/cpu_intensive/io_intensive,SRTF,0.4577464788732394,0.02816901408450704,0.0,0.28169014084507044,0.4577464788732394,0.75
4.0,0.0,5.5,31.25,1.25,3,0.0,0.0,42000082,27,mixed/cpu_intensive/io_intensive,SJF,0.4523809523809524,0.0,0.0,0.09523809523809523,0.5,0.5714285714285714
1.0,0.0,1,0,1,0,0.0,0.0,42000082,28,mixed/cpu_intensive/io_intensive,FCFS,0.0,0.0,0.0,0.0,0.0,0.0
11.0,3.0,4.714285714285714,45.3469387755102,3.0714285714285716,7.2727272727272725,14.0,0.2222222222222222,42000083,0,interactive/cpu_intensive/mixed,SJF,0.19355793804151344,0.04140435080720563,0.07622950819672131,0.2747148288973384,0.5304182509505704,0.8245901639344262
21.0,0.0,9.380952380952381,99.56916099773242,3,9.80952380952381,7.0,0.5625,42000083,1,interactive/cpu_intensive/mixed,SRTF,0.7327766179540709,0.060542797494780795,0.04773622047244094,0.20985217727220423,0.4143700787401575,0.6083519635724032
29.0,1.0,8.866666666666667,82.31555555555556,2.8,15.931034482758621,11.0,0.0,42000083,2,interactive/cpu_intensive/mixed,SRTF,0.4785665869218501,0.1125,0.0733652312599681,0.27703548644338116,0.75,0.836030701754386
27.0,1.0,9.178571428571429,77.3609693877551,2.7857142857142856,22.48148148148148,0.0,1.0,42000083,3,interactive/cpu_intensive/mixed,SJF,0.75,0.17320261437908496,0.199887460502965,0.24751655629139072,0.75,0.769461758213219
27.0,1.0,8.857142857142858,68.05102040816327,2.7857142857142856,23.62962962962963,0.0,1.0,42000083,4,interactive/cpu_intensive/mixed,SJF,0.5116525423728814,0.05,0.18686440677966104,0.2680084745762712,0.5116525423728814,0.77
24.0,1.0,9.48,67.0496,2.76,24.708333333333332,0.0,1.0,42000083,5,interactive/cpu_intensive/mixed,SJF,0.5,0.0,0.10536649214659685,0.25392670157068065,0.3763089005235602,0.6197643979057591
24.0,1.0,8.96,61.6384,2.76,24.125,0.0,1.0,42000083,6,interactive/cpu_intensive/mixed,SJF,0.5,0.0,0.057548579970104624,0.27279521674140506,0.24289985052316887,0.6520926756352765
24.0,1.0,8.36,55.9104,2.76,23.333333333333332,0.0,1.0,42000083,7,interactive/cpu_intensive/mixed,SJF,0.5,0.0,0.08394698085419734,0.24889543446244478,0.4057437407952872,0.6410162002945508
24.0,1.0,7.96,48.8384,2.76,21.208333333333332,0.0,1.0,42000083,8,interactive/cpu_intensive/mixed,SJF,0.5,0.0,0.029471544715447155,0.2652439024390244,0.21544715447154472,0.6859756097560976
23.0,1.0,7.583333333333333,45.24305555555556,2.8333333333333335,21.91304347826087,0.0,1.0,42000083,9,interactive/cpu_intensive/mixed,SJF,0.3414396887159533,0.0,0.11186770428015565,0.311284046692607,0.5,0.7247081712062257
23.0,1.0,7.25,43.854166666666664,2.8333333333333335,21.217391304347824,0.0,1.0,42000083,10,interactive/cpu_intensive/mixed,SJF,0.5,0.0,0.016233766233766232,0.22159090909090906,0.3912337662337662,0.6217532467532467
23.0,0.0,7.130434782608695,31.852551984877127,2.869565217391304,17.956521739130434,0.0,1.0,42000083,11,interactive/cpu_intensive/mixed,SJF,0.5,0.0,0.08354755784061697,0.2236503856041131,0.31233933161953725,0.692159383033419
18.0,1.0,7.842105263157895,31.817174515235457,2.789473684210526,21.27777777777778,0.0,1.0,42000083,12,interactive/cpu_intensive/mixed,SJF,0.5,0.0,0.034360189573459717,0.25355450236966826,0.3222748815165877,0.659952606635071
18.0,0.0,7.166666666666667,28.25,2.888888888888889,18.88888888888889,0.0,1.0,42000083,13,interactive/cpu_intensive/mixed,SJF,0.2070063694267516,0.0,0.08121019108280254,0.29936305732484075,0.35987261146496813,0.75
15.0,1.0,8.5625,23.99609375,3,18.133333333333333,0.0,1.0,42000083,14,interactive/cpu_intensive/mixed,SJF,0.478125,0.0,0.040625,0.3296875,0.3609375,0.75
14.0,0.0,8.357142857142858,18.51530612244898,3,16.214285714285715,0.0,1.0,42000083,15,interactive/cpu_intensive/mixed,SJF,0.35110294117647056,0.0,0.15441176470588236,0.3272058823529412,0.2977941176470588,0.75
12.0,0.0,8.166666666666666,14.305555555555555,2.75,13.416666666666666,0.0,0.0,42000083,16,interactive/cpu_intensive/mixed,SJF,0.12758620689655173,0.0,0.31551724137931036,0.35172413793103446,0.2672413793103448,0.75
12.0,0.0,6.5,13.416666666666666,2.75,11.083333333333334,0.0,0.0,42000083,17,interactive/cpu_intensive/mixed,SJF,0.24007220216606498,0.0,0.26714801444043323,0.33393501805054154,0.30685920577617326,0.75
11.0,0.0,6.454545454545454,12.793388429752065,2.8181818181818183,11.181818181818182,0.0,1.0,42000083,18,interactive/cpu_intensive/mixed,SJF,0.10460251046025104,0.0,0.301255230125523,0.3389121338912134,0.2175732217573222,0.75
10.0,0.0,5.2,9.16,2.9,9.1,0.0,0.0,42000083,19,interactive/cpu_intensive/mixed,SJF,0.171875,0.0,0.296875,0.32589285714285715,0.22098214285714285,0.75
9.0,0.0,9.11111111111111,82.98765432098766,2.6666666666666665,7.888888888888889,0.0,1.0,42000083,20,interactive/cpu_intensive/mixed,SJF,0.30687830687830686,0.0,0.164021164021164,0.328042328042328,0.30687830687830686,0.75
8.0,0.0,11,105.25,2.375,8.125,0.0,1.0,42000083,21,interactive/cpu_intensive/mixed,SJF,0.41823899371069184,0.0,0.03773584905660377,0.34276729559748426,0.2389937106918239,0.75
6.0,0.0,15.666666666666666,103.55555555555556,2.5,6.666666666666667,0.0,1.0,42000083,22,interactive/cpu_intensive/mixed,SJF,0.27419354838709675,0.0,0.0,0.4032258064516129,0.1975806451612903,0.75
5.0,0.0,15,61.6,2.6,4,0.0,0.0,42000083,23,interactive/cpu_intensive/mixed,SJF,0.208955223880597,0.0,0.0,0.4776119402985074,0.04477611940298507,0.75
4.0,0.0,13.75,23.1875,2.75,3,0.0,0.0,42000083,24,interactive/cpu_intensive/mixed,SJF,0.2261904761904762,0.0,0.0,0.5,0.0,0.6785714285714285
3.0,0.0,11.666666666666666,1.5555555555555556,3.3333333333333335,4,0.0,0.0,42000083,25,interactive/cpu_intensive/mixed,SRTF,0.03571428571428571,0.03571428571428571,0.0,0.5,0.03571428571428571,0.625
3.0,0.0,5,2,3.3333333333333335,2,0.0,0.0,42000083,26,interactive/cpu_intensive/mixed,SJF,0.1875,0.0,0.0,0.5,0.0,0.4375
13.0,0.0,11.692307692307692,71.75147928994083,3.6153846153846154,3.6923076923076925,13.0,0.0,42000084,0,cpu_intensive/interactive/mixed,SJF,0.5014619883040936,0.03436657681940701,0.0577485380116959,0.39934939550133197,0.41755922825932756,0.84366576819407
19.0,2.0,7.904761904761905,48.657596371882086,3.4761904761904763,12.736842105263158,8.0,0.2,42000084,1,cpu_intensive/interactive/mixed,SJF,0.32940989270776505,0.10737179487179487,0.1620976541189307,0.3262411347517731,0.2953900709219858,0.8103632478632479
32.0,0.0,7.90625,46.0849609375,3.28125,16,11.0,0.26666666666666666,42000084,2,cpu_intensive/interactive/mixed,SJF,0.7324999999999999,0.10639880952380952,0.13023809523809524,0.31416666666666665,0.2716369047619048,0.8125
30.0,0.0,7.766666666666667,44.312222222222225,3.2333333333333334,25.866666666666667,0.0,0.0,42000084,3,cpu_intensive/interactive/mixed,SJF,0.5077996715927751,0.2,0.29064039408866993,0.3111658456486043,0.3124645469473056,0.8333333333333333
30.0,0.0,7.3,39.47666666666667,3.2333333333333334,27.966666666666665,0.0,1.0,42000084,4,cpu_intensive/interactive/mixed,Priority,0.40711462450592883,0.20830980613589312,0.3112648221343874,0.2924901185770751,0.09523809523809523,0.7619047619047619
28.0,2.0,7.2,35.026666666666664,3.2333333333333334,26.5,0.0,1.0,42000084,5,cpu_intensive/interactive/mixed,SJF,0.37763371150729336,0.0,0.0940032414910859,0.33144246353322526,0.1580226904376013,0.75
28.0,1.0,7,31.586206896551722,3.206896551724138,26.285714285714285,0.0,1.0,42000084,6,cpu_intensive/interactive/mixed,SJF,0.02448210922787194,0.0,0.06497175141242938,0.2834274952919021,0.1111111111111111,0.75
26.0,2.0,6.892857142857143,26.381377551020407,3.2857142857142856,25.423076923076923,0.0,1.0,42000084,7,cpu_intensive/interactive/mixed,SJF,0.20412371134020618,0.0,0.04845360824742268,0.3082474226804124,0.09690721649484536,0.75
27.0,0.0,6.444444444444445,24.246913580246915,3.2222222222222223,24.814814814814813,0.0,1.0,42000084,8,cpu_intensive/interactive/mixed,SJF,0.21730382293762576,0.0,0.07344064386317907,0.31388329979879276,0.07746478873239436,0.75
27.0,0.0,5.851851851851852,22.792866941015088,3.2222222222222223,25.11111111111111,0.0,1.0,42000084,9,cpu_intensive/interactive/mixed,SJF,0.5,0.0,0.07578125,0.17109375,0.03671875,0.5640625
22.0,3.0,6.12,18.6656,3.2,27.045454545454547,0.0,1.0,42000084,10,cpu_intensive/interactive/mixed,SRTF,0.40286975717439294,0.009933774834437087,0.0,0.31788079470198677,0.12141280353200883,0.75
23.0,0.0,6.6521739130434785,24.574669187145556,3.130434782608696,23.47826086956522,0.0,1.0,42000084,11,cpu_intensive/interactive/mixed,SJF,0.11483739837398374,0.0,0.1209349593495935,0.34247967479674796,0.06808943089430894,0.75
20.0,2.0,6.5,19.34090909090909,3.227272727272727,21.2,0.0,1.0,42000084,12,cpu_intensive/interactive/mixed,SJF,0.4225663716814159,0.0,0.030973451327433628,0.32964601769911506,0.14491150442477876,0.75
21.0,0.0,5.857142857142857,18.979591836734695,3.2857142857142856,20.285714285714285,0.0,1.0,42000084,13,cpu_intensive/interactive/mixed,SJF,0.07077625570776255,0.0,0.2089041095890411,0.3367579908675799,0.10730593607305935,0.75
20.0,1.0,5.285714285714286,15.63265306122449,3.2857142857142856,19.9,0.0,1.0,42000084,14,cpu_intensive/interactive/mixed,SJF,0.29583333333333334,0.0,0.0875,0.29583333333333334,0.043055555555555555,0.75
20.0,1.0,5.333333333333333,15.555555555555555,3.2857142857142856,17.2,0.0,1.0,42000084,15,cpu_intensive/interactive/mixed,SJF,0.24061032863849766,0.0,0.03873239436619718,0.32511737089201875,0.2711267605633803,0.75
19.0,0.0,4.7894736842105265,15.955678670360111,3.3157894736842106,19,0.0,1.0,42000084,16,cpu_intensive/interactive/mixed,SJF,0.28448275862068967,0.0,0.05603448275862069,0.30028735632183906,0.23132183908045978,0.75
17.0,0.0,5.588235294117647,27.536332179930795,3.411764705882353,17.88235294117647,0.0,1.0,42000084,17,cpu_intensive/interactive/mixed,SJF,0.40728476821192056,0.0,0.0728476821192053,0.3079470198675497,0.3609271523178808,0.75
15.0,0.0,5.066666666666666,32.86222222222222,3.533333333333333,16.133333333333333,0.0,0.0,42000084,18,cpu_intensive/interactive/mixed,SJF,0.29918032786885246,0.0,0.2459016393442623,0.2807377049180328,0.27459016393442626,0.75
9.0,1.0,6.7,32.81,3.5,12.11111111111111,0.0,0.0,42000084,19,cpu_intensive/interactive/mixed,SJF,0.1943127962085308,0.0,0.1990521327014218,0.35071090047393366,0.13507109004739337,0.75
9.0,0.0,9.444444444444445,43.58024691358025,3.5555555555555554,7.222222222222222,0.0,1.0,42000084,20,cpu_intensive/interactive/mixed,SJF,0.06711409395973154,0.0,0.016778523489932886,0.2953020134228188,0.08389261744966443,0.75
7.0,0.0,13,39.42857142857143,3.7142857142857144,6.571428571428571,0.0,1.0,42000084,21,cpu_intensive/interactive/mixed,SJF,0.0851063829787234,0.0,0.0,0.2978723404255319,0.2198581560283688,0.75
7.0,0.0,10.142857142857142,40.97959183673469,3.7142857142857144,6,0.0,0.0,42000084,22,cpu_intensive/interactive/mixed,SRTF,0.22357723577235772,0.012195121951219513,0.0,0.3252032520325203,0.32926829268292684,0.75
6.0,0.0,8.333333333333334,33.55555555555556,3.8333333333333335,5.166666666666667,0.0,0.0,42000084,23,cpu_intensive/interactive/mixed,SRTF,0.36627906976744184,0.023255813953488372,0.0,0.26744186046511625,0.48255813953488375,0.75
4.0,0.0,7.5,20.25,3.75,3,0.0,0.0,42000084,24,cpu_intensive/interactive/mixed,SRTF,0.31896551724137934,0.05172413793103448,0.0,0.24137931034482762,0.31896551724137934,0.75
2.0,0.0,5.5,12.25,3,3.5,0.0,0.0,42000084,25,cpu_intensive/interactive/mixed,FCFS,0.0,0.0,0.0,0.0,0.0,0.75
12.0,1.0,5.538461538461538,53.01775147928994,3.4615384615384617,7.166666666666667,13.0,0.23529411764705882,42000085,0,mixed/interactive/cpu_intensive,SJF,0.35595403209827625,0.0983009708737864,0.12040816326530612,0.24717819166501548,0.75,0.8509560134733505
21.0,3.0,4.833333333333333,42.55555555555556,3.125,12.238095238095237,12.0,0.29411764705882354,42000085,1,mixed/interactive/cpu_intensive,SJF,0.19859194522180218,0.13747099767981438,0.16969241806975663,0.2007233273056058,0.75,0.6284356998107768
30.0,1.0,8.709677419354838,87.62539021852237,3.064516129032258,17.4,7.0,0.5625,42000085,2,mixed/interactive/cpu_intensive,SJF,0.3668582375478927,0.14437984496124032,0.18749443107903413,0.2006704980842912,0.7218992248062015,0.6305577831239418
30.0,0.0,8.633333333333333,81.16555555555556,3.1,23.1,0.0,1.0,42000085,3,mixed/interactive/cpu_intensive,Round Robin,0.6034943970507244,0.16312056737588654,0.22486821548594488,0.13351822503961966,0.75,0.5057265850670443
29.0,1.0,8.133333333333333,75.71555555555555,3.1,27.896551724137932,0.0,1.0,42000085,4,mixed/interactive/cpu_intensive,SJF,0.16591422121896163,0.14285714285714285,0.2241212512092873,0.22234762979683975,0.75,0.6132376652692679
29.0,0.0,8.10344827586207,74.29964328180738,3.103448275862069,24.724137931034484,0.0,1.0,42000085,5,mixed/interactive/cpu_intensive,SJF,0.2772511848341232,0.0,0.07168246445497631,0.21978672985781988,0.5,0.5888625592417062
28.0,0.0,7.75,71.1875,3.142857142857143,26.642857142857142,0.0,1.0,42000085,6,mixed/interactive/cpu_intensive,SJF,0.5,0.0,0.07463369963369963,0.14377289377289376,0.5,0.49496336996336987
25.0,2.0,7.777777777777778,64.61728395061728,3.074074074074074,24.36,0.0,1.0,42000085,7,mixed/interactive/cpu_intensive,SJF,0.1093969144460028,0.0,0.09256661991584852,0.2187938288920056,0.5,0.605539971949509
25.0,1.0,7.6923076923076925,62.44378698224852,3.1153846153846154,22.56,0.0,1.0,42000085,8,mixed/interactive/cpu_intensive,SJF,0.320125786163522,0.0,0.08238993710691823,0.2289308176100629,0.5,0.590880503144654
23.0,1.0,7.75,52.520833333333336,3.25,24,0.0,1.0,42000085,9,mixed/interactive/cpu_intensive,SJF,0.10416666666666667,0.0,0.14109848484848486,0.2755681818181818,0.5,0.6988636363636364
21.0,1.0,8.272727272727273,50.47107438016529,3.272727272727273,20.714285714285715,0.0,1.0,42000085,10,mixed/interactive/cpu_intensive,SJF,0.4266770670826833,0.0,0.05070202808112324,0.27613104524180965,0.5,0.6454758190327613
22.0,0.0,7.409090909090909,43.150826446280995,3.272727272727273,19.136363636363637,0.0,1.0,42000085,11,mixed/interactive/cpu_intensive,SJF,0.16225165562913907,0.0,0.04304635761589404,0.24420529801324503,0.5,0.6357615894039735
21.0,0.0,7,45.80952380952381,3.380952380952381,19.476190476190474,0.0,1.0,42000085,12,mixed/interactive/cpu_intensive,SRTF,0.4105367793240557,0.02286282306163022,0.0,0.27634194831013914,0.5,0.6923459244532804
20.0,0.0,6.55,37.1475,3.35,17.9,0.0,1.0,42000085,13,mixed/interactive/cpu_intensive,SRTF,0.18289473684210528,0.007894736842105263,0.0,0.22236842105263158,0.5,0.6763157894736842
16.0,0.0,7.75,35.1875,3.375,17.9375,0.0,1.0,42000085,14,mixed/interactive/cpu_intensive,SJF,0.249500998003992,0.0,0.000998003992015968,0.20159680638722555,0.5,0.5633732534930139
14.0,0.0,7.428571428571429,27.244897959183675,3.142857142857143,15.5,0.0,0.0,42000085,15,mixed/interactive/cpu_intensive,SJF,0.05481283422459893,0.0,0.0962566844919786,0.1858288770053476,0.5,0.5548128342245989
13.0,0.0,7.769230769230769,30.792899408284022,3.1538461538461537,12.23076923076923,0.0,1.0,42000085,16,mixed/interactive/cpu_intensive,SJF,0.17647058823529413,0.0,0.2034313725490196,0.30392156862745096,0.35049019607843135,0.75
9.0,0.0,9.11111111111111,23.209876543209877,2.888888888888889,12.777777777777779,0.0,0.0,42000085,17,mixed/interactive/cpu_intensive,SJF,0.5,0.0,0.1092233009708738,0.29854368932038833,0.29854368932038833,0.6966019417475728
9.0,0.0,9.777777777777779,47.50617283950617,2.888888888888889,7.777777777777778,0.0,1.0,42000085,18,mixed/interactive/cpu_intensive,SJF,0.3522012578616352,0.0,0.031446540880503145,0.2861635220125786,0.3238993710691824,0.75
8.0,0.0,10.25,40.4375,2.75,6.25,0.0,1.0,42000085,19,mixed/interactive/cpu_intensive,SJF,0.03571428571428571,0.0,0.25297619047619047,0.30952380952380953,0.10119047619047619,0.75
7.0,0.0,9,41.142857142857146,2.4285714285714284,7,0.0,0.0,42000085,20,mixed/interactive/cpu_intensive,SJF,0.13732394366197184,0.0,0.352112676056338,0.36619718309859156,0.11971830985915491,0.75
6.0,0.0,9.166666666666666,28.47222222222222,2.3333333333333335,5,0.0,1.0,42000085,21,mixed/interactive/cpu_intensive,SJF,0.022727272727272728,0.0,0.17272727272727273,0.34545454545454546,0.1,0.75
6.0,0.0,10.333333333333334,71.55555555555556,2.3333333333333335,4.333333333333333,0.0,1.0,42000085,22,mixed/interactive/cpu_intensive,SJF,0.22972972972972974,0.0,0.10810810810810811,0.3783783783783784,0.2207207207207207,0.75
5.0,0.0,13.6,67.44,2.6,4.4,0.0,1.0,42000085,23,mixed/interactive/cpu_intensive,SJF,0.10256410256410256,0.0,0.0,0.3333333333333333,0.08333333333333333,0.75
4.0,0.0,11.75,59.1875,3,3.5,0.0,0.0,42000085,24,mixed/interactive/cpu_intensive,SJF,0.2459016393442623,0.0,0.0,0.29508196721311475,0.21311475409836064,0.75
3.0,0.0,9.333333333333334,27.555555555555557,2.3333333333333335,2,0.0,0.0,42000085,25,mixed/interactive/cpu_intensive,SJF,0.08333333333333333,0.0,0.0,0.5,0.0,0.5
2.0,0.0,4,0,3,1,0.0,0.0,42000085,26,mixed/interactive/cpu_intensive,FCFS,0.0,0.0,0.0,0.3333333333333333,0.0,0.75
9.0,0.0,16.666666666666668,53.333333333333336,3.3333333333333335,5.777777777777778,9.0,0.0,42000086,0,cpu_intensive/io_intensive/batch,SRTF,0.75,0.1275626423690205,0.04735792622133627,0.38786487916660056,0.75,0.8111059759218927
24.0,0.0,8.791666666666666,52.83159722222222,3.2083333333333335,8.333333333333334,15.0,0.0625,42000086,1,cpu_intensive/io_intensive/batch,SJF,0.75,0.08619047619047622,0.13907990314770002,0.26779661016949174,0.6308797417271994,0.7227925746569815
27.0,3.0,9.4,45.77333333333333,3.1333333333333333,17.77777777777778,6.0,0.14285714285714285,42000086,2,cpu_intensive/io_intensive/batch,SJF,0.26592124186235405,0.1695402298850575,0.25599413760168616,0.258357211079274,0.75,0.6766651297083072
30.0,0.0,8.766666666666667,44.51222222222222,3.1333333333333333,23.2,0.0,1.0,42000086,3,cpu_intensive/io_intensive/batch,SJF,0.75,0.24122807017543862,0.3583634410702078,0.271799628942486,0.75,0.6893776649415746
29.0,1.0,8.133333333333333,41.24888888888889,3.1333333333333333,27.79310344827586,0.0,0.0,42000086,4,cpu_intensive/io_intensive/batch,SJF,0.3112915699922658,0.0,0.09048723897911819,0.19721577726218098,0.5,0.5253286929621035
27.0,3.0,8,36.86666666666667,3.1333333333333333,27,0.0,1.0,42000086,5,cpu_intensive/io_intensive/batch,SJF,0.29818496110630943,0.0,0.05142610198789985,0.2234226447709596,0.5,0.5702247191011239
28.0,2.0,7.633333333333334,30.83222222222222,3.1333333333333333,24,0.0,1.0,42000086,6,cpu_intensive/io_intensive/batch,SJF,0.3265513733468972,0.0,0.0930824008138355,0.26297049847405907,0.5,0.6177517802644966
30.0,0.0,6.966666666666667,27.232222222222223,3.1333333333333333,24.933333333333334,0.0,1.0,42000086,7,cpu_intensive/io_intensive/batch,SJF,0.07703927492447116,0.0,0.07150050352467245,0.20241691842900308,0.5,0.5702416918429002
29.0,1.0,6.766666666666667,24.57888888888889,3.1333333333333333,25.20689655172414,0.0,1.0,42000086,8,cpu_intensive/io_intensive/batch,SJF,0.2603305785123965,0.0,0.030475206611570202,0.21074380165289247,0.5,0.568698347107438
30.0,0.0,6.1,23.55666666666667,3.1333333333333333,26.466666666666665,0.0,1.0,42000086,9,cpu_intensive/io_intensive/batch,SJF,0.36612702366127026,0.0,0.05354919053549144,0.24346201743462018,0.5,0.6242216687422167
27.0,2.0,5.862068965517241,21.015457788347206,3.1724137931034484,29.85185185185185,0.0,0.0,42000086,10,cpu_intensive/io_intensive/batch,SJF,0.07997481108312327,0.0,0.050377833753148527,0.1901763224181359,0.5,0.5780856423173799
26.0,0.0,5.846153846153846,20.59171597633136,3.230769230769231,27.115384615384617,0.0,1.0,42000086,11,cpu_intensive/io_intensive/batch,SJF,0.4899193548387097,0.0,0.11491935483870938,0.22916666666666669,0.5,0.6149193548387095
25.0,0.0,5.6,16.32,3.2,24.24,0.0,1.0,42000086,12,cpu_intensive/io_intensive/batch,SJF,0.3055878928987195,0.0,0.14551804423748554,0.24155995343422595,0.5,0.5922584400465657
24.0,1.0,5.72,18.2016,3.2,23.458333333333332,0.0,1.0,42000086,13,cpu_intensive/io_intensive/batch,SJF,0.2734470158343484,0.0,0.053593179049939155,0.19975639464068212,0.5,0.5526796589524968
25.0,0.0,5.84,22.6944,3.2,22,0.0,1.0,42000086,14,cpu_intensive/io_intensive/batch,SJF,0.1875,0.0,0.02588383838383853,0.20265151515151536,0.5,0.5618686868686867
23.0,0.0,6.304347826086956,29.429111531190927,3.0869565217391304,23.347826086956523,0.0,1.0,42000086,15,cpu_intensive/io_intensive/batch,SJF,0.24814814814814806,0.0,0.05037037037037003,0.20962962962962972,0.5,0.5759259259259258
22.0,0.0,6.045454545454546,26.861570247933884,3.1363636363636362,21.227272727272727,0.0,1.0,42000086,16,cpu_intensive/io_intensive/batch,SJF,0.2939130434782608,0.0,0.015652173913043167,0.21565217391304348,0.5,0.6056521739130435
19.0,0.0,5.947368421052632,24.049861495844876,3,19.42105263157895,0.0,0.0,42000086,17,cpu_intensive/io_intensive/batch,SJF,0.14393939393939373,0.0,0.06228956228956166,0.1675084175084174,0.5,0.521043771043771
17.0,0.0,5.647058823529412,24.110726643598618,2.9411764705882355,17.705882352941178,0.0,1.0,42000086,18,cpu_intensive/io_intensive/batch,SJF,0.2760989010989008,0.0,0.1730769230769227,0.28571428571428603,0.5,0.6909340659340657
16.0,0.0,6.4375,30.62109375,2.9375,14.6875,0.0,1.0,42000086,19,cpu_intensive/io_intensive/batch,SJF,0.2293233082706763,0.0,0.2763157894736846,0.306390977443609,0.443609022556391,0.75
13.0,0.0,7.6923076923076925,28.5207100591716,2.769230769230769,13.153846153846153,0.0,1.0,42000086,20,cpu_intensive/io_intensive/batch,SJF,0.26404494382022375,0.0,0.47752808988763984,0.33333333333333315,0.3707865168539321,0.75
11.0,0.0,7.363636363636363,27.50413223140496,2.727272727272727,12.636363636363637,0.0,0.0,42000086,21,cpu_intensive/io_intensive/batch,SJF,0.1287878787878797,0.0,0.25757575757575873,0.3503787878787885,0.23295454545454644,0.75
11.0,0.0,8.090909090909092,62.082644628099175,2.727272727272727,10,0.0,1.0,42000086,22,cpu_intensive/io_intensive/batch,SJF,0.10045662100456658,0.0,0.0410958904109604,0.2853881278538821,0.15068493150685064,0.75
10.0,0.0,13.6,78.64,2.6,8.8,0.0,1.0,42000086,23,cpu_intensive/io_intensive/batch,SJF,0.04499999999999987,0.0,0.0,0.32249999999999995,0.15499999999999928,0.75
9.0,0.0,12.88888888888889,70.76543209876543,2.5555555555555554,8.444444444444445,0.0,0.0,42000086,24,cpu_intensive/io_intensive/batch,SJF,0.1281407035175885,0.0,0.027638190954774378,0.32160804020100486,0.16582914572864368,0.75
8.0,0.0,12.125,61.859375,2.25,7,0.0,0.0,42000086,25,cpu_intensive/io_intensive/batch,SRTF,0.18789808917197554,0.0031847133757965445,0.0,0.3343949044585992,0.3980891719745225,0.75
8.0,0.0,9.625,64.734375,2.25,7,0.0,0.0,42000086,26,cpu_intensive/io_intensive/batch,SRTF,0.39510489510489555,0.006993006993010145,0.0,0.2797202797202806,0.5,0.6905594405594412
5.0,0.0,11.4,35.84,2,6.2,0.0,0.0,42000086,27,cpu_intensive/io_intensive/batch,SRTF,0.0584415584415541,0.012987012987012268,0.0,0.2987012987012977,0.05194805194804907,0.75
4.0,0.0,9,27,2.25,3,0.0,0.0,42000086,28,cpu_intensive/io_intensive/batch,SRTF,0.22222222222222854,0.04444444444444192,0.0,0.26666666666667044,0.22222222222222854,0.75
2.0,0.0,8,4,2.5,1,0.0,0.0,42000086,29,cpu_intensive/io_intensive/batch,FCFS,0.0,0.39999999999998637,0.0,0.39999999999998637,0.39999999999998637,0.75
12.0,2.0,11.785714285714286,79.88265306122449,3.7857142857142856,6.916666666666667,14.0,0.125,42000087,0,mixed/cpu_intensive/interactive,SJF,0.2663427634759844,0.0387858347386172,0.06219059187018715,0.3853146853146853,0.6541958041958043,0.7752951096121417
23.0,0.0,12.521739130434783,93.11909262759924,3.608695652173913,10.956521739130435,9.0,0.3076923076923077,42000087,1,mixed/cpu_intensive/interactive,SJF,0.3966308678330157,0.046812749003984064,0.13466183574879226,0.41010114132840614,0.7167874396135266,0.8237051792828685
32.0,0.0,9.125,78.109375,3.4375,16.96875,9.0,0.0,42000087,2,mixed/cpu_intensive/interactive,SJF,0.3205045432807269,0.060294117647058824,0.20588235294117646,0.3919536107125777,0.6739598278335724,0.8416666666666667
29.0,3.0,8.875,73.671875,3.4375,25.896551724137932,0.0,1.0,42000087,3,mixed/cpu_intensive/interactive,SJF,0.6387195121951219,0.06021341463414634,0.08032092598913071,0.2465016146393972,0.6009149623250807,0.6611784242169655
30.0,2.0,8.75,70.5,3.4375,29,0.0,1.0,42000087,4,mixed/cpu_intensive/interactive,SRTF,0.5119964938030007,0.18835616438356165,0.18357591324200911,0.33035714285714285,0.5922619047619048,0.7910958904109588
32.0,0.0,8.1875,67.77734375,3.4375,27.40625,0.0,1.0,42000087,5,mixed/cpu_intensive/interactive,SJF,0.34734133790737565,0.0,0.10463121783876503,0.31046312178387653,0.34734133790737565,0.75
29.0,2.0,7.935483870967742,64.06035379812695,3.3870967741935485,28.896551724137932,0.0,1.0,42000087,6,mixed/cpu_intensive/interactive,SJF,0.5,0.0,0.04823529411764706,0.2611764705882353,0.3264705882352941,0.64
28.0,3.0,7.838709677419355,60.651404786680544,3.3870967741935485,28.035714285714285,0.0,1.0,42000087,7,mixed/cpu_intensive/interactive,SJF,0.3039383561643836,0.0,0.014554794520547944,0.3159246575342466,0.3604452054794521,0.75
31.0,0.0,7.258064516129032,54.8366285119667,3.3870967741935485,25.741935483870968,0.0,1.0,42000087,8,mixed/cpu_intensive/interactive,SJF,0.5,0.0,0.07942238267148015,0.19253910950661854,0.2629362214199759,0.588748495788207
28.0,1.0,7.275862068965517,50.40665873959572,3.413793103448276,24.714285714285715,0.0,1.0,42000087,9,mixed/cpu_intensive/interactive,SJF,0.22000000000000003,0.0,0.08444444444444445,0.2833333333333333,0.30444444444444446,0.75
26.0,0.0,7.461538461538462,55.94082840236686,3.5,27.346153846153847,0.0,1.0,42000087,10,mixed/cpu_intensive/interactive,SJF,0.35625,0.0,0.15078125,0.3375,0.3375,0.75
25.0,0.0,7.52,44.8896,3.48,24.24,0.0,1.0,42000087,11,mixed/cpu_intensive/interactive,SJF,0.5,0.0,0.08184319119669876,0.218707015130674,0.2372764786795048,0.5863136176066025
21.0,2.0,8,41.30434782608695,3.391304347826087,23.666666666666668,0.0,1.0,42000087,12,mixed/cpu_intensive/interactive,SRTF,0.3361266294227188,0.00558659217877095,0.0,0.33519553072625696,0.29236499068901306,0.75
22.0,0.0,7.590909090909091,36.24173553719008,3.5,19.772727272727273,0.0,1.0,42000087,13,mixed/cpu_intensive/interactive,SJF,0.5,0.0,0.015342960288808664,0.2951263537906137,0.30866425992779783,0.6841155234657039
20.0,2.0,6.818181818181818,35.603305785123965,3.5,21.1,0.0,0.0,42000087,14,mixed/cpu_intensive/interactive,SJF,0.35103626943005184,0.0,0.011658031088082901,0.3134715025906736,0.33678756476683935,0.75
19.0,0.0,6.842105263157895,31.71191135734072,3.4210526315789473,19.68421052631579,0.0,1.0,42000087,15,mixed/cpu_intensive/interactive,SJF,0.4571428571428571,0.0,0.06857142857142857,0.31,0.29428571428571426,0.75
16.0,1.0,7.9411764705882355,37.11418685121107,3.4705882352941178,18.8125,0.0,1.0,42000087,16,mixed/cpu_intensive/interactive,SJF,0.2791411042944785,0.0,0.16411042944785276,0.32975460122699385,0.25153374233128833,0.75
15.0,0.0,7.933333333333334,29.662222222222223,3.4,15,0.0,1.0,42000087,17,mixed/cpu_intensive/interactive,SJF,0.2727272727272727,0.0,0.03496503496503497,0.29895104895104896,0.243006993006993,0.75
14.0,0.0,8.142857142857142,28.836734693877553,3.5,12.785714285714286,0.0,1.0,42000087,18,mixed/cpu_intensive/interactive,SJF,0.11977186311787072,0.0,0.017110266159695818,0.32129277566539927,0.17110266159695817,0.75
14.0,0.0,8.714285714285714,46.63265306122449,3.5,12.142857142857142,0.0,1.0,42000087,19,mixed/cpu_intensive/interactive,SJF,0.083984375,0.0,0.146484375,0.33203125,0.248046875,0.75
12.0,0.0,8.833333333333334,43.30555555555556,3.5,13.083333333333334,0.0,1.0,42000087,20,mixed/cpu_intensive/interactive,SJF,0.1778846153846154,0.0,0.02403846153846154,0.3173076923076923,0.18028846153846154,0.75
11.0,0.0,7.818181818181818,46.14876033057851,3.4545454545454546,11.090909090909092,0.0,0.0,42000087,21,mixed/cpu_intensive/interactive,SJF,0.46808510638297873,0.0,0.20212765957446807,0.37659574468085105,0.2765957446808511,0.75
9.0,0.0,10.222222222222221,63.06172839506173,3.4444444444444446,10.444444444444445,0.0,1.0,42000087,22,mixed/cpu_intensive/interactive,SJF,0.33766233766233766,0.0,0.10714285714285714,0.3344155844155844,0.16233766233766234,0.75
8.0,0.0,9,55,3.625,7,0.0,0.0,42000087,23,mixed/cpu_intensive/interactive,SJF,0.4014084507042254,0.0,0.13028169014084506,0.3767605633802817,0.22183098591549294,0.75
7.0,0.0,11.142857142857142,82.12244897959184,3.4285714285714284,5.714285714285714,0.0,1.0,42000087,24,mixed/cpu_intensive/interactive,SRTF,0.29896907216494845,0.005154639175257732,0.0,0.42783505154639173,0.4381443298969072,0.75
5.0,0.0,11.6,64.64,3.6,5.2,0.0,0.0,42000087,25,mixed/cpu_intensive/interactive,SJF,0.23333333333333334,0.0,0.0,0.3333333333333333,0.14166666666666666,0.75
3.0,0.0,13,18.666666666666668,4.333333333333333,2,0.0,0.0,42000087,26,mixed/cpu_intensive/interactive,SJF,0.11320754716981132,0.0,0.0,0.2830188679245283,0.16981132075471697,0.75
3.0,0.0,6.333333333333333,22.22222222222222,4.333333333333333,2,0.0,0.0,42000087,27,mixed/cpu_intensive/interactive,SJF,0.30303030303030304,0.0,0.0,0.15151515151515152,0.30303030303030304,0.75
12.0,1.0,4.076923076923077,17.45562130177515,2.769230769230769,6.583333333333333,13.0,0.2777777777777778,42000088,0,mixed/io_intensive/interactive,SRTF,0.256188443246077,0.16064953324725173,0.14653784219001623,0.2861813279406808,0.25,0.838953488372093
24.0,1.0,3.2,7.44,3.12,8.208333333333334,12.0,0.3333333333333333,42000088,1,mixed/io_intensive/interactive,SJF,0.5111990632318502,0.10666666666666666,0.2675692414887635,0.3934332552693208,0.5702624499196768,0.8939999999999999
32.0,3.0,2.7714285714285714,5.719183673469388,3.142857142857143,17.0625,11.0,0.21428571428571427,42000088,2,mixed/io_intensive/interactive,SJF,0.5186944473082344,0.02239884393063583,0.2585448825368177,0.30917227467665664,0.4462281669942959,0.8460982658959537
34.0,1.0,2.342857142857143,3.939591836734694,3.142857142857143,24.5,0.0,1.0,42000088,3,mixed/io_intensive/interactive,SJF,0.37945041535645585,0.13986013986013993,0.3717221435265968,0.31677852348993296,0.5379194630872485,0.88986013986014
31.0,3.0,2.2941176470588234,4.031141868512111,3.1176470588235294,29,0.0,1.0,42000088,4,mixed/io_intensive/interactive,SJF,0.3308650162098441,0.25,0.3346104725415076,0.34482758620689646,0.33872433441398986,0.805555555555556
31.0,3.0,2.323529411764706,4.277681660899654,3.1176470588235294,28.838709677419356,0.0,1.0,42000088,5,mixed/io_intensive/interactive,SJF,0.24570200573065937,0.0,0.22779369627507162,0.3058739255014328,0.18123209169054472,0.75
31.0,3.0,2.4705882352941178,2.837370242214533,3.1176470588235294,24.838709677419356,0.0,1.0,42000088,6,mixed/io_intensive/interactive,SJF,0.2834685156113722,0.0,0.15227629513343793,0.26295133437990587,0.3572518751090175,0.75
29.0,3.0,2.5625,2.99609375,3.09375,22.689655172413794,0.0,1.0,42000088,7,mixed/io_intensive/interactive,SJF,0.35628742514970035,0.0,0.2529014772652492,0.30688622754491,0.3292487826544707,0.75
30.0,1.0,2.2580645161290325,2.3204994797086367,3.064516129032258,24.366666666666667,0.0,1.0,42000088,8,mixed/io_intensive/interactive,SJF,0.2266666666666664,0.0,0.2883333333333331,0.29499999999999993,0.2476859504132222,0.75
28.0,1.0,2.1379310344827585,2.0499405469678953,3,25.035714285714285,0.0,1.0,42000088,9,mixed/io_intensive/interactive,SJF,0.2085106382978723,0.0,0.2606382978723405,0.25319148936170216,0.23374298573766628,0.75
25.0,3.0,2.357142857142857,1.9438775510204083,2.9642857142857144,23.32,0.0,1.0,42000088,10,mixed/io_intensive/interactive,SJF,0.13390663390663432,0.0,0.1474201474201478,0.2420147420147422,0.17199017199017252,0.75
21.0,3.0,2.4166666666666665,1.2430555555555556,3.0833333333333335,22.523809523809526,0.0,1.0,42000088,11,mixed/io_intensive/interactive,SJF,0.24837683360410515,0.0,0.11538461538461539,0.23789173789173773,0.3042709605209603,0.75
20.0,1.0,2.619047619047619,1.3786848072562359,2.857142857142857,18.55,0.0,1.0,42000088,12,mixed/io_intensive/interactive,SJF,0.28445747800586474,0.0,0.15800548425181732,0.28592375366568906,0.32438000920285426,0.75
18.0,2.0,2.3,1.21,2.95,20.444444444444443,0.0,1.0,42000088,13,mixed/io_intensive/interactive,SJF,0.25300390399074574,0.0,0.2140350877192987,0.22280701754385993,0.2035591026747201,0.75
15.0,2.0,2.2941176470588234,1.1487889273356402,2.9411764705882355,16.2,0.0,1.0,42000088,14,mixed/io_intensive/interactive,SJF,0.19924812030075206,0.0,0.21714657522928144,0.2800751879699247,0.2774867496610376,0.75
13.0,2.0,2.2,1.0933333333333333,2.8666666666666667,12.461538461538462,0.0,1.0,42000088,15,mixed/io_intensive/interactive,SJF,0.1656626506024101,0.07859046074407457,0.15752724795640322,0.18072289156626514,0.2900573684383315,0.75
8.0,1.0,1.6666666666666667,1.1111111111111112,3,13.375,0.0,1.0,42000088,16,mixed/io_intensive/interactive,SRTF,0.1573489010989019,0.30060646900269755,0.0,0.09375000000000017,0.14518835616438264,0.75
1.0,0.0,1,0,4,0,0.0,1.0,42000088,17,mixed/io_intensive/interactive,FCFS,0.0,0.0,0.0,0.0,0.0,0.0
10.0,2.0,3.5,9.583333333333334,2.25,6.2,13.0,0.1875,42000089,0,interactive/mixed/batch,Round Robin,0.3045940170940183,0.25,0.2737313034188038,0.17350427350427444,0.2845352564102569,0.984375
24.0,1.0,5.96,35.3184,2.72,10.791666666666666,13.0,0.35,42000089,1,interactive/mixed/batch,SJF,0.75,0.17358078602620086,0.28637309717177506,0.29848130841121545,0.621316777537444,0.7495357711300654
32.0,1.0,7.575757575757576,43.456382001836545,2.787878787878788,18.15625,8.0,0.3333333333333333,42000089,2,interactive/mixed/batch,SJF,0.75,0.19750000000000004,0.29230633802816997,0.25633802816901474,0.6698591549295778,0.7729225352112672
31.0,1.0,7.5625,40.55859375,2.78125,25.29032258064516,0.0,1.0,42000089,3,interactive/mixed/batch,SJF,0.6463963963963963,0.25,0.3497971336954383,0.3650121065375303,0.6790513273564116,0.8090793578081709
32.0,0.0,6.9375,35.24609375,2.78125,28.875,0.0,1.0,42000089,4,interactive/mixed/batch,SJF,0.2948717948717954,0.16666666666666666,0.384615384615385,0.3176638176638181,0.6923076923076924,0.7592592592592597
29.0,1.0,7.266666666666667,32.32888888888889,2.6666666666666665,29.655172413793103,0.0,1.0,42000089,5,interactive/mixed/batch,SJF,0.5,0.0,0.09790732436472392,0.2997010463378179,0.4275037369207768,0.705156950672646
28.0,1.0,7.241379310344827,29.976218787158146,2.7241379310344827,29.607142857142858,0.0,1.0,42000089,6,interactive/mixed/batch,SJF,0.5,0.0,0.06508264462809894,0.27221074380165317,0.3217975206611572,0.6379132231404958
29.0,0.0,6.689655172413793,23.8692033293698,2.7241379310344827,26.06896551724138,0.0,1.0,42000089,7,interactive/mixed/batch,SJF,0.5,0.0,0.02242524916943571,0.3189368770764127,0.4177740863787385,0.7392026578073091
27.0,2.0,6.310344827586207,24.145065398335316,2.7241379310344827,26.444444444444443,0.0,1.0,42000089,8,interactive/mixed/batch,SJF,0.5,0.0,0.11186650185414063,0.24103831891223773,0.26452410383189173,0.6177379480840541
29.0,0.0,5.655172413793103,22.43281807372176,2.7241379310344827,25.551724137931036,0.0,1.0,42000089,9,interactive/mixed/batch,SJF,0.30639097744360866,0.0,0.09304511278195575,0.312969924812031,0.48684210526315896,0.75
29.0,0.0,5.103448275862069,18.161712247324612,2.7241379310344827,25.896551724137932,0.0,1.0,42000089,10,interactive/mixed/batch,SJF,0.45812182741116647,0.0,0.1548223350253817,0.24111675126903626,0.3464467005076145,0.75
26.0,0.0,5.384615384615385,16.928994082840237,2.8461538461538463,27,0.0,1.0,42000089,11,interactive/mixed/batch,SJF,0.36723768736616735,0.0,0.083511777301926,0.3094218415417569,0.3822269807280526,0.75
24.0,0.0,5.125,14.526041666666666,2.8333333333333335,25.916666666666668,0.0,1.0,42000089,12,interactive/mixed/batch,SJF,0.37262357414448705,0.0,0.04562737642585619,0.24904942965779553,0.5,0.6587452471482894
21.0,3.0,4.583333333333333,14.159722222222221,2.8333333333333335,25.80952380952381,0.0,0.0,42000089,13,interactive/mixed/batch,SJF,0.476344086021504,0.0,0.03655913978494621,0.29677419354838713,0.4870967741935477,0.75
22.0,0.0,4.090909090909091,13.71900826446281,2.727272727272727,20.045454545454547,0.0,1.0,42000089,14,interactive/mixed/batch,SJF,0.37731481481481494,0.0,0.08564814814814828,0.30092592592592643,0.4074074074074069,0.75
18.0,1.0,5.315789473684211,18.742382271468145,2.8947368421052633,20.166666666666668,0.0,1.0,42000089,15,interactive/mixed/batch,SJF,0.47585227272727276,0.0,0.04971590909091045,0.2968750000000012,0.4616477272727265,0.75
16.0,1.0,5.823529411764706,17.086505190311417,2.9411764705882355,15.125,0.0,1.0,42000089,16,interactive/mixed/batch,SJF,0.3743169398907099,0.0,0.22131147540983573,0.3428961748633881,0.41256830601092914,0.75
13.0,1.0,5.714285714285714,13.204081632653061,2.9285714285714284,15.307692307692308,0.0,1.0,42000089,17,interactive/mixed/batch,SJF,0.2931034482758617,0.0,0.2892720306513404,0.32758620689655327,0.3448275862068972,0.75
13.0,0.0,4.615384615384615,9.928994082840237,2.923076923076923,12.307692307692308,0.0,1.0,42000089,18,interactive/mixed/batch,SJF,0.4083601286173657,0.0,0.33762057877813634,0.35048231511254224,0.30868167202572305,0.75
11.0,0.0,7.545454545454546,38.06611570247934,3,10.181818181818182,0.0,1.0,42000089,19,interactive/mixed/batch,SJF,0.1562499999999978,0.0,0.2697368421052627,0.3601973684210526,0.2598684210526305,0.75
11.0,0.0,8.909090909090908,54.99173553719008,3,9.545454545454545,0.0,1.0,42000089,20,interactive/mixed/batch,SJF,0.11184210526315817,0.0,0.032894736842105095,0.3355263157894745,0.22368421052631635,0.75
9.0,1.0,10,39,3.2,11,0.0,1.0,42000089,21,interactive/mixed/batch,SJF,0.07110091743119043,0.0,0.0,0.32110091743119484,0.22706422018348482,0.75
10.0,0.0,9.7,40.41,3.2,8.8,0.0,1.0,42000089,22,interactive/mixed/batch,SJF,0.27577319587628996,0.0,0.0,0.31443298969072236,0.3118556701030909,0.75
8.0,0.0,9.625,24.234375,3.125,8.625,0.0,0.0,42000089,23,interactive/mixed/batch,SJF,0.1729323308270692,0.0,0.0,0.33082706766917525,0.2218045112781959,0.75
6.0,0.0,9.666666666666666,15.555555555555555,3.5,8,0.0,0.0,42000089,24,interactive/mixed/batch,SJF,0.20175438596491407,0.0,0.0,0.31140350877193296,0.13157894736841927,0.75
5.0,0.0,7.4,9.44,3.2,4.6,0.0,0.0,42000089,25,interactive/mixed/batch,SJF,0.31410256410256887,0.0,0.0,0.3397435897435964,0.23717948717948623,0.75
4.0,0.0,4.25,8.1875,2.75,5,0.0,0.0,42000089,26,interactive/mixed/batch,SJF,0.4423076923076694,0.0,0.0,0.25,0.32692307692308264,0.75
9.0,0.0,13.777777777777779,52.39506172839506,2.3333333333333335,6.222222222222222,9.0,0.0,42000090,0,cpu_intensive/interactive/io_intensive,SRTF,0.2943599493029151,0.08772935779816514,0.07667934093789606,0.4312021081150219,0.3603213916117255,0.8721330275229358
20.0,1.0,6.571428571428571,42.34013605442177,2.5714285714285716,10.05,12.0,0.07692307692307693,42000090,1,cpu_intensive/interactive/io_intensive,SJF,0.3613861386138614,0.12868480725623582,0.1707920792079208,0.34438494869895153,0.4092409240924092,0.8752834467120181
30.0,2.0,4.84375,28.6943359375,2.71875,15.8,11.0,0.08333333333333333,42000090,2,cpu_intensive/interactive/io_intensive,SJF,0.5699233716475096,0.07875,0.20019157088122605,0.313022030651341,0.512844827586207,0.8318749999999999
30.0,2.0,4.6875,24.46484375,2.71875,23.433333333333334,0.0,1.0,42000090,3,cpu_intensive/interactive/io_intensive,SJF,0.4331960972308387,0.2063758389261745,0.2755371947436693,0.3100840336134454,0.43403361344537816,0.8473154362416107
31.0,1.0,4.625,23.234375,2.71875,27.096774193548388,0.0,1.0,42000090,4,cpu_intensive/interactive/io_intensive,SJF,0.34932793878656554,0.25,0.3110356852654388,0.2540628385698808,0.734375,0.6690310130010834
31.0,0.0,4.483870967741935,19.411030176899065,2.7419354838709675,27.548387096774192,0.0,1.0,42000090,5,cpu_intensive/interactive/io_intensive,SJF,0.4223512336719884,0.0,0.34034833091436867,0.3439767779390421,0.35123367198838895,0.75
31.0,0.0,4.032258064516129,20.16024973985432,2.7419354838709675,28.35483870967742,0.0,1.0,42000090,6,cpu_intensive/interactive/io_intensive,SJF,0.25673534072900156,0.0,0.25673534072900156,0.34072900158478603,0.22503961965134706,0.75
28.0,2.0,3.8666666666666667,19.915555555555557,2.7,30.357142857142858,0.0,1.0,42000090,7,cpu_intensive/interactive/io_intensive,SJF,0.20959595959595956,0.0,0.24579124579124578,0.3021885521885522,0.5,0.7306397306397306
29.0,0.0,3.7586206896551726,16.59690844233056,2.6206896551724137,27.20689655172414,0.0,1.0,42000090,8,cpu_intensive/interactive/io_intensive,SJF,0.2854785478547855,0.0,0.2665016501650165,0.3102310231023102,0.31600660066006603,0.75
27.0,2.0,4.620689655172414,34.64922711058264,2.6206896551724137,24.555555555555557,0.0,1.0,42000090,9,cpu_intensive/interactive/io_intensive,SJF,0.1984126984126984,0.0,0.125,0.2847222222222222,0.5,0.7242063492063492
27.0,2.0,4.551724137931035,33.902497027348396,2.6206896551724137,23.444444444444443,0.0,1.0,42000090,10,cpu_intensive/interactive/io_intensive,SJF,0.5,0.0,0.09647495361781076,0.25139146567717996,0.33766233766233766,0.7166048237476809
27.0,0.0,4.222222222222222,31.135802469135804,2.6296296296296298,23.925925925925927,0.0,1.0,42000090,11,cpu_intensive/interactive/io_intensive,SJF,0.13185378590078328,0.0,0.2493472584856397,0.23890339425587465,0.18929503916449086,0.75
23.0,1.0,4.333333333333333,33.638888888888886,2.5416666666666665,24.304347826086957,0.0,1.0,42000090,12,cpu_intensive/interactive/io_intensive,SJF,0.15063291139240506,0.0,0.20126582278481012,0.2683544303797468,0.289873417721519,0.75
20.0,2.0,4.2727272727272725,33.19834710743802,2.5,22.9,0.0,1.0,42000090,13,cpu_intensive/interactive/io_intensive,SJF,0.49862258953168037,0.0,0.2066115702479339,0.2630853994490358,0.15013774104683195,0.75
18.0,3.0,5.0476190476190474,41.188208616780045,2.5714285714285716,20,0.0,1.0,42000090,14,cpu_intensive/interactive/io_intensive,SJF,0.23164556962025318,0.0,0.02784810126582278,0.26582278481012656,0.5,0.7170886075949368
18.0,2.0,4.9,36.99,2.45,16.444444444444443,0.0,1.0,42000090,15,cpu_intensive/interactive/io_intensive,SJF,0.42160278745644597,0.0,0.07491289198606271,0.2229965156794425,0.42160278745644597,0.75
15.0,3.0,4.944444444444445,36.83024691358025,2.3333333333333335,16.933333333333334,0.0,1.0,42000090,16,cpu_intensive/interactive/io_intensive,SJF,0.32432432432432434,0.0,0.07939189189189189,0.27364864864864863,0.4341216216216216,0.75
16.0,1.0,5.882352941176471,47.98615916955017,2.176470588235294,13.625,0.0,1.0,42000090,17,cpu_intensive/interactive/io_intensive,SRTF,0.38702928870292885,0.02092050209205021,0.0,0.2196652719665272,0.43305439330543927,0.75
14.0,0.0,6,52,2.357142857142857,14.642857142857142,0.0,1.0,42000090,18,cpu_intensive/interactive/io_intensive,SJF,0.5,0.0,0.0025252525252525255,0.23232323232323232,0.3888888888888889,0.75
8.0,1.0,7.444444444444445,54.46913580246913,2.2222222222222223,12.125,0.0,1.0,42000090,19,cpu_intensive/interactive/io_intensive,SRTF,0.37337662337662336,0.022727272727272728,0.0,0.2824675324675325,0.5,0.7402597402597403
6.0,0.0,8.833333333333334,34.47222222222222,1.6666666666666667,4.666666666666667,0.0,1.0,42000090,20,cpu_intensive/interactive/io_intensive,SRTF,0.3564356435643564,0.009900990099009901,0.0,0.297029702970297,0.3564356435643564,0.75
4.0,0.0,8.25,16.1875,1.75,3.75,0.0,0.0,42000090,21,cpu_intensive/interactive/io_intensive,SRTF,0.17543859649122806,0.02631578947368421,0.0,0.22807017543859648,0.17543859649122806,0.75
3.0,0.0,4.333333333333333,4.222222222222222,1.3333333333333333,2,0.0,0.0,42000090,22,cpu_intensive/interactive/io_intensive,SRTF,0.1,0.1,0.0,0.13333333333333333,0.1,0.75
12.0,1.0,9.538461538461538,60.094674556213015,2.5384615384615383,8.333333333333334,13.0,0.0,42000091,0,mixed/cpu_intensive/io_intensive,SRTF,0.75,0.18326693227091634,0.1821273008052607,0.2879558948261238,0.49370372623162984,0.6922885219089714
20.0,1.0,10.523809523809524,53.96371882086168,2.9047619047619047,12.95,8.0,0.2,42000091,1,mixed/cpu_intensive/io_intensive,SJF,0.75,0.13120104438642297,0.17432432432432432,0.4189383247477242,0.5282760567355868,0.8978741796626915
32.0,0.0,7.3125,42.52734375,2.84375,15.8125,11.0,0.21428571428571427,42000091,2,mixed/cpu_intensive/io_intensive,SJF,0.75,0.1348973607038123,0.18886679920477137,0.3467610757740945,0.4701264553441813,0.7711677151169231
31.0,1.0,6.84375,39.4443359375,2.84375,23.516129032258064,0.0,1.0,42000091,3,mixed/cpu_intensive/io_intensive,SJF,0.6887794967963744,0.1388888888888889,0.22866854195968123,0.32208157524613223,0.5573136427566807,0.845679012345679
30.0,2.0,6.65625,39.3505859375,2.84375,28.266666666666666,0.0,1.0,42000091,4,mixed/cpu_intensive/io_intensive,SJF,0.622093023255814,0.07364341085271318,0.18645122412157777,0.2534498620055198,0.468951241950322,0.6434429444527645
32.0,0.0,6.21875,33.9833984375,2.84375,26.25,0.0,1.0,42000091,5,mixed/cpu_intensive/io_intensive,SJF,0.5,0.0,0.1904096834264432,0.24441340782122906,0.25977653631284914,0.5986964618249534
29.0,3.0,5.96875,29.9052734375,2.84375,29,0.0,1.0,42000091,6,mixed/cpu_intensive/io_intensive,SJF,0.47112462006079026,0.0,0.2310030395136778,0.30927051671732525,0.22112462006079026,0.75
31.0,1.0,5.875,25.921875,2.84375,25.580645161290324,0.0,1.0,42000091,7,mixed/cpu_intensive/io_intensive,SJF,0.3466666666666667,0.0,0.21555555555555556,0.3348148148148148,0.30518518518518517,0.75
31.0,0.0,5.451612903225806,24.247658688865766,2.903225806451613,26.451612903225808,0.0,1.0,42000091,8,mixed/cpu_intensive/io_intensive,SJF,0.3575712143928036,0.0,0.2661169415292354,0.3403298350824588,0.37031484257871067,0.75
29.0,1.0,5.266666666666667,22.06222222222222,2.933333333333333,28.79310344827586,0.0,1.0,42000091,9,mixed/cpu_intensive/io_intensive,SJF,0.5,0.0,0.14720812182741116,0.25380710659898476,0.15291878172588833,0.6554568527918782
27.0,2.0,5.344827586206897,19.674197384066588,2.9310344827586206,27.85185185185185,0.0,1.0,42000091,10,mixed/cpu_intensive/io_intensive,SJF,0.3243697478991597,0.0,0.05966386554621849,0.31596638655462184,0.20252100840336135,0.75
29.0,0.0,4.827586206896552,17.728894173602853,2.9310344827586206,23.82758620689655,0.0,1.0,42000091,11,mixed/cpu_intensive/io_intensive,SJF,0.29678068410462777,0.0,0.1096579476861167,0.30181086519114686,0.24849094567404428,0.75
26.0,2.0,4.321428571428571,17.8609693877551,2.892857142857143,27.076923076923077,0.0,0.0,42000091,12,mixed/cpu_intensive/io_intensive,SJF,0.5,0.0,0.09305555555555556,0.24305555555555552,0.20972222222222223,0.6458333333333333
26.0,1.0,4.037037037037037,16.1838134430727,2.962962962962963,24.576923076923077,0.0,1.0,42000091,13,mixed/cpu_intensive/io_intensive,SJF,0.5,0.0,0.0904,0.2632,0.2792,0.6644
26.0,0.0,3.5384615384615383,13.78698224852071,2.8846153846153846,23.653846153846153,0.0,1.0,42000091,14,mixed/cpu_intensive/io_intensive,SJF,0.5,0.0,0.16419294990723562,0.22356215213358072,0.25510204081632654,0.6841372912801484
23.0,1.0,3.6666666666666665,11.972222222222221,2.9166666666666665,20.304347826086957,0.0,1.0,42000091,15,mixed/cpu_intensive/io_intensive,SJF,0.45717592592592593,0.0,0.24421296296296297,0.29050925925925924,0.34375,0.75
22.0,0.0,5.136363636363637,36.299586776859506,3,17.545454545454547,0.0,1.0,42000091,16,mixed/cpu_intensive/io_intensive,SJF,0.47887323943661964,0.0,0.11549295774647887,0.252112676056338,0.2802816901408451,0.75
18.0,2.0,5.4,37.54,3.05,20,0.0,1.0,42000091,17,mixed/cpu_intensive/io_intensive,SJF,0.3683385579937304,0.0,0.03134796238244514,0.25862068965517243,0.26489028213166144,0.75
18.0,0.0,7.333333333333333,59.77777777777778,3.1666666666666665,16.72222222222222,0.0,1.0,42000091,18,mixed/cpu_intensive/io_intensive,FCFS,0.0,0.028735632183908046,0.06130268199233717,0.24904214559386972,0.25862068965517243,0.75
15.0,0.0,10.266666666666667,73.66222222222223,3,14.933333333333334,0.0,1.0,42000091,19,mixed/cpu_intensive/io_intensive,SJF,0.33222591362126247,0.0,0.15780730897009967,0.32558139534883723,0.25249169435215946,0.75
13.0,0.0,10.384615384615385,68.23668639053254,3.076923076923077,14.615384615384615,0.0,0.0,42000091,20,mixed/cpu_intensive/io_intensive,SJF,0.25873015873015875,0.0,0.24444444444444446,0.35714285714285715,0.24761904761904763,0.75
12.0,0.0,11.333333333333334,53.55555555555556,3,9.166666666666666,0.0,1.0,42000091,21,mixed/cpu_intensive/io_intensive,SJF,0.22500000000000003,0.0,0.17708333333333334,0.34375,0.1875,0.75
11.0,0.0,10.545454545454545,48.06611570247934,3.090909090909091,10.727272727272727,0.0,0.0,42000091,22,mixed/cpu_intensive/io_intensive,SJF,0.20216606498194944,0.0,0.09927797833935018,0.3592057761732852,0.1299638989169675,0.75
9.0,0.0,13.666666666666666,42,3.2222222222222223,9.777777777777779,0.0,1.0,42000091,23,mixed/cpu_intensive/io_intensive,SJF,0.028985507246376812,0.0,0.0748792270531401,0.34541062801932365,0.00966183574879227,0.75
8.0,1.0,14.555555555555555,47.135802469135804,3.2222222222222223,8,0.0,0.0,42000091,24,mixed/cpu_intensive/io_intensive,Priority,0.09691629955947137,0.04405286343612335,0.024229074889867842,0.35462555066079293,0.0,0.75
9.0,0.0,12.333333333333334,50,3.2222222222222223,8,0.0,1.0,42000091,25,mixed/cpu_intensive/io_intensive,SRTF,0.1807511737089202,0.01643192488262911,0.0,0.3615023474178404,0.09624413145539906,0.75
9.0,0.0,10.11111111111111,49.65432098765432,3.2222222222222223,8,0.0,0.0,42000091,26,mixed/cpu_intensive/io_intensive,SRTF,0.2877094972067039,0.01675977653631285,0.0,0.36312849162011174,0.19273743016759776,0.75
8.0,0.0,8.75,47.6875,3.375,7.125,0.0,0.0,42000091,27,mixed/cpu_intensive/io_intensive,SJF,0.36666666666666664,0.0,0.0,0.31,0.32666666666666666,0.75
6.0,0.0,8.5,38.583333333333336,3.1666666666666665,6.666666666666667,0.0,0.0,42000091,28,mixed/cpu_intensive/io_intensive,SRTF,0.43373493975903615,0.03614457831325301,0.0,0.4036144578313253,0.39759036144578314,0.75
5.0,0.0,6,34.4,3,4.2,0.0,0.0,42000091,29,mixed/cpu_intensive/io_intensive,SRTF,0.3404255319148936,0.0425531914893617,0.0,0.18085106382978725,0.44680851063829785,0.75
2.0,0.0,5,4,3,1,0.0,0.0,42000091,30,mixed/cpu_intensive/io_intensive,SRTF,0.15384615384615385,0.15384615384615385,0.0,0.15384615384615385,0.15384615384615385,0.75
14.0,0.0,5.857142857142857,86.40816326530613,2.7857142857142856,6.285714285714286,14.0,0.3,42000092,0,interactive/cpu_intensive/batch,SJF,0.1612318840579704,0.014084507042253528,0.1624292858600881,0.2249383985069837,0.38496376811594213,0.7660965794768612
20.0,1.0,11.857142857142858,122.31292517006803,2.9047619047619047,9.95,7.0,0.5,42000092,1,interactive/cpu_intensive/batch,SJF,0.7217391304347827,0.1054347826086957,0.16686321335368554,0.19762174405435998,0.7239524348810867,0.6236908513466933
28.0,1.0,12.241379310344827,81.90725326991677,3.0344827586206895,17.607142857142858,9.0,0.18181818181818182,42000092,2,interactive/cpu_intensive/batch,SJF,0.1691176470588235,0.158443419740778,0.22681331006979094,0.32966101694915284,0.450847457627119,0.8143382352941175
29.0,0.0,11.89655172413793,81.95481569560047,3.0344827586206895,24.103448275862068,0.0,1.0,42000092,3,interactive/cpu_intensive/batch,SJF,0.3344854070660527,0.2007180886761216,0.2063106796116505,0.3440860215053766,0.4304710452925298,0.7949029126213593
28.0,1.0,11.310344827586206,78.07609988109394,3.0344827586206895,27.928571428571427,0.0,0.0,42000092,4,interactive/cpu_intensive/batch,SJF,0.138607594936709,0.0,0.046202531645569665,0.21518987341772167,0.5,0.5936708860759492
24.0,2.0,12.26923076923077,60.58136094674556,2.9615384615384617,27.166666666666668,0.0,1.0,42000092,5,interactive/cpu_intensive/batch,Priority,0.14527629233511544,0.040106951871657776,0.06327985739750408,0.3386809269162211,0.0,0.75
25.0,0.0,12.12,58.2656,2.92,25.44,0.0,1.0,42000092,6,interactive/cpu_intensive/batch,Priority,0.5,0.006130790190735461,0.055177111716621,0.26771117166212527,0.0,0.6369209809264305
24.0,1.0,11.4,56.16,2.92,25.5,0.0,0.0,42000092,7,interactive/cpu_intensive/batch,SJF,0.41241496598639504,0.0,0.08078231292517055,0.3528911564625854,0.06802721088435423,0.75
24.0,1.0,10.84,50.8544,2.92,24.375,0.0,1.0,42000092,8,interactive/cpu_intensive/batch,SRTF,0.1186736474694591,0.015706806282722512,0.0,0.34904013961605623,0.12652705061082065,0.75
25.0,0.0,10.04,52.6784,2.92,23.44,0.0,1.0,42000092,9,interactive/cpu_intensive/batch,SJF,0.13107638888888906,0.0,0.16840277777777807,0.35416666666666685,0.1545138888888891,0.75
22.0,2.0,9.958333333333334,42.20659722222222,2.9166666666666665,25.045454545454547,0.0,1.0,42000092,10,interactive/cpu_intensive/batch,SJF,0.1222426470588237,0.0,0.1424632352941176,0.34742647058823545,0.2610294117647062,0.75
23.0,1.0,9.625,41.651041666666664,2.9166666666666665,23.043478260869566,0.0,1.0,42000092,11,interactive/cpu_intensive/batch,SJF,0.5,0.0,0.054091539528432514,0.3016643550624134,0.3626907073509017,0.6653952843273232
24.0,0.0,8.791666666666666,36.16493055555556,2.9166666666666665,21.833333333333332,0.0,1.0,42000092,12,interactive/cpu_intensive/batch,SJF,0.5,0.0,0.07604895104895137,0.259615384615385,0.3872377622377628,0.6520979020979026
22.0,0.0,8.772727272727273,35.539256198347104,3,22.681818181818183,0.0,1.0,42000092,13,interactive/cpu_intensive/batch,SJF,0.445866141732284,0.0,0.010826771653543529,0.3336614173228349,0.46555118110236227,0.75
21.0,0.0,9.523809523809524,27.868480725623584,3.0476190476190474,19.38095238095238,0.0,1.0,42000092,14,interactive/cpu_intensive/batch,SRTF,0.2954545454545453,0.0033670033670031778,0.0,0.25336700336700363,0.5,0.6388888888888894
18.0,0.0,10,20,3.1666666666666665,19.5,0.0,0.0,42000092,15,interactive/cpu_intensive/batch,SJF,0.4222737819025524,0.0,0.005800464037122845,0.3538283062645014,0.4222737819025524,0.75
18.0,0.0,8.88888888888889,19.432098765432098,3.1666666666666665,17.77777777777778,0.0,0.0,42000092,16,interactive/cpu_intensive/batch,SJF,0.2625482625482627,0.0,0.08880308880308876,0.2654440154440156,0.5,0.6361003861003859
17.0,0.0,8.235294117647058,14.768166089965398,3.1176470588235294,17.529411764705884,0.0,0.0,42000092,17,interactive/cpu_intensive/batch,SJF,0.16015624999999986,0.0,0.1276041666666673,0.3450520833333336,0.32552083333333365,0.75
17.0,0.0,7.0588235294117645,16.525951557093425,3.1176470588235294,16.352941176470587,0.0,0.0,42000092,18,interactive/cpu_intensive/batch,SJF,0.377611940298507,0.0,0.205970149253732,0.326865671641791,0.42537313432835755,0.75
15.0,0.0,6.733333333333333,12.995555555555555,2.933333333333333,16.333333333333332,0.0,0.0,42000092,19,interactive/cpu_intensive/batch,SJF,0.3253205128205132,0.0,0.13461538461538516,0.3269230769230775,0.5,0.7323717948717962
13.0,0.0,6.230769230769231,10.331360946745562,3,15.153846153846153,0.0,0.0,42000092,20,interactive/cpu_intensive/batch,SJF,0.2809187279151937,0.0,0.14664310954063697,0.3462897526501767,0.3445229681978797,0.75
12.0,0.0,8.5,42.416666666666664,2.9166666666666665,10.916666666666666,0.0,1.0,42000092,21,interactive/cpu_intensive/batch,SJF,0.41372549019607663,0.0,0.17647058823529413,0.33921568627450893,0.4333333333333318,0.75
11.0,0.0,7.454545454545454,39.33884297520661,2.909090909090909,10.727272727272727,0.0,0.0,42000092,22,interactive/cpu_intensive/batch,SJF,0.2520833333333329,0.0,0.2874999999999993,0.32083333333333286,0.38333333333333286,0.75
10.0,0.0,6.3,45.81,3,9.7,0.0,0.0,42000092,23,interactive/cpu_intensive/batch,SJF,0.270925110132158,0.0,0.29735682819383275,0.3259911894273132,0.317180616740089,0.75
9.0,0.0,7.333333333333333,66.44444444444444,2.7777777777777777,8.333333333333334,0.0,1.0,42000092,24,interactive/cpu_intensive/batch,SJF,0.23958333333333426,0.0,0.22291666666666643,0.3416666666666671,0.28333333333333355,0.75
8.0,0.0,15.375,101.984375,2.5,6.5,0.0,1.0,42000092,25,interactive/cpu_intensive/batch,SJF,0.1479289940828401,0.0,0.0,0.32544378698224863,0.1479289940828401,0.75
6.0,0.0,17.166666666666668,48.138888888888886,2.6666666666666665,5,0.0,0.0,42000092,26,interactive/cpu_intensive/batch,FCFS,0.0,0.02857142857142704,0.02857142857142704,0.3285714285714293,0.05357142857142874,0.75
6.0,0.0,13.833333333333334,40.80555555555556,2.6666666666666665,5,0.0,0.0,42000092,27,interactive/cpu_intensive/batch,SJF,0.05555555555555464,0.0,0.0,0.3124999999999993,0.09722222222222239,0.75
5.0,0.0,12.8,11.36,2.2,4,0.0,0.0,42000092,28,interactive/cpu_intensive/batch,SJF,0.1377952755905489,0.0,0.0,0.354330708661416,0.1377952755905489,0.75
5.0,0.0,8.8,11.36,2.2,4,0.0,0.0,42000092,29,interactive/cpu_intensive/batch,SJF,0.18316831683167994,0.0,0.0,0.316831683168315,0.18316831683167994,0.75
5.0,0.0,4.8,11.36,2.2,4,0.0,0.0,42000092,30,interactive/cpu_intensive/batch,SJF,0.2049180327868835,0.0,0.0,0.19672131147541005,0.2704918032786906,0.75
1.0,0.0,3,0,2,2,0.0,0.0,42000092,31,interactive/cpu_intensive/batch,FCFS,0.0,0.0,0.0,0.0,0.0,0.75
10.0,3.0,2.3846153846153846,0.8520710059171598,2.5384615384615383,5.2,13.0,0.23529411764705882,42000093,0,interactive/io_intensive/mixed,SJF,0.3193181818181817,0.04659090909090911,0.2017045454545455,0.2916193181818183,0.4545454545454547,0.9125
21.0,1.0,2.409090909090909,7.332644628099174,3.1363636363636362,12.238095238095237,12.0,0.29411764705882354,42000093,1,interactive/io_intensive/mixed,SJF,0.37235653235653254,0.0930769230769231,0.2823343323343326,0.2950937950937952,0.37914862914862935,0.8638461538461539
27.0,5.0,4.28125,37.0146484375,2.875,15.555555555555555,11.0,0.21428571428571427,42000093,2,interactive/io_intensive/mixed,SJF,0.5594083312337277,0.09821428571428573,0.2582138307998093,0.3340192043895746,0.7307956104252402,0.815688775510204
32.0,0.0,4.375,35.421875,2.875,18.21875,0.0,1.0,42000093,3,interactive/io_intensive/mixed,SJF,0.36485035783994824,0.2413793103448277,0.3151322923443938,0.3345911949685536,0.75,0.8236337020169167
31.0,1.0,4.3125,30.40234375,2.875,23.70967741935484,0.0,1.0,42000093,4,interactive/io_intensive/mixed,SJF,0.42974673946011543,0.25,0.48328025477707015,0.3025477707006369,0.42974673946011543,0.7678571428571426
29.0,2.0,4.354838709677419,28.29344432882414,2.870967741935484,25.379310344827587,0.0,1.0,42000093,5,interactive/io_intensive/mixed,SJF,0.23298816568047345,0.0,0.2670118343195266,0.2928994082840238,0.5,0.7278106508875745
29.0,2.0,4.258064516129032,28.707596253902185,2.870967741935484,24.689655172413794,0.0,1.0,42000093,6,interactive/io_intensive/mixed,SJF,0.4597855227882033,0.0,0.19436997319034816,0.28686327077747975,0.5,0.6809651474530831
31.0,0.0,3.935483870967742,23.737773152965662,2.870967741935484,25,0.0,1.0,42000093,7,interactive/io_intensive/mixed,SJF,0.32792792792792824,0.0,0.2612612612612619,0.27117117117117145,0.5,0.7490990990990993
29.0,2.0,3.967741935483871,22.611862643080126,2.870967741935484,26.17241379310345,0.0,1.0,42000093,8,interactive/io_intensive/mixed,SJF,0.2339901477832515,0.0,0.18472906403940867,0.26108374384236455,0.5,0.7105911330049258
27.0,2.0,4.275862068965517,22.958382877526756,2.793103448275862,24.333333333333332,0.0,1.0,42000093,9,interactive/io_intensive/mixed,SJF,0.5,0.0,0.11210762331838534,0.25859491778774285,0.49775784753363206,0.6603139013452912
28.0,0.0,3.892857142857143,19.238520408163264,2.7857142857142856,24.928571428571427,0.0,1.0,42000093,10,interactive/io_intensive/mixed,SJF,0.3703703703703695,0.0,0.146913580246913,0.26913580246913527,0.41851851851851807,0.75
24.0,0.0,3.75,22.354166666666668,2.6666666666666665,27.208333333333332,0.0,1.0,42000093,11,interactive/io_intensive/mixed,SJF,0.18329177057356658,0.0,0.1421446384039909,0.2905236907730677,0.5,0.7437655860349129
21.0,0.0,3.5238095238095237,22.820861678004537,2.619047619047619,27.714285714285715,0.0,1.0,42000093,12,interactive/io_intensive/mixed,SJF,0.5,0.0,0.0831578947368425,0.2252631578947371,0.35473684210526296,0.6278947368421051
16.0,2.0,3.7777777777777777,22.395061728395063,2.7222222222222223,21.1875,0.0,1.0,42000093,13,interactive/io_intensive/mixed,SJF,0.35214007782101137,0.0,0.03891050583657501,0.23735408560311272,0.48832684824902794,0.75
12.0,2.0,4.142857142857143,20.408163265306122,2.5,13.5,0.0,1.0,42000093,14,interactive/io_intensive/mixed,SJF,0.22362869198312302,0.0,0.06751054852320641,0.3101265822784813,0.44514767932489413,0.75
13.0,0.0,2.923076923076923,18.994082840236686,2.6153846153846154,10.846153846153847,0.0,1.0,42000093,15,interactive/io_intensive/mixed,SRTF,0.2890624999999992,0.023437500000000083,0.0,0.25,0.4218750000000015,0.75
6.0,4.0,5.4,17.24,2.7,3,0.0,1.0,42000093,16,interactive/io_intensive/mixed,SJF,0.4209039548022604,0.0,0.10734463276836051,0.30508474576271244,0.40677966101694996,0.75
8.0,0.0,4.375,13.734375,2.5,7.625,0.0,1.0,42000093,17,interactive/io_intensive/mixed,SRTF,0.4558823529411766,0.1438898450946643,0.07843137254902158,0.2647058823529403,0.4607843137254892,0.75
3.0,1.0,7.75,29.1875,1.5,3.3333333333333335,0.0,0.0,42000093,18,interactive/io_intensive/mixed,SJF,0.11538461538461438,0.0,0.0,0.20512820512820917,0.15384615384615688,0.75
2.0,0.0,5.5,20.25,1.5,1,0.0,1.0,42000093,19,interactive/io_intensive/mixed,SJF,0.5,0.0,0.0,0.11111111111108585,0.0,0.3055555555555429
10.0,5.0,5.733333333333333,56.595555555555556,3.3333333333333335,6.6,15.0,0.16666666666666666,42000094,0,io_intensive/cpu_intensive/batch,SJF,0.75,0.048543689320388356,0.11286656199381943,0.17656090071647904,0.41094692490385654,0.5747029990758314
22.0,1.0,9.26086956521739,59.58412098298677,3.1739130434782608,9.090909090909092,8.0,0.5294117647058824,42000094,1,io_intensive/cpu_intensive/batch,SJF,0.26108033240997286,0.15414110429447853,0.3059667250140202,0.3531855955678671,0.6727584419557132,0.8220858895705521
29.0,1.0,10.266666666666667,53.66222222222222,3.2666666666666666,17.103448275862068,7.0,0.36363636363636365,42000094,2,io_intensive/cpu_intensive/batch,SJF,0.75,0.14270833333333333,0.20885707635009368,0.20670391061452523,0.3005179236499072,0.6475791433891992
29.0,1.0,9.833333333333334,49.47222222222222,3.2666666666666666,23.413793103448278,0.0,1.0,42000094,3,io_intensive/cpu_intensive/batch,SJF,0.75,0.16090425531914893,0.28018281780797394,0.24369747899159655,0.6037457536205973,0.6492043625961023
29.0,1.0,9.233333333333333,44.11222222222222,3.2666666666666666,27.379310344827587,0.0,1.0,42000094,4,io_intensive/cpu_intensive/batch,SJF,0.37175324675324695,0.0,0.1558441558441555,0.3076298701298704,0.40503246753246797,0.75
28.0,2.0,9,38.86666666666667,3.2666666666666666,27.428571428571427,0.0,1.0,42000094,5,io_intensive/cpu_intensive/batch,SJF,0.16817593790426955,0.0,0.10802069857697283,0.32276843467011646,0.5,0.7131306597671414
29.0,0.0,8.793103448275861,35.612366230677765,3.2413793103448274,25.17241379310345,0.0,1.0,42000094,6,io_intensive/cpu_intensive/batch,SJF,0.3589743589743596,0.0,0.0498575498575495,0.2898860398860401,0.5,0.6844729344729344
28.0,1.0,8.206896551724139,31.819262782401903,3.2413793103448274,26.928571428571427,0.0,0.0,42000094,7,io_intensive/cpu_intensive/batch,SJF,0.20542635658914732,0.0,0.061046511627907675,0.30135658914728725,0.19089147286821706,0.75
27.0,1.0,8.071428571428571,28.994897959183675,3.25,26.925925925925927,0.0,1.0,42000094,8,io_intensive/cpu_intensive/batch,SJF,0.0933333333333323,0.0,0.025833333333332577,0.3258333333333326,0.5,0.7316666666666662
27.0,0.0,7.703703703703703,24.949245541838135,3.185185185185185,25.77777777777778,0.0,1.0,42000094,9,io_intensive/cpu_intensive/batch,SJF,0.16609294320137696,0.0,0.1084337349397587,0.3373493975903612,0.4165232358003439,0.75
26.0,0.0,7.230769230769231,24.485207100591715,3.230769230769231,26.653846153846153,0.0,0.0,42000094,10,io_intensive/cpu_intensive/batch,SJF,0.5,0.0,0.08664955070603328,0.22336328626444177,0.26893453145057794,0.587612323491656
23.0,2.0,7,21.44,3.16,26.08695652173913,0.0,1.0,42000094,11,io_intensive/cpu_intensive/batch,SJF,0.5,0.0,0.06730769230769172,0.31508875739644987,0.3254437869822494,0.6945266272189349
25.0,0.0,6.64,19.3504,3.16,22.84,0.0,1.0,42000094,12,io_intensive/cpu_intensive/batch,SJF,0.27403846153846184,0.0,0.029807692307691466,0.310576923076923,0.29326923076923,0.75
22.0,2.0,6.583333333333333,13.909722222222221,3.1666666666666665,21.818181818181817,0.0,1.0,42000094,13,io_intensive/cpu_intensive/batch,SJF,0.28941684665226786,0.0,0.05183585313174834,0.32073434125269895,0.266738660907126,0.75
24.0,0.0,5.875,14.359375,3.1666666666666665,20.25,0.0,1.0,42000094,14,io_intensive/cpu_intensive/batch,SRTF,0.21784232365145234,0.024896265560164565,0.0,0.3257261410788374,0.47199170124481216,0.75
23.0,0.0,5.260869565217392,11.497164461247637,3.260869565217391,22.608695652173914,0.0,0.0,42000094,15,io_intensive/cpu_intensive/batch,SRTF,0.08992805755395698,0.00239808153477205,0.0,0.30695443645083875,0.455635491606714,0.75
20.0,2.0,4.818181818181818,10.785123966942148,3.3636363636363638,23.9,0.0,0.0,42000094,16,io_intensive/cpu_intensive/batch,SJF,0.33379120879120994,0.0,0.026098901098900798,0.2939560439560438,0.4697802197802191,0.75
19.0,0.0,5,9.789473684210526,3.263157894736842,22.57894736842105,0.0,1.0,42000094,17,io_intensive/cpu_intensive/batch,SJF,0.5,0.0,0.14714285714285708,0.3085714285714276,0.3085714285714276,0.7385714285714268
18.0,0.0,4.444444444444445,9.246913580246913,3.3333333333333335,19.22222222222222,0.0,1.0,42000094,18,io_intensive/cpu_intensive/batch,SJF,0.2472527472527474,0.0,0.1717032967032976,0.3351648351648351,0.4134615384615375,0.75
16.0,0.0,5.1875,26.77734375,3.5625,17,0.0,1.0,42000094,19,io_intensive/cpu_intensive/batch,SJF,0.1298932384341638,0.0,0.16903914590747418,0.2864768683274023,0.4359430604982213,0.75
13.0,0.0,6.538461538461538,55.78698224852071,3.3846153846153846,13.76923076923077,0.0,1.0,42000094,20,io_intensive/cpu_intensive/batch,SRTF,0.3771186440677965,0.00635593220339127,0.0,0.29237288135593337,0.447033898305086,0.75
9.0,1.0,8.9,51.09,3.5,10.11111111111111,0.0,1.0,42000094,21,io_intensive/cpu_intensive/batch,SJF,0.21703296703296654,0.0,0.16758241758241518,0.3049450549450542,0.38186813186813146,0.75
9.0,0.0,7.777777777777778,49.06172839506173,3.4444444444444446,8.666666666666666,0.0,1.0,42000094,22,io_intensive/cpu_intensive/batch,SJF,0.2936507936507913,0.0,0.0833333333333322,0.3293650793650785,0.40079365079365276,0.75
5.0,0.0,10,32.8,3.8,4.4,0.0,0.0,42000094,23,io_intensive/cpu_intensive/batch,SJF,0.23750000000000615,0.0,0.05000000000000746,0.5,0.18749999999999867,0.6687499999999998
5.0,0.0,11.4,63.04,3.8,4,0.0,1.0,42000094,24,io_intensive/cpu_intensive/batch,SJF,0.2542372881355893,0.0,0.0,0.4745762711864353,0.27118644067796094,0.75
4.0,0.0,9,54,3.5,3,0.0,0.0,42000094,25,io_intensive/cpu_intensive/batch,SJF,0.5,0.0,0.0,0.3095238095238047,0.23809523809523905,0.5952380952380977
3.0,0.0,5.666666666666667,43.55555555555556,3.6666666666666665,2,0.0,0.0,42000094,26,io_intensive/cpu_intensive/batch,SJF,0.5,0.0,0.0,0.07142857142857142,0.5,0.6071428571428571
9.0,0.0,18.88888888888889,26.54320987654321,3,5.888888888888889,9.0,0.0,42000095,0,cpu_intensive/batch/interactive,SJF,0.2331081081081082,0.1330725462304414,0.31156057373162654,0.4144736842105265,0.6200657894736843,0.7837837837837838
19.0,0.0,14.68421052631579,32.11080332409972,3.0526315789473686,11.526315789473685,10.0,0.0,42000095,1,cpu_intensive/batch/interactive,SRTF,0.49754299754299736,0.12602965403624383,0.06572481572481559,0.4773496350926333,0.36241191018785734,0.8743822075782537
30.0,0.0,9.466666666666667,51.91555555555556,3.1333333333333333,15.133333333333333,11.0,0.0,42000095,2,cpu_intensive/batch/interactive,SJF,0.7389094269870611,0.06238447319778189,0.09198691741618974,0.32479940088537174,0.563573180703189,0.6994708626857686
28.0,2.0,9.033333333333333,42.69888888888889,3.1333333333333333,23.142857142857142,0.0,0.0,42000095,3,cpu_intensive/batch/interactive,SJF,0.377599027599028,0.09259259259259259,0.14999999999999988,0.3438331188331186,0.4216216216216214,0.8359788359788359
29.0,1.0,8.9,39.556666666666665,3.1333333333333333,24.482758620689655,0.0,1.0,42000095,4,cpu_intensive/batch/interactive,SJF,0.5194099378881988,0.015624999999999948,0.12245244565217424,0.3369565217391304,0.6845885093167704,0.7734375000000003
30.0,0.0,8.233333333333333,36.845555555555556,3.1333333333333333,25.933333333333334,0.0,1.0,42000095,5,cpu_intensive/batch/interactive,SJF,0.2747678018575848,0.0,0.06191950464396252,0.3374613003095974,0.4643962848297215,0.75
30.0,0.0,7.566666666666666,34.71222222222222,3.1333333333333333,28,0.0,0.0,42000095,6,cpu_intensive/batch/interactive,SJF,0.12186978297161893,0.0,0.06510851419031717,0.3021702838063437,0.4490818030050083,0.75
28.0,1.0,7.517241379310345,32.80142687277051,3.0689655172413794,27.857142857142858,0.0,1.0,42000095,7,cpu_intensive/batch/interactive,SJF,0.12592047128129583,0.0,0.08468335787923453,0.3519882179675996,0.4837997054491904,0.75
29.0,0.0,6.862068965517241,29.015457788347206,3.0689655172413794,26.862068965517242,0.0,1.0,42000095,8,cpu_intensive/batch/interactive,SJF,0.1489547038327524,0.0,0.07926829268292696,0.32491289198606293,0.48170731707317105,0.75
27.0,1.0,6.678571428571429,27.21811224489796,3.0357142857142856,27.74074074074074,0.0,1.0,42000095,9,cpu_intensive/batch/interactive,SJF,0.2798507462686565,0.0,0.0962686567164181,0.33432835820895507,0.4604477611940294,0.75
28.0,0.0,6.321428571428571,24.8609693877551,3.0357142857142856,24.964285714285715,0.0,1.0,42000095,10,cpu_intensive/batch/interactive,SJF,0.5,0.0,0.0809756097560975,0.24390243902439013,0.3239024390243903,0.5895121951219512
28.0,0.0,5.607142857142857,21.238520408163264,3.0357142857142856,24.678571428571427,0.0,1.0,42000095,11,cpu_intensive/batch/interactive,SJF,0.23197781885397345,0.0,0.09611829944547065,0.3234750462107206,0.39094269870609966,0.75
26.0,1.0,5.222222222222222,22.691358024691358,2.962962962962963,26.46153846153846,0.0,1.0,42000095,12,cpu_intensive/batch/interactive,SJF,0.329787234042553,0.0,0.17996453900709203,0.33687943262411346,0.39539007092198564,0.75
25.0,0.0,5.36,24.7904,2.96,24.2,0.0,1.0,42000095,13,cpu_intensive/batch/interactive,SJF,0.19731404958677717,0.0,0.25413223140495844,0.3233471074380168,0.37396694214876036,0.75
22.0,2.0,5.833333333333333,24.88888888888889,2.875,25,0.0,1.0,42000095,14,cpu_intensive/batch/interactive,SJF,0.2784552845528462,0.0,0.15040650406504064,0.3119918699186994,0.28760162601626005,0.75
21.0,1.0,7.590909090909091,31.605371900826448,2.9545454545454546,19.285714285714285,0.0,1.0,42000095,15,cpu_intensive/batch/interactive,SRTF,0.47306791569086626,0.00702576112412139,0.0,0.32201405152224816,0.3348946135831383,0.75
20.0,0.0,7.4,29.14,2.8,19.45,0.0,1.0,42000095,16,cpu_intensive/batch/interactive,SJF,0.19360269360269378,0.0,0.047138047138047326,0.2760942760942759,0.21212121212121157,0.75
18.0,0.0,7.444444444444445,25.91358024691358,2.8333333333333335,18.61111111111111,0.0,1.0,42000095,17,cpu_intensive/batch/interactive,SJF,0.3263888888888895,0.0,0.00833333333333428,0.32500000000000046,0.3152777777777776,0.75
18.0,0.0,6.333333333333333,24.555555555555557,2.8333333333333335,16.666666666666668,0.0,0.0,42000095,18,cpu_intensive/batch/interactive,SRTF,0.33544303797468356,0.014240506329114474,0.0,0.3069620253164558,0.3655063291139238,0.75
17.0,0.0,6.705882352941177,22.560553633217992,2.8823529411764706,15.705882352941176,0.0,1.0,42000095,19,cpu_intensive/batch/interactive,SJF,0.1616666666666663,0.0,0.07666666666666686,0.3066666666666663,0.22666666666666685,0.75
15.0,0.0,6.333333333333333,21.42222222222222,2.8666666666666667,15.533333333333333,0.0,0.0,42000095,20,cpu_intensive/batch/interactive,SJF,0.15079365079365034,0.0,0.01388888888888979,0.2916666666666667,0.40674603174603197,0.75
14.0,0.0,5.285714285714286,19.346938775510203,3,14.214285714285714,0.0,0.0,42000095,21,cpu_intensive/batch/interactive,SJF,0.2551020408163275,0.0,0.05867346938775651,0.2576530612244902,0.4770408163265315,0.75
9.0,0.0,9,17.555555555555557,3.111111111111111,9.666666666666666,0.0,1.0,42000095,22,cpu_intensive/batch/interactive,SRTF,0.07541899441340869,0.005586592178770625,0.0,0.32960893854748596,0.3491620111731836,0.75
9.0,0.0,6.777777777777778,19.28395061728395,3.111111111111111,8,0.0,0.0,42000095,23,cpu_intensive/batch/interactive,SRTF,0.1987577639751543,0.07763975155279527,0.0,0.31677018633540327,0.4440993788819877,0.75
7.0,0.0,5.857142857142857,18.693877551020407,2.857142857142857,8.285714285714286,0.0,0.0,42000095,24,cpu_intensive/batch/interactive,SRTF,0.22429906542055938,0.05140186915887962,0.0,0.2850467289719618,0.47196261682243146,0.75
4.0,0.0,5.5,20.25,2.5,6,0.0,0.0,42000095,25,cpu_intensive/batch/interactive,SJF,0.2647058823529429,0.0,0.0,0.13725490196078413,0.32352941176470473,0.75
1.0,0.0,1,0,1,0,0.0,0.0,42000095,26,cpu_intensive/batch/interactive,FCFS,0.0,0.0,0.0,0.0,0.0,0.0
15.0,1.0,7.5,30.875,2.5625,7.2,16.0,0.1111111111111111,42000096,0,mixed/batch/interactive,SJF,0.48462783171520996,0.042338709677419324,0.17071197411003175,0.2904530744336574,0.4956219333959702,0.8071236559139785
26.0,0.0,7.846153846153846,34.514792899408285,2.6923076923076925,10.73076923076923,10.0,0.3333333333333333,42000096,1,mixed/batch/interactive,SJF,0.333016476552598,0.11554054054054053,0.12787997122597897,0.34474017743979746,0.4471397252766071,0.8344594594594594
34.0,0.0,6,26.41176470588235,2.6176470588235294,18.352941176470587,8.0,0.1111111111111111,42000096,2,mixed/batch/interactive,SJF,0.48214285714285676,0.09652509652509658,0.14984472049689382,0.35827597784119536,0.48214285714285676,0.8735521235521236
32.0,1.0,5.7272727272727275,24.44077134986226,2.6363636363636362,26.5,0.0,1.0,42000096,3,mixed/batch/interactive,SJF,0.4224137931034484,0.20901639344262263,0.24552477859430935,0.3340517241379314,0.43104625965705623,0.8749999999999999
33.0,0.0,5.333333333333333,26.161616161616163,2.6363636363636362,29.272727272727273,0.0,1.0,42000096,4,mixed/batch/interactive,SJF,0.4041822721598004,0.2136363636363632,0.2595108387243216,0.337702871410737,0.32732947452048594,0.8181818181818182
33.0,0.0,4.818181818181818,22.633608815426996,2.6363636363636362,28.78787878787879,0.0,1.0,42000096,5,mixed/batch/interactive,SJF,0.15007776049766755,0.0,0.22628304821150877,0.3203732503888028,0.15007776049766755,0.75
30.0,3.0,4.636363636363637,18.71625344352617,2.6363636363636362,30.666666666666668,0.0,1.0,42000096,6,mixed/batch/interactive,SJF,0.22304283604135905,0.0,0.2503692762186119,0.30206794682422494,0.19645494830132948,0.75
31.0,1.0,5.03125,16.6552734375,2.625,25.225806451612904,0.0,1.0,42000096,7,mixed/batch/interactive,SJF,0.19933333333333336,0.0,0.20400000000000018,0.33200000000000063,0.19,0.75
31.0,1.0,4.625,11.921875,2.625,24.677419354838708,0.0,1.0,42000096,8,mixed/batch/interactive,SJF,0.3852889667250438,0.0,0.24430823117338063,0.30735551663747895,0.22504378283712803,0.75
29.0,1.0,4.4,12.44,2.6333333333333333,28.79310344827586,0.0,1.0,42000096,9,mixed/batch/interactive,SJF,0.15285996055226833,0.0,0.07199211045364938,0.2919132149901386,0.19428007889546328,0.75
28.0,0.0,4,12.571428571428571,2.6785714285714284,29.142857142857142,0.0,1.0,42000096,10,mixed/batch/interactive,SJF,0.5,0.0,0.0819397993311044,0.26672240802675645,0.1588628762541808,0.6789297658862876
28.0,0.0,3.75,10.401785714285714,2.6785714285714284,27.857142857142858,0.0,1.0,42000096,11,mixed/batch/interactive,SJF,0.30271565495207636,0.0,0.21246006389776365,0.2979233226837064,0.26517571884984015,0.75
24.0,3.0,4.148148148148148,11.829903978052126,2.7037037037037037,23.958333333333332,0.0,1.0,42000096,12,mixed/batch/interactive,SJF,0.1912621359223306,0.0,0.15436893203883523,0.31456310679611743,0.15436893203883523,0.75
27.0,0.0,4.407407407407407,19.945130315500688,2.7037037037037037,21.333333333333332,0.0,1.0,42000096,13,mixed/batch/interactive,SJF,0.3329979879275657,0.0,0.10865191146881317,0.30885311871227455,0.26559356136820944,0.75
26.0,0.0,4,18.384615384615383,2.769230769230769,23.23076923076923,0.0,1.0,42000096,14,mixed/batch/interactive,SJF,0.13466334164588553,0.0,0.07855361596010049,0.22443890274314254,0.16583541147132103,0.75
21.0,0.0,4.333333333333333,17.07936507936508,2.5238095238095237,21.476190476190474,0.0,1.0,42000096,15,mixed/batch/interactive,SJF,0.3650568181818188,0.0,0.09232954545454505,0.27130681818181884,0.1321022727272719,0.75
17.0,2.0,4.947368421052632,24.681440443213297,2.5789473684210527,19.176470588235293,0.0,1.0,42000096,16,mixed/batch/interactive,SJF,0.1444805194805198,0.0,0.09740259740259852,0.2662337662337675,0.08928571428571462,0.75
17.0,1.0,5,23.555555555555557,2.4444444444444446,16,0.0,1.0,42000096,17,mixed/batch/interactive,SJF,0.16792452830188687,0.0,0.01132075471698175,0.26226415094339783,0.15849056603773723,0.75
15.0,0.0,5,22.4,2.6666666666666665,14.066666666666666,0.0,1.0,42000096,18,mixed/batch/interactive,SJF,0.36697247706421954,0.0,0.034403669724770436,0.2477064220183498,0.11926605504587144,0.75
12.0,0.0,4.833333333333333,18.47222222222222,2.5,12.75,0.0,1.0,42000096,19,mixed/batch/interactive,SJF,0.2272727272727264,0.0,0.06993006993007092,0.26223776223776324,0.05244755244755184,0.75
9.0,0.0,5.555555555555555,26.246913580246915,3,7.333333333333333,0.0,1.0,42000096,20,mixed/batch/interactive,SRTF,0.5,0.011718750000001357,0.0,0.24218750000000186,0.2304687499999975,0.6914062500000008
4.0,0.0,7.5,10.75,3.75,5.25,0.0,0.0,42000096,21,mixed/batch/interactive,SRTF,0.07692307692306435,0.03846153846153961,0.0,0.46153846153846045,0.4230769230769208,0.75
3.0,0.0,3.3333333333333335,0.8888888888888888,3.3333333333333335,2,0.0,0.0,42000096,22,mixed/batch/interactive,SRTF,0.22222222222224608,0.11111111111112304,0.0,0.3333333333333691,0.0,0.75
13.0,0.0,3.8461538461538463,13.36094674556213,2.923076923076923,5.3076923076923075,13.0,0.35,42000097,0,interactive/mixed/cpu_intensive,SJF,0.3185120041338739,0.15476190476190477,0.21801464742825344,0.21202003338898168,0.75,0.897942503378647
23.0,2.0,6.2,56.16,2.8,11.217391304347826,12.0,0.07692307692307693,42000097,1,interactive/mixed/cpu_intensive,SJF,0.6450033795030617,0.22837370242214533,0.2601359871679764,0.31268221574344024,0.6865889212827989,0.8719723183391004
32.0,0.0,9.5625,90.49609375,2.78125,16.78125,7.0,0.5,42000097,2,interactive/mixed/cpu_intensive,SJF,0.6497747747747749,0.25,0.3409218346977683,0.33748271092669435,0.6429899816829278,0.813969571230982
29.0,2.0,9.612903225806452,88.68886576482831,2.806451612903226,25.344827586206897,0.0,1.0,42000097,3,interactive/mixed/cpu_intensive,SJF,0.46441461764042413,0.24825174825174826,0.37925783893525833,0.34237536656891493,0.6656891495601173,0.8076923076923077
30.0,1.0,9.193548387096774,76.0270551508845,2.806451612903226,28.233333333333334,0.0,1.0,42000097,4,interactive/mixed/cpu_intensive,SJF,0.1744,0.0,0.1544,0.3064,0.4192,0.75
29.0,1.0,9.233333333333333,75.04555555555555,2.8333333333333335,26.75862068965517,0.0,1.0,42000097,5,interactive/mixed/cpu_intensive,SJF,0.5,0.0,0.10530303030303029,0.296969696969697,0.37575757575757573,0.718939393939394
28.0,0.0,9.392857142857142,69.59566326530613,2.7857142857142856,25.821428571428573,0.0,1.0,42000097,6,interactive/mixed/cpu_intensive,SJF,0.5,0.0,0.06818181818181818,0.23313782991202345,0.28005865102639294,0.6268328445747801
27.0,1.0,8.785714285714286,63.23979591836735,2.7857142857142856,27.14814814814815,0.0,1.0,42000097,7,interactive/mixed/cpu_intensive,SJF,0.43474088291746643,0.0,0.12859884836852206,0.31669865642994244,0.32821497120921306,0.75
27.0,1.0,8.285714285714286,66.41836734693878,2.7857142857142856,27.40740740740741,0.0,1.0,42000097,8,interactive/mixed/cpu_intensive,SJF,0.5,0.0,0.06735340729001585,0.2480190174326466,0.1473851030110935,0.6493660855784469
26.0,0.0,8.576923076923077,59.39792899408284,2.730769230769231,25.846153846153847,0.0,1.0,42000097,9,interactive/mixed/cpu_intensive,SJF,0.2921455938697318,0.0,0.1024904214559387,0.32567049808429116,0.19444444444444445,0.75
24.0,1.0,8.36,53.0304,2.68,25.875,0.0,1.0,42000097,10,interactive/mixed/cpu_intensive,SJF,0.4326047358834244,0.0,0.12750455373406194,0.3224043715846995,0.25045537340619306,0.75
24.0,0.0,8.541666666666666,47.83159722222222,2.75,20.666666666666668,0.0,1.0,42000097,11,interactive/mixed/cpu_intensive,SRTF,0.24429657794676807,0.004752851711026616,0.0,0.3403041825095057,0.2328897338403042,0.75
22.0,1.0,8.130434782608695,39.765595463138,2.739130434782609,21.954545454545453,0.0,0.0,42000097,12,interactive/mixed/cpu_intensive,SJF,0.49898785425101216,0.0,0.05566801619433198,0.34210526315789475,0.2682186234817814,0.75
21.0,1.0,7.818181818181818,41.51239669421488,2.727272727272727,22.61904761904762,0.0,1.0,42000097,13,interactive/mixed/cpu_intensive,SJF,0.17964824120603015,0.0,0.09547738693467336,0.314070351758794,0.12437185929648242,0.75
21.0,0.0,7.380952380952381,34.235827664399096,2.7142857142857144,19.61904761904762,0.0,1.0,42000097,14,interactive/mixed/cpu_intensive,SJF,0.1931216931216931,0.0,0.08333333333333333,0.30687830687830686,0.08862433862433862,0.75
18.0,2.0,7.2,33.36,2.75,20.666666666666668,0.0,1.0,42000097,15,interactive/mixed/cpu_intensive,SJF,0.06155778894472362,0.0,0.01256281407035176,0.3203517587939699,0.12185929648241206,0.75
20.0,0.0,6.3,28.31,2.75,17.2,0.0,1.0,42000097,16,interactive/mixed/cpu_intensive,SJF,0.2814569536423841,0.0,0.12693156732891833,0.33002207505518766,0.4481236203090508,0.75
17.0,1.0,7.555555555555555,48.58024691358025,2.8333333333333335,18.235294117647058,0.0,1.0,42000097,17,interactive/mixed/cpu_intensive,SJF,0.3491847826086957,0.0,0.08152173913043478,0.3220108695652174,0.11005434782608695,0.75
16.0,0.0,8.1875,48.27734375,2.75,15.625,0.0,1.0,42000097,18,interactive/mixed/cpu_intensive,SJF,0.3175,0.0,0.24,0.34625,0.17625,0.75
14.0,0.0,9.071428571428571,37.20918367346939,2.642857142857143,13.071428571428571,0.0,1.0,42000097,19,interactive/mixed/cpu_intensive,SJF,0.26697530864197533,0.0,0.12808641975308643,0.345679012345679,0.1712962962962963,0.75
14.0,0.0,9.142857142857142,38.97959183673469,2.642857142857143,12.214285714285714,0.0,1.0,42000097,20,interactive/mixed/cpu_intensive,SJF,0.3333333333333333,0.0,0.21634615384615385,0.34615384615384615,0.0625,0.75
13.0,0.0,8.23076923076923,31.869822485207102,2.769230769230769,12.384615384615385,0.0,0.0,42000097,21,interactive/mixed/cpu_intensive,SJF,0.15780730897009967,0.0,0.23920265780730898,0.3488372093023256,0.13122923588039867,0.75
13.0,0.0,6.923076923076923,33.455621301775146,2.769230769230769,11.384615384615385,0.0,1.0,42000097,22,interactive/mixed/cpu_intensive,SJF,0.25869565217391305,0.0,0.28043478260869564,0.3065217391304348,0.18043478260869567,0.75
12.0,0.0,7.333333333333333,41.388888888888886,2.9166666666666665,12.166666666666666,0.0,1.0,42000097,23,interactive/mixed/cpu_intensive,SJF,0.19718309859154928,0.0,0.20892018779342725,0.2934272300469484,0.17370892018779344,0.75
9.0,0.0,12.555555555555555,50.46913580246913,2.6666666666666665,9.555555555555555,0.0,1.0,42000097,24,interactive/mixed/cpu_intensive,SJF,0.1751054852320675,0.0,0.16033755274261605,0.3670886075949367,0.1751054852320675,0.75
9.0,0.0,10.333333333333334,53.333333333333336,2.6666666666666665,8,0.0,0.0,42000097,25,interactive/mixed/cpu_intensive,SJF,0.2737430167597765,0.0,0.013966480446927373,0.329608938547486,0.15921787709497207,0.75
9.0,0.0,10,47.111111111111114,2.6666666666666665,7.555555555555555,0.0,1.0,42000097,26,interactive/mixed/cpu_intensive,SJF,0.240625,0.0,0.0,0.321875,0.253125,0.75
6.0,0.0,11.666666666666666,13.555555555555555,3,5.666666666666667,0.0,0.0,42000097,27,interactive/mixed/cpu_intensive,SRTF,0.1474820143884892,0.0035971223021582736,0.0,0.32014388489208634,0.14028776978417265,0.75
6.0,0.0,8.333333333333334,14.222222222222221,3,5,0.0,0.0,42000097,28,interactive/mixed/cpu_intensive,SRTF,0.1762295081967213,0.004098360655737705,0.0,0.28688524590163933,0.21311475409836064,0.75
5.0,0.0,6,8.4,3,4.4,0.0,0.0,42000097,29,interactive/mixed/cpu_intensive,SRTF,0.1736111111111111,0.006944444444444444,0.0,0.2361111111111111,0.2569444444444444,0.75
3.0,0.0,3.6666666666666665,1.5555555555555556,2.3333333333333335,2,0.0,0.0,42000097,30,interactive/mixed/cpu_intensive,SJF,0.16666666666666666,0.0,0.0,0.2,0.06666666666666667,0.75
12.0,1.0,7.846153846153846,56.437869822485204,2.923076923076923,6.333333333333333,13.0,0.1875,42000098,0,mixed/interactive/batch,SJF,0.6516516516516511,0.030969479353680447,0.15915915915915863,0.3604506661059622,0.44378804298014335,0.8191202872531418
24.0,1.0,5.36,29.6704,2.68,13.375,12.0,0.2,42000098,1,mixed/interactive/batch,SJF,0.340790425633918,0.25,0.2856619858267304,0.30313014827018103,0.305599138795185,0.9259259259259262
33.0,1.0,7.411764705882353,42.06574394463668,2.7941176470588234,19.818181818181817,9.0,0.35714285714285715,42000098,2,mixed/interactive/batch,SJF,0.6065459610027855,0.12123287671232871,0.28193421604914737,0.3349582172701949,0.40995535543938644,0.8102739726027397
33.0,1.0,7.029411764705882,41.08737024221453,2.7941176470588234,25.575757575757574,0.0,1.0,42000098,3,mixed/interactive/batch,SJF,0.6825490196078429,0.19404761904761927,0.3429411764705883,0.2729411764705883,0.6904761904761905,0.7331932773109244
34.0,0.0,6.4411764705882355,35.36418685121107,2.7941176470588234,29.941176470588236,0.0,1.0,42000098,4,mixed/interactive/batch,SJF,0.5550000000000002,0.25,0.39078381795196004,0.25600505689001296,0.5502338811630851,0.6764475347661189
31.0,2.0,6.424242424242424,34.54729109274564,2.727272727272727,33.16129032258065,0.0,1.0,42000098,5,mixed/interactive/batch,SJF,0.36119186046511664,0.0,0.11191860465116218,0.3045058139534883,0.4258720930232558,0.75
32.0,1.0,6.484848484848484,30.310376492194674,2.727272727272727,28.59375,0.0,1.0,42000098,6,mixed/interactive/batch,SJF,0.5,0.0,0.07212205270457624,0.32940360610263497,0.4750346740638002,0.7395977808599169
33.0,0.0,5.909090909090909,27.415977961432507,2.727272727272727,28.636363636363637,0.0,1.0,42000098,7,mixed/interactive/batch,SJF,0.5,0.0,0.04533152909336874,0.22598105548037878,0.4336941813261165,0.630920162381597
30.0,1.0,5.870967741935484,26.30593132154006,2.6451612903225805,30.733333333333334,0.0,1.0,42000098,8,mixed/interactive/batch,SJF,0.3620981387478846,0.0,0.01607445008460245,0.2918781725888323,0.45600676818950847,0.75
30.0,0.0,5.5,26.516666666666666,2.7,29.166666666666668,0.0,1.0,42000098,9,mixed/interactive/batch,SJF,0.34485190409026845,0.0,0.01692524682651585,0.22073342736248236,0.5,0.6145980253878705
28.0,0.0,5.214285714285714,25.45408163265306,2.7142857142857144,29.142857142857142,0.0,0.0,42000098,10,mixed/interactive/batch,SJF,0.40290178571428564,0.0,0.09598214285714307,0.2845982142857141,0.43415178571428525,0.75
25.0,1.0,5.115384615384615,23.79437869822485,2.6153846153846154,29.36,0.0,1.0,42000098,11,mixed/interactive/batch,SJF,0.2925724637681157,0.0,0.11503623188405829,0.26177536231884035,0.5,0.698369565217391
24.0,1.0,5.72,33.5616,2.68,24.583333333333332,0.0,1.0,42000098,12,mixed/interactive/batch,SJF,0.5,0.0,0.008704061895551916,0.293036750483559,0.4245647969052221,0.7074468085106378
24.0,0.0,5.125,31.609375,2.75,22.583333333333332,0.0,1.0,42000098,13,mixed/interactive/batch,SJF,0.20231213872832382,0.0,0.11849710982658951,0.23988439306358325,0.5,0.7196531791907512
17.0,2.0,6.421052631578948,35.61218836565097,2.6842105263157894,26.176470588235293,0.0,1.0,42000098,14,mixed/interactive/batch,SJF,0.29176470588235226,0.0,0.13529411764705948,0.32352941176470584,0.3447058823529414,0.75
19.0,0.0,6.315789473684211,35.689750692520775,2.6842105263157894,16.789473684210527,0.0,1.0,42000098,15,mixed/interactive/batch,SJF,0.3664850136239777,0.0,0.10626702997275264,0.30108991825613035,0.3337874659400532,0.75
16.0,0.0,9.1875,53.27734375,2.9375,15.1875,0.0,1.0,42000098,16,mixed/interactive/batch,SJF,0.2857142857142857,0.0,0.0966386554621836,0.3515406162464983,0.3193277310924362,0.75
14.0,0.0,9.142857142857142,55.12244897959184,2.9285714285714284,16,0.0,0.0,42000098,17,mixed/interactive/batch,SJF,0.07765151515151421,0.0,0.1931818181818185,0.3219696969696975,0.19507575757575837,0.75
12.0,0.0,10.166666666666666,44.47222222222222,2.75,13.166666666666666,0.0,1.0,42000098,18,mixed/interactive/batch,SJF,0.29841269841269935,0.0,0.25079365079365223,0.3698412698412701,0.27619047619047593,0.75
12.0,0.0,8.5,40.25,2.75,11,0.0,0.0,42000098,19,mixed/interactive/batch,SJF,0.24901185770751116,0.0,0.1067193675889351,0.32608695652174063,0.2430830039525697,0.75
9.0,1.0,9.7,30.81,2.6,11.11111111111111,0.0,0.0,42000098,20,mixed/interactive/batch,SJF,0.07777777777777568,0.0,0.01999999999999897,0.33111111111111025,0.16000000000000034,0.75
10.0,0.0,9.6,33.04,2.6,8.5,0.0,1.0,42000098,21,mixed/interactive/batch,SJF,0.24891774891775034,0.0,0.023809523809525522,0.35714285714285776,0.25757575757575696,0.75
10.0,0.0,8.8,25.36,2.6,8.7,0.0,1.0,42000098,22,mixed/interactive/batch,SRTF,0.297435897435895,0.007692307692305664,0.0,0.3282051282051276,0.3256410256410254,0.75
9.0,0.0,7.666666666666667,20.666666666666668,2.7777777777777777,8.444444444444445,0.0,0.0,42000098,23,mixed/interactive/batch,SJF,0.2790697674418612,0.0,0.014534883720930585,0.2936046511627918,0.3575581395348832,0.75
7.0,0.0,6.857142857142857,9.83673469387755,2.857142857142857,7.714285714285714,0.0,0.0,42000098,24,mixed/interactive/batch,SRTF,0.09929078014184324,0.05673758865248303,0.0,0.2340425531914901,0.262411347517733,0.75
5.0,0.0,5.6,5.04,2.2,5.6,0.0,0.0,42000098,25,mixed/interactive/batch,SJF,0.10135135135135012,0.0,0.0,0.22972972972972866,0.16216216216215756,0.75
3.0,0.0,3,2,2,3,0.0,0.0,42000098,26,mixed/interactive/batch,SJF,0.07500000000000773,0.0,0.0,0.10000000000000386,0.1500000000000058,0.75
13.0,1.0,6.785714285714286,51.025510204081634,2.2857142857142856,6.538461538461538,14.0,0.2222222222222222,42000099,0,mixed/io_intensive/cpu_intensive,SJF,0.27476038338658143,0.06534090909090909,0.17012779552715654,0.3225112547197212,0.2565939950624455,0.8288352272727273
22.0,2.0,6,36.416666666666664,3,10.590909090909092,11.0,0.3125,42000099,1,mixed/io_intensive/cpu_intensive,SJF,0.3596071926716176,0.09329268292682927,0.18153202397557203,0.3330757341576507,0.4269706336939722,0.8213414634146341
30.0,1.0,8.580645161290322,65.34027055150885,2.967741935483871,17.533333333333335,7.0,0.3,42000099,2,mixed/io_intensive/cpu_intensive,SJF,0.6644144144144144,0.15990990990990991,0.2368045526442473,0.30343511450381677,0.4872773536895674,0.7572811360979299
31.0,0.0,8.258064516129032,64.19146722164412,2.967741935483871,22.35483870967742,0.0,1.0,42000099,3,mixed/io_intensive/cpu_intensive,SJF,0.6611842105263157,0.25,0.3013847327348471,0.34782608695652173,0.5400476001877603,0.7862190488763716
29.0,2.0,7.709677419354839,56.46409989594173,2.967741935483871,27.862068965517242,0.0,0.0,42000099,4,mixed/io_intensive/cpu_intensive,SJF,0.5,0.19230769230769232,0.23635235732009927,0.21960297766749376,0.3964019851116625,0.6389578163771712
28.0,3.0,7.580645161290323,53.340270551508844,2.967741935483871,26.928571428571427,0.0,1.0,42000099,5,mixed/io_intensive/cpu_intensive,SJF,0.5,0.0,0.09741935483870967,0.3090322580645161,0.2625806451612903,0.7138709677419355
26.0,2.0,7.892857142857143,50.52423469387755,3.0714285714285716,25.46153846153846,0.0,1.0,42000099,6,mixed/io_intensive/cpu_intensive,SJF,0.3946515397082658,0.0,0.08508914100486224,0.3395461912479741,0.28119935170178284,0.75
25.0,3.0,7.571428571428571,40.60204081632653,3.0714285714285716,25.48,0.0,1.0,42000099,7,mixed/io_intensive/cpu_intensive,SJF,0.36346153846153845,0.0,0.01826923076923077,0.2875,0.21634615384615385,0.75
26.0,2.0,7.5,38.535714285714285,3.0714285714285716,21.615384615384617,0.0,1.0,42000099,8,mixed/io_intensive/cpu_intensive,SJF,0.4396694214876033,0.0,0.11487603305785124,0.34297520661157027,0.3049586776859504,0.75
27.0,0.0,7.074074074074074,31.031550068587105,3.074074074074074,21.85185185185185,0.0,1.0,42000099,9,mixed/io_intensive/cpu_intensive,SJF,0.5,0.0,0.09519867549668874,0.24006622516556292,0.17218543046357615,0.6448675496688742
26.0,1.0,6.592592592592593,30.611796982167352,3.074074074074074,24.192307692307693,0.0,1.0,42000099,10,mixed/io_intensive/cpu_intensive,SJF,0.1759656652360515,0.0,0.03969957081545064,0.29721030042918456,0.4849785407725321,0.75
27.0,0.0,6.074074074074074,29.327846364883403,3.074074074074074,22.88888888888889,0.0,1.0,42000099,11,mixed/io_intensive/cpu_intensive,SJF,0.47064393939393934,0.0,0.11079545454545453,0.3191287878787879,0.4962121212121212,0.75
25.0,2.0,5.555555555555555,24.320987654320987,3.074074074074074,25.48,0.0,1.0,42000099,12,mixed/io_intensive/cpu_intensive,SJF,0.4139344262295082,0.0,0.00546448087431694,0.22131147540983606,0.4412568306010929,0.75
21.0,1.0,6.954545454545454,27.679752066115704,2.8636363636363638,26.19047619047619,0.0,1.0,42000099,13,mixed/io_intensive/cpu_intensive,SRTF,0.34663865546218486,0.03361344537815126,0.0,0.34243697478991597,0.4327731092436975,0.75
21.0,1.0,6.454545454545454,22.429752066115704,2.8636363636363638,20.80952380952381,0.0,1.0,42000099,14,mixed/io_intensive/cpu_intensive,SRTF,0.5,0.06802721088435375,0.0,0.3276643990929705,0.36281179138321995,0.7488662131519275
19.0,1.0,6.2,20.26,2.7,18.68421052631579,0.0,1.0,42000099,15,mixed/io_intensive/cpu_intensive,SRTF,0.26700251889168763,0.020151133501259445,0.0,0.32871536523929473,0.3967254408060453,0.75
19.0,0.0,5.473684210526316,19.407202216066484,2.736842105263158,18.42105263157895,0.0,1.0,42000099,16,mixed/io_intensive/cpu_intensive,SJF,0.4548494983277592,0.0,0.023411371237458192,0.27591973244147155,0.2508361204013378,0.75
15.0,0.0,5.6,17.173333333333332,2.933333333333333,16.666666666666668,0.0,1.0,42000099,17,mixed/io_intensive/cpu_intensive,SJF,0.17259786476868327,0.0,0.14412811387900357,0.29359430604982206,0.3790035587188612,0.75
13.0,1.0,4.928571428571429,12.637755102040817,2.9285714285714284,12.384615384615385,0.0,1.0,42000099,18,mixed/io_intensive/cpu_intensive,SJF,0.20397111913357402,0.0,0.2545126353790614,0.33935018050541516,0.21299638989169672,0.75
12.0,0.0,5.833333333333333,33.30555555555556,2.8333333333333335,12.083333333333334,0.0,1.0,42000099,19,mixed/io_intensive/cpu_intensive,SJF,0.19827586206896552,0.0,0.28448275862068967,0.33836206896551724,0.16379310344827586,0.75
8.0,1.0,13.333333333333334,85.11111111111111,3.111111111111111,10.125,0.0,1.0,42000099,20,mixed/io_intensive/cpu_intensive,SJF,0.25311203319502074,0.0,0.26556016597510373,0.36099585062240663,0.1825726141078838,0.75
9.0,0.0,11.11111111111111,87.87654320987654,3.111111111111111,8,0.0,1.0,42000099,21,mixed/io_intensive/cpu_intensive,SJF,0.2596685082872928,0.0,0.016574585635359115,0.3149171270718232,0.1712707182320442,0.75
8.0,0.0,12.75,78.6875,3,6.625,0.0,1.0,42000099,22,mixed/io_intensive/cpu_intensive,SJF,0.15405405405405406,0.0,0.005405405405405406,0.34054054054054056,0.2189189189189189,0.75
7.0,0.0,14.428571428571429,51.38775510204081,3.2857142857142856,5.714285714285714,0.0,1.0,42000099,23,mixed/io_intensive/cpu_intensive,SJF,0.1079136690647482,0.0,0.0,0.31654676258992803,0.22661870503597123,0.75
6.0,0.0,13.333333333333334,24.88888888888889,3.5,5.166666666666667,0.0,0.0,42000099,24,mixed/io_intensive/cpu_intensive,SJF,0.14754098360655737,0.0,0.0,0.36885245901639346,0.1557377049180328,0.75
5.0,0.0,12,9.6,3.2,5.6,0.0,0.0,42000099,25,mixed/io_intensive/cpu_intensive,SJF,0.12264150943396226,0.0,0.0,0.36792452830188677,0.1320754716981132,0.75
5.0,0.0,8,9.6,3.2,4,0.0,0.0,42000099,26,mixed/io_intensive/cpu_intensive,SJF,0.11428571428571427,0.0,0.0,0.3,0.12857142857142856,0.75
4.0,0.0,5,1,2.75,3,0.0,0.0,42000099,27,mixed/io_intensive/cpu_intensive,SJF,0.06666666666666667,0.0,0.0,0.3,0.06666666666666667,0.75
