process_count,arrival_rate,burst_mean,burst_variance,short_job_ratio,priority_mean,priority_variance,io_frequency,io_cpu_ratio,profile,seed,label,score_fcfs,score_sjf,score_srtf,score_round_robin,score_priority,score_priority_rr
12.0,0.9230769230769231,8.5,6.583333333333333,1.0,3.0833333333333335,1.9097222222222223,2.3333333333333335,1.5294117647058822,interactive,420000000,Round Robin,0.16457162808485895,0.3046550622804216,0.11566578181548377,0.09117402164862613,0.2968901345943473,0.7834158415841584
12.0,1.2,9.416666666666666,9.243055555555555,1.0,2.75,1.8541666666666667,2.9166666666666665,1.6194690265486726,interactive,420000001,Round Robin,0.14738296634443251,0.24887124873526661,0.18938035702603376,0.12037935190644551,0.2993287094272316,0.7771381578947368
12.0,1.0909090909090908,8,10,1.0,2.8333333333333335,2.638888888888889,2.5,1.625,interactive,420000002,FCFS,0.1044889634247613,0.27384795797827804,0.12323443575914905,0.1059378693259923,0.3735026118377126,0.8071748878923767
12.0,0.8571428571428571,8.5,6.75,1.0,2.25,1.5208333333333333,2.5,1.411764705882353,interactive,420000003,Round Robin,0.1715362969677431,0.2259328679398039,0.1721684060946648,0.12453201291879429,0.3046734412192912,0.782871972318339
12.0,0.8571428571428571,7.333333333333333,8.88888888888889,1.0,2.6666666666666665,2.5555555555555554,2.0833333333333335,1.5568181818181819,interactive,420000004,SRTF,0.1339680289692797,0.21787841474342987,0.09957449455464866,0.11121154264212775,0.3145606767885153,0.8002793296089385
12.0,1.0,10.166666666666666,10.13888888888889,1.0,3.4166666666666665,1.5763888888888888,2.5833333333333335,1.139344262295082,interactive,420000005,Round Robin,0.16193159853520916,0.137987012987013,0.19736605831519943,0.1242403781228899,0.32378982439918597,0.7792207792207793
12.0,1.2,9.666666666666666,11.38888888888889,1.0,3.4166666666666665,2.076388888888889,2.6666666666666665,1.3189655172413792,interactive,420000006,SRTF,0.1728954366419625,0.24510050162373273,0.11512210695047718,0.11928571428571429,0.2932216133554224,0.7911849710982659
12.0,1.2,9.583333333333334,12.409722222222221,1.0,2.9166666666666665,1.5763888888888888,2.5,1.4173913043478261,interactive,420000007,Round Robin,0.13828201745405158,0.17628448176423592,0.22584929316157146,0.12009629168678697,0.3491664499011549,0.7882562277580072
12.0,0.8571428571428571,9.083333333333334,3.4097222222222223,1.0,2.8333333333333335,1.9722222222222223,3.0833333333333335,1.5412844036697249,interactive,420000008,SRTF,0.13230241807578752,0.2137228664882545,0.12134957525942817,0.1370573682720593,0.3367883082764863,0.8026315789473684
12.0,1.0,7.166666666666667,5.638888888888889,1.0,3.3333333333333335,1.7222222222222223,2.1666666666666665,1.5116279069767442,interactive,420000009,SRTF,0.1289139721896465,0.20314330194973684,0.08390643323839839,0.1043307086614173,0.3157746564938806,0.8053191489361702
12.0,1.0,9.5,10.916666666666666,1.0,2.25,1.8541666666666667,2.5833333333333335,1.4210526315789473,interactive,420000010,Round Robin,0.1299036293239161,0.25538410466887046,0.17590076420682502,0.11957023081170398,0.30588867339597875,0.778782894736842
12.0,1.0,7.916666666666667,14.743055555555555,1.0,2.5833333333333335,2.076388888888889,2.1666666666666665,1.4210526315789473,interactive,420000011,SRTF,0.13639308060360691,0.2750776736850106,0.10543622281608553,0.13981376169653578,0.36773133581235695,0.8286713286713288
12.0,1.2,7.416666666666667,8.243055555555555,1.0,2.5,1.5833333333333333,2.1666666666666665,1.5056179775280898,interactive,420000012,FCFS,0.13695236998760657,0.1927248983370252,0.2234316474712158,0.1479181332255552,0.34968070163229503,0.8288590604026845
12.0,1.0,9.083333333333334,6.743055555555555,1.0,3,1.8333333333333333,2.9166666666666665,1.4036697247706422,interactive,420000013,Round Robin,0.12972782501205982,0.2592255717255717,0.2128463428605885,0.10926193921852387,0.3200615504406875,0.828125
12.0,0.9230769230769231,8.333333333333334,12.722222222222221,1.0,2.5,2.25,2.5,1.32,interactive,420000014,SRTF,0.1313333115099856,0.19089786495080702,0.08311561024064108,0.12734052764630968,0.3373239436619718,0.7947530864197532
12.0,1.0909090909090908,7.833333333333333,15.972222222222221,1.0,2.9166666666666665,1.0763888888888888,2.3333333333333335,1.3404255319148937,interactive,420000015,Round Robin,0.17464858920163592,0.2484912881087744,0.18459294807371926,0.11740041928721176,0.3529802277305052,0.7868852459016393
12.0,0.8571428571428571,8.416666666666666,10.909722222222221,1.0,3.4166666666666665,2.076388888888889,2.3333333333333335,1.4752475247524752,interactive,420000016,SRTF,0.14504280684895784,0.23121345283339506,0.09762124147229798,0.10704845814977973,0.35833263053802694,0.7876344086021505
12.0,0.8571428571428571,9.083333333333334,12.409722222222221,1.0,3,1.8333333333333333,3.0833333333333335,1.5688073394495412,interactive,420000017,SRTF,0.12609833479718224,0.17007313284345388,0.10703588252010679,0.15760717187639628,0.31394904733590556,0.8138297872340425
12.0,1.3333333333333333,8.416666666666666,10.57638888888889,1.0,2.9166666666666665,1.4097222222222223,2.5,1.5742574257425743,interactive,420000018,SRTF,0.12500847334527673,0.18861511089043365,0.11238112761203838,0.12005519779208834,0.37189148434062635,0.8078947368421052
12.0,1.0,9.666666666666666,9.88888888888889,1.0,3.6666666666666665,1.7222222222222223,2.8333333333333335,1.5344827586206897,interactive,420000019,SRTF,0.12651336991551257,0.23107027812696418,0.10953992794937169,0.1233736894104616,0.27159821878922996,0.8207364341085271
12.0,0.8,10,15.5,1.0,3,2.3333333333333335,3.0833333333333335,1.55,interactive,420000020,Round Robin,0.14106544656830852,0.12363796833880465,0.11876530493120445,0.11679884643114637,0.33164610470455336,0.7888719512195121
12.0,0.9230769230769231,8.666666666666666,21.88888888888889,1.0,2.75,2.5208333333333335,2,1.0769230769230769,interactive,420000021,Round Robin,0.18636262546171847,0.24647404771076228,0.19836005337562126,0.12538294171374045,0.34103821986510635,0.7780898876404494
12.0,0.8571428571428571,8.833333333333334,8.305555555555555,1.0,3.75,2.1875,2.4166666666666665,1.5471698113207548,interactive,420000022,Round Robin,0.11695581649564513,0.2593634688435227,0.1387360790557087,0.10381184103811841,0.35662868252626256,0.8502415458937198
12.0,0.8571428571428571,7.833333333333333,19.13888888888889,1.0,2.6666666666666665,1.8888888888888888,2.1666666666666665,1.4680851063829787,interactive,420000023,Round Robin,0.190414206840966,0.13934738454594564,0.14165567361939885,0.11574074074074076,0.3819058556978069,0.7838709677419355
12.0,0.75,9.333333333333334,16.055555555555557,1.0,3.25,1.8541666666666667,2.6666666666666665,1.3214285714285714,interactive,420000024,SRTF,0.17091927438424492,0.21098961988844145,0.10982365155977955,0.1253275109170306,0.31968586343975863,0.8003952569169961
12.0,1.0909090909090908,8.916666666666666,13.57638888888889,1.0,2.75,1.1875,2.4166666666666665,1.3738317757009346,interactive,420000025,Round Robin,0.1492247725662053,0.22732135216089,0.1611407671827683,0.11694629501719359,0.35032259220760603,0.7763157894736842
12.0,1.0909090909090908,7.75,14.354166666666666,1.0,3.75,2.3541666666666665,2.1666666666666665,1.2580645161290323,interactive,420000026,Round Robin,0.16876843459686208,0.2087919980565501,0.14653862650024352,0.1397015493469905,0.3551761476338286,0.8460264900662251
12.0,1.0,8.333333333333334,7.722222222222222,1.0,3.9166666666666665,1.0763888888888888,2.5833333333333335,1.71,interactive,420000027,FCFS,0.1203351014803529,0.3038419913419913,0.2416096616903569,0.12157287157287161,0.2983095168849359,0.8463687150837989
12.0,0.6666666666666666,7.833333333333333,23.305555555555557,1.0,3.1666666666666665,2.9722222222222223,2.1666666666666665,1.2446808510638299,interactive,420000028,Round Robin,0.16501079383769993,0.20795105809980446,0.2503250482218075,0.1527671303382048,0.3909957927883747,0.8322784810126582
12.0,1.0909090909090908,9,8.833333333333334,1.0,3,2.6666666666666665,2.9166666666666665,1.4351851851851851,interactive,420000029,Round Robin,0.11422614678364618,0.21434490939631537,0.16085380240559985,0.08899297423887588,0.3232771679466784,0.7947761194029851
12.0,1.5,7.666666666666667,15.555555555555555,1.0,2.5833333333333335,2.2430555555555554,2.0833333333333335,1.2717391304347827,interactive,420000030,Round Robin,0.18915392531608352,0.2109480418111133,0.17030594491267823,0.1304595623674571,0.31257868965978525,0.782122905027933
12.0,0.8571428571428571,9.083333333333334,9.243055555555555,1.0,3.0833333333333335,2.576388888888889,2.9166666666666665,1.6422018348623852,interactive,420000031,SRTF,0.13335133351333514,0.2120597854016396,0.11154111541115411,0.11585365853658537,0.3166841691633464,0.8154981549815499
12.0,1.0,9,11,1.0,2.75,2.1875,2.5833333333333335,1.4722222222222223,interactive,420000032,Round Robin,0.12766905894019528,0.26247482336094813,0.16667310042199515,0.11676159479251425,0.3206095322696513,0.8056640625
12.0,1.2,8.5,8.916666666666666,1.0,3.5,2.4166666666666665,2.3333333333333335,1.5392156862745099,interactive,420000033,SRTF,0.14807476575173315,0.23571864962994002,0.07369802909854777,0.1283838779590924,0.287315576733173,0.8110599078341014
12.0,1.3333333333333333,8.083333333333334,9.409722222222221,1.0,3.4166666666666665,1.4097222222222223,2.1666666666666665,1.3917525773195876,interactive,420000034,SRTF,0.21863654699475596,0.18836524049321451,0.09798571663481806,0.1381531228470004,0.29774774774774776,0.835820895522388
12.0,1.0,10.583333333333334,12.909722222222221,1.0,2.1666666666666665,1.9722222222222223,3,1.4330708661417322,interactive,420000035,SRTF,0.11556552323289537,0.24164559877750058,0.08060710554213917,0.1232064878353088,0.36416186346609497,0.7891104294478528
12.0,0.9230769230769231,10.166666666666666,11.63888888888889,1.0,2.5,1.4166666666666667,2.9166666666666665,1.4098360655737705,interactive,420000036,Round Robin,0.14554320987654318,0.21421082695241608,0.20404022740712213,0.102,0.3190137741046832,0.8004115226337449
12.0,1.0,9.5,10.916666666666666,1.0,3,2.6666666666666665,2.9166666666666665,1.5701754385964912,interactive,420000037,Round Robin,0.15798549276810145,0.219433465085639,0.24542920847268673,0.12564102564102564,0.32367605072523103,0.7974308300395256
12.0,1.5,8.083333333333334,16.57638888888889,1.0,3.4166666666666665,1.2430555555555556,2.5,1.6082474226804124,interactive,420000038,Round Robin,0.14532115601010512,0.21098293357691442,0.16391163011547152,0.11348475433774656,0.35153913100252554,0.8199481865284974
12.0,1.0909090909090908,7.75,10.854166666666666,1.0,2.9166666666666665,2.076388888888889,2.4166666666666665,1.6021505376344085,interactive,420000039,SRTF,0.10677432681461814,0.13470042996569476,0.07757915127224721,0.1188228754012249,0.3457413200882863,0.8033175355450237
12.0,0.8571428571428571,9.583333333333334,12.909722222222221,1.0,3.6666666666666665,1.8888888888888888,2.75,1.2608695652173914,interactive,420000040,Round Robin,0.1642817376781085,0.2245967846745685,0.14001983333043372,0.1254980079681275,0.31112595622353195,0.8231441048034935
12.0,1.5,9.5,9.916666666666666,1.0,3,2,2.9166666666666665,1.8245614035087718,interactive,420000041,Round Robin,0.12828654188948307,0.24286121147023404,0.10212423353179657,0.10110294117647059,0.36790528711484594,0.7780303030303031
12.0,1.0,10.333333333333334,12.88888888888889,1.0,2.9166666666666665,2.9097222222222223,3.0833333333333335,1.596774193548387,interactive,420000042,SRTF,0.1326619344532619,0.20311145931157984,0.08719661610169431,0.11867693570674372,0.3093173017109967,0.8003194888178914
12.0,0.8571428571428571,9.25,4.1875,1.0,2.8333333333333335,2.4722222222222223,2.9166666666666665,1.6666666666666667,interactive,420000043,SRTF,0.12954454835435697,0.16526082810665693,0.06542699724517904,0.13214984775989558,0.27941176470588236,0.8001644736842105
12.0,0.75,8.333333333333334,15.055555555555555,1.0,2.8333333333333335,1.8055555555555556,2.3333333333333335,1.46,interactive,420000044,SRTF,0.16519050004771446,0.17497939441263227,0.04458917835671342,0.11866292108025575,0.2844933958075579,0.8214285714285714
12.0,0.8,8.333333333333334,11.88888888888889,1.0,3.0833333333333335,1.4097222222222223,2.4166666666666665,1.51,interactive,420000045,Round Robin,0.13080540345737568,0.2874538919890286,0.12946837052696908,0.09519408502772642,0.3210627458468972,0.8128930817610063
12.0,0.8571428571428571,8.333333333333334,13.055555555555555,1.0,2.5,1.9166666666666667,2.6666666666666665,1.64,interactive,420000046,Round Robin,0.18952264958139725,0.2835710772257747,0.28695196819801116,0.1184207912951988,0.3450730345066897,0.8231292517006803
12.0,0.6666666666666666,9,18,1.0,4.25,1.3541666666666667,2.5,1.4259259259259258,interactive,420000047,Round Robin,0.15926033732232123,0.27316058002148236,0.17406709897292866,0.11383116342006373,0.3251612503100968,0.8982758620689655
12.0,1.3333333333333333,9.666666666666666,6.388888888888889,1.0,2.8333333333333335,2.3055555555555554,2.3333333333333335,1.0948275862068966,interactive,420000048,Round Robin,0.17704184198223472,0.21355012158787903,0.16965287517531558,0.11806451612903227,0.3154510284171561,0.7509057971014492
12.0,1.0909090909090908,7.166666666666667,9.472222222222221,1.0,2.4166666666666665,2.2430555555555554,2.0833333333333335,1.6046511627906976,interactive,420000049,SRTF,0.14640841434743931,0.19927548054105362,0.09323929342991485,0.12211004175108986,0.359581518954918,0.7906976744186047
12.0,1.0,7.166666666666667,9.972222222222221,1.0,2.3333333333333335,1.8888888888888888,2.0833333333333335,1.4767441860465116,interactive,420000050,SRTF,0.18601332700623574,0.22000132795196606,0.12703931934688314,0.130525265585069,0.3440365058389142,0.7786624203821656
12.0,0.7058823529411765,8.25,13.854166666666666,1.0,3.4166666666666665,2.4097222222222223,2.3333333333333335,1.4242424242424243,interactive,420000051,Round Robin,0.11592147222960407,0.20131840875340504,0.14114711243883263,0.10703425921888399,0.3949593424056329,0.7995283018867925
12.0,0.9230769230769231,9.666666666666666,5.388888888888889,1.0,3.5833333333333335,2.076388888888889,2.9166666666666665,1.5344827586206897,interactive,420000052,SRTF,0.15817130161648663,0.2541781723606473,0.1212541178273194,0.14821994009413778,0.2920095693779904,0.7958515283842795
12.0,0.9230769230769231,7.583333333333333,11.57638888888889,1.0,2.8333333333333335,1.6388888888888888,2.25,1.5274725274725274,interactive,420000053,SRTF,0.13410807794741889,0.0907810050108001,0.04886974244950898,0.1379906201641791,0.37223848309071705,0.8012820512820513
12.0,0.7058823529411765,6.75,8.020833333333334,1.0,3.8333333333333335,1.3055555555555556,2,1.4444444444444444,interactive,420000054,SRTF,0.1610881441775745,0.3141051136363637,0.08705257119984887,0.10230663772974335,0.33382180539273154,0.87890625
12.0,0.75,8.666666666666666,10.722222222222221,1.0,2.4166666666666665,2.2430555555555554,2.5833333333333335,1.5096153846153846,interactive,420000055,Round Robin,0.14248761742100768,0.16260459973463065,0.14473013346648375,0.12119695308437732,0.29946339202545336,0.788
12.0,1.2,7.083333333333333,20.90972222222222,1.0,2.5833333333333335,1.2430555555555556,1.8333333333333333,1.3411764705882352,interactive,420000056,SRTF,0.19988036854419752,0.33382936507936506,0.1266256692320601,0.13048909057572428,0.262823952900408,0.8621495327102804
12.0,0.8571428571428571,6.916666666666667,14.07638888888889,1.0,2.5,2.25,2.25,1.6867469879518073,interactive,420000057,Round Robin,0.19066751190761744,0.22991071428571425,0.17766103721291396,0.14150754524834508,0.36416823777266294,0.814935064935065
12.0,1.0,9.333333333333334,12.38888888888889,1.0,2.4166666666666665,2.2430555555555554,2.75,1.2410714285714286,interactive,420000058,Round Robin,0.1413324979114453,0.23863474802068577,0.13322654119575672,0.09841269841269842,0.2959039460503351,0.774561403508772
12.0,0.9230769230769231,7.833333333333333,8.13888888888889,1.0,3.4166666666666665,1.7430555555555556,2.4166666666666665,1.6702127659574468,interactive,420000059,SRTF,0.1120077599214428,0.23557278208441002,0.0683289224726367,0.09912068255181324,0.3413469555232501,0.8677325581395349
12.0,1.0,8.916666666666666,14.243055555555555,1.0,2.4166666666666665,1.2430555555555556,2.6666666666666665,1.308411214953271,interactive,420000060,Round Robin,0.17075,0.20755961663417805,0.1541347552910053,0.11833333333333332,0.31892576204523104,0.7909999999999999
12.0,1.0,9.333333333333334,11.222222222222221,1.0,2.9166666666666665,1.0763888888888888,2.6666666666666665,1.4375,interactive,420000061,SRTF,0.107233998765178,0.1397317247692906,0.09199595252795499,0.11616892035137201,0.355105586741513,0.7920353982300885
12.0,0.8,7.75,8.1875,1.0,3.0833333333333335,1.0763888888888888,2.1666666666666665,1.3655913978494623,interactive,420000062,Round Robin,0.14609929078014183,0.29223632041642045,0.13066060348492667,0.11201480208592225,0.3887762914967757,0.8510638297872339
12.0,0.8571428571428571,9.833333333333334,4.972222222222222,1.0,2.3333333333333335,2.2222222222222223,2.9166666666666665,1.4067796610169492,interactive,420000063,Round Robin,0.12181315124237005,0.2468017271341871,0.1600249976537951,0.11065051020408163,0.3159305204382638,0.7817220543806647
12.0,1.0,8.916666666666666,11.409722222222221,1.0,2.4166666666666665,1.2430555555555556,2.75,1.514018691588785,interactive,420000064,SRTF,0.14046452726210026,0.15539809063625948,0.09817949797398444,0.10993208828522921,0.3549498270173303,0.7920081967213115
12.0,1.2,7,11.833333333333334,1.0,2.5833333333333335,1.0763888888888888,2.0833333333333335,1.2380952380952381,interactive,420000065,Round Robin,0.16070536048981632,0.18253787110299588,0.2195644759995628,0.10320088300220752,0.3799447838412878,0.7865566037735849
12.0,0.9230769230769231,8,18.833333333333332,1.0,3.0833333333333335,1.9097222222222223,2.25,1.09375,interactive,420000066,SRTF,0.17825098422193064,0.11386742289968099,0.10040843938515373,0.1208596894838279,0.34691331762141747,0.8006912442396313
12.0,1.2,8,12.5,1.0,3.1666666666666665,2.138888888888889,2.25,1.5416666666666667,interactive,420000067,Round Robin,0.12725700383928232,0.21292133667571317,0.19579978474403464,0.10710710710710711,0.3187636948588138,0.8132911392405063
12.0,1.2,9,14.333333333333334,1.0,3.25,2.0208333333333335,3,1.8333333333333333,interactive,420000068,SRTF,0.14439999767429693,0.17357954152906552,0.11426179276822623,0.158409659945518,0.34840050200094747,0.7918088737201365
12.0,0.9230769230769231,8.166666666666666,7.305555555555555,1.0,3.4166666666666665,1.7430555555555556,2.0833333333333335,1.1224489795918366,interactive,420000069,SRTF,0.17906531463784217,0.25566331417624527,0.1217595305656653,0.13845837060226593,0.3282651858933329,0.8157327586206897
12.0,1.0,8.333333333333334,7.555555555555555,1.0,2.8333333333333335,1.1388888888888888,2.5,1.3,interactive,420000070,Round Robin,0.13997263727479556,0.2663937976437976,0.2057484147110989,0.10262557280907948,0.3047033527024534,0.7948717948717949
12.0,0.9230769230769231,7,5.666666666666667,1.0,3.1666666666666665,2.4722222222222223,2.25,1.6071428571428572,interactive,420000071,Round Robin,0.13770270103481774,0.2257913855734302,0.1283939254486884,0.12520569245143565,0.36318015471259835,0.8378048780487806
12.0,1.0,8.833333333333334,20.13888888888889,1.0,3.75,1.3541666666666667,2.6666666666666665,1.6037735849056605,interactive,420000072,Round Robin,0.13485451546336674,0.18523427489598182,0.10336592605142969,0.09881061299176577,0.3245654162854529,0.7864963503649636
12.0,1.0909090909090908,8.25,6.354166666666667,1.0,3.4166666666666665,1.9097222222222223,2.4166666666666665,1.4141414141414141,interactive,420000073,Round Robin,0.2092860220207517,0.26795034480344454,0.1603550127573822,0.13001961212687363,0.3253673525164389,0.8195754716981132
12.0,1.3333333333333333,8.916666666666666,9.243055555555555,1.0,2.5833333333333335,2.076388888888889,2.8333333333333335,1.560747663551402,interactive,420000074,SRTF,0.18394593713705581,0.25718281588981656,0.11143120390576214,0.12835703001579776,0.3231698473899083,0.7835365853658536
12.0,1.3333333333333333,8.333333333333334,15.055555555555555,1.0,2.6666666666666665,2.388888888888889,2.1666666666666665,1.45,interactive,420000075,SRTF,0.13909256940880727,0.19772811658776573,0.08795328999845234,0.1306019387910471,0.36316403860486113,0.7924382716049383
12.0,0.8571428571428571,7.166666666666667,10.63888888888889,1.0,3.0833333333333335,1.9097222222222223,2.0833333333333335,1.2906976744186047,interactive,420000076,Round Robin,0.19068913144254007,0.16355875774898848,0.19000840751206288,0.14631918468647617,0.29121475054229934,0.828125
12.0,0.75,9.75,10.354166666666666,1.0,3,2,2.8333333333333335,1.4017094017094016,interactive,420000077,Round Robin,0.1299478794966596,0.17680785229927626,0.10902773621131827,0.10748702742772426,0.3237929762668631,0.7872670807453417
12.0,0.9230769230769231,9.166666666666666,11.305555555555555,1.0,3,2,2.75,1.5,interactive,420000078,SRTF,0.14579864579864582,0.18058482956023938,0.13699747222474493,0.148069733297006,0.30019286269286266,0.7984126984126985
12.0,1.3333333333333333,6.166666666666667,10.472222222222221,1.0,3.0833333333333335,2.576388888888889,1.75,1.4324324324324325,interactive,420000079,Round Robin,0.15815105819832237,0.14698867218641393,0.1481942211373511,0.1330120871811422,0.31684141546526867,0.7939330543933054
12.0,1.7142857142857142,10.416666666666666,15.07638888888889,1.0,3.0833333333333335,1.7430555555555556,2.8333333333333335,1.344,interactive,420000080,Round Robin,0.13739066388522908,0.21407970017583486,0.17044557975192687,0.11363636363636362,0.3556682554444702,0.7743055555555556
12.0,1.3333333333333333,8.833333333333334,13.63888888888889,1.0,3,1.3333333333333333,2.3333333333333335,1.1603773584905661,interactive,420000081,SRTF,0.15801306621205705,0.18722744901556906,0.14952980676697047,0.16177005197618521,0.32660529080557965,0.7922535211267605
12.0,1.2,8.25,6.1875,1.0,2.6666666666666665,1.7222222222222223,2.1666666666666665,1.3737373737373737,interactive,420000082,Round Robin,0.16176954160000506,0.28232615700742536,0.1468947811075207,0.1260154246144994,0.3307659019307836,0.7885338345864661
12.0,0.8571428571428571,8.583333333333334,15.743055555555555,1.0,3.4166666666666665,1.9097222222222223,2.5833333333333335,1.6601941747572815,interactive,420000083,Round Robin,0.13079107133511278,0.2384083214415625,0.16276007333411208,0.10811892974764532,0.36526656667575674,0.8585858585858586
12.0,1.0909090909090908,10.416666666666666,16.743055555555557,1.0,3,2.6666666666666665,2.75,1.488,interactive,420000084,Round Robin,0.1350715820259609,0.23699786409390067,0.15919102381253275,0.12174152548181047,0.317037942807049,0.7987804878048781
12.0,0.8571428571428571,10.416666666666666,15.07638888888889,1.0,2.5833333333333335,2.2430555555555554,3,1.352,interactive,420000085,SRTF,0.14798452298452303,0.2599181059205914,0.08851409738358268,0.126834769105631,0.3525569687334393,0.7692307692307692
12.0,0.9230769230769231,8.333333333333334,8.38888888888889,1.0,3,1.5,2.4166666666666665,1.31,interactive,420000086,Round Robin,0.1467946253990006,0.26761648055448595,0.210390178098556,0.10318866253321524,0.29915854738706826,0.7936320754716981
12.0,1.3333333333333333,8,12,1.0,2.5833333333333335,1.4097222222222223,2.5,1.7708333333333333,interactive,420000087,Round Robin,0.20703366720658417,0.2720428628686843,0.22077296644472044,0.13575696284209288,0.28507014028056116,0.8038674033149171
12.0,0.9230769230769231,7.25,12.354166666666666,1.0,3.25,2.5208333333333335,2,1.2413793103448276,interactive,420000088,SRTF,0.1367013992649796,0.18004774573613946,0.1189458328746009,0.12770762229806598,0.31541524459613196,0.8260368663594471
12.0,0.75,10.583333333333334,15.07638888888889,1.0,2.8333333333333335,1.8055555555555556,2.75,1.188976377952756,interactive,420000089,SRTF,0.14921054683078308,0.2051216662162625,0.12683465023236115,0.143148600405547,0.3088522033967095,0.7729508196721311
12.0,1.2,8.083333333333334,11.909722222222221,1.0,2.5833333333333335,2.4097222222222223,2.5,1.4742268041237114,interactive,420000090,Round Robin,0.14091560292568667,0.1778999598654537,0.11317506130583424,0.11130260833285606,0.30178130895799277,0.8011811023622046
12.0,1.0,7.833333333333333,5.805555555555555,1.0,2.8333333333333335,1.9722222222222223,2,1.2872340425531914,interactive,420000091,Round Robin,0.15443646881305623,0.2476076648963845,0.22231157174833457,0.08927000879507477,0.32813914063197075,0.7593023255813953
12.0,1.0909090909090908,7.833333333333333,7.472222222222222,1.0,3.6666666666666665,1.7222222222222223,2,1.2765957446808511,interactive,420000092,Round Robin,0.15396502226388564,0.24476826735610752,0.1737516844387157,0.1454744090551333,0.30928308823529416,0.8017928286852589
12.0,0.9230769230769231,7.5,13.916666666666666,1.0,3.25,2.0208333333333335,2.25,1.5333333333333334,interactive,420000093,Round Robin,0.14049467932125398,0.21848555815768927,0.16973177997983865,0.12401922359089212,0.3853443794671865,0.8114754098360655
12.0,0.8571428571428571,9.75,20.1875,1.0,2.25,1.6875,2.6666666666666665,1.3076923076923077,interactive,420000094,Round Robin,0.1704940347877797,0.2237983053531834,0.203547692736907,0.1252074724769303,0.35876120634271697,0.7840909090909092
12.0,0.8571428571428571,7.333333333333333,13.88888888888889,1.0,2.25,2.0208333333333335,2.25,1.4090909090909092,interactive,420000095,SRTF,0.17014410977983885,0.11028038492584795,0.04959087128464332,0.11212814645308926,0.37061057051050594,0.8134328358208955
12.0,1.7142857142857142,8.333333333333334,14.555555555555555,1.0,2.4166666666666665,1.4097222222222223,2.75,1.72,interactive,420000096,SRTF,0.13994271007337566,0.1661392405063291,0.06264216294458229,0.1243519309056263,0.29141210492016945,0.8386075949367089
12.0,1.2,9.083333333333334,7.409722222222222,1.0,2.75,1.6875,2.5,1.3211009174311927,interactive,420000097,Round Robin,0.15790582742101755,0.19560669456066948,0.1512861023942353,0.12608695652173915,0.31270859162355896,0.7771966527196653
12.0,0.9230769230769231,10.083333333333334,19.57638888888889,1.0,3.25,1.8541666666666667,2.8333333333333335,1.4132231404958677,interactive,420000098,SRTF,0.1931278622582793,0.2309701180911657,0.13218485638289323,0.1758910107751233,0.33189130224295293,0.7780701754385965
12.0,1.0909090909090908,9.333333333333334,10.88888888888889,1.0,2.75,1.3541666666666667,2.9166666666666665,1.7321428571428572,interactive,420000099,Round Robin,0.1200393845026562,0.23245041722689047,0.11461433535916672,0.10218055925352636,0.29630977983726137,0.8118932038834952
12.0,0.9230769230769231,8.666666666666666,12.722222222222221,1.0,2.5833333333333335,1.0763888888888888,2,1.1826923076923077,interactive,420000100,Round Robin,0.16775840853158325,0.2500641025641026,0.1747628458498024,0.15810435072996146,0.3642915353395795,0.78625
12.0,0.8,9.25,7.354166666666667,1.0,3.8333333333333335,0.9722222222222222,2.75,1.6306306306306306,interactive,420000101,Round Robin,0.16999747869144088,0.2755994965387035,0.18429503483736628,0.12180265183361158,0.277707360264905,0.8094713656387665
12.0,1.3333333333333333,8.166666666666666,6.972222222222222,1.0,2.6666666666666665,2.7222222222222223,2.3333333333333335,1.2755102040816326,interactive,420000102,SRTF,0.10728917366693047,0.2239148429220141,0.07665805340223945,0.1189242318779777,0.2901586928718711,0.7933579335793358
12.0,1.2,9,11.666666666666666,1.0,3.1666666666666665,1.1388888888888888,2.3333333333333335,1.3148148148148149,interactive,420000103,SRTF,0.1455982691755937,0.2502015186043966,0.09593277218817597,0.10936205468102733,0.34828086164043076,0.8025291828793775
12.0,0.8571428571428571,8.75,11.1875,1.0,3.3333333333333335,1.7222222222222223,2.5,1.561904761904762,interactive,420000104,Round Robin,0.173381605824124,0.23919564042514865,0.1635997382594036,0.12340255591054314,0.3476867780781519,0.7975409836065575
12.0,1.3333333333333333,9.083333333333334,8.409722222222221,1.0,3.0833333333333335,1.4097222222222223,2.3333333333333335,1.3761467889908257,interactive,420000105,FCFS,0.10886454148070406,0.2545879354290569,0.12570721942620536,0.11505122143420017,0.3041123215651705,0.7937219730941705
12.0,1.2,8.833333333333334,7.638888888888889,1.0,3,2,2.5833333333333335,1.6132075471698113,interactive,420000106,Round Robin,0.11467825364494,0.2634859461227885,0.1935419570111492,0.10248713550600343,0.35082474799795593,0.7939453125
12.0,1.0,8.25,5.854166666666667,1.0,1.9166666666666667,1.2430555555555556,2,1.3333333333333333,interactive,420000107,Round Robin,0.12104134827644761,0.23312259523599732,0.13730807855508156,0.10353698287149668,0.350630184319964,0.7831196581196581
12.0,1.2,10.083333333333334,12.743055555555555,1.0,3.3333333333333335,1.7222222222222223,2.75,1.512396694214876,interactive,420000108,SRTF,0.15049751243781095,0.1842777784596753,0.12779323720381144,0.13771186440677965,0.3080190138413283,0.782960199004975
12.0,0.75,8.333333333333334,8.88888888888889,1.0,3.4166666666666665,1.5763888888888888,2.1666666666666665,1.21,interactive,420000109,Round Robin,0.17381945500262602,0.21295943379644489,0.18104210124935516,0.13885357244002108,0.3063620298971862,0.8095854922279793
12.0,1.2,8.666666666666666,8.222222222222221,1.0,3,2.6666666666666665,2.5,1.6923076923076923,interactive,420000110,SRTF,0.11038285612321727,0.2949333298945142,0.07588945426191934,0.1337637293600353,0.35470347740093544,0.8180628272251309
12.0,0.9230769230769231,9.083333333333334,14.57638888888889,1.0,2.9166666666666665,2.2430555555555554,2.5833333333333335,1.146788990825688,interactive,420000111,SRTF,0.145703125,0.21446289905090596,0.09669877819548876,0.11992187500000001,0.392124495967742,0.7763157894736843
12.0,1.0,9.333333333333334,6.722222222222222,1.0,2.9166666666666665,1.5763888888888888,2.3333333333333335,1.2053571428571428,interactive,420000112,Round Robin,0.14566959788841646,0.22476708778749596,0.12253816042112213,0.1174162101955558,0.36133615847560285,0.7740524781341108
12.0,1.0,8.166666666666666,9.972222222222221,1.0,2.5,1.9166666666666667,2.3333333333333335,1.469387755102041,interactive,420000113,SRTF,0.14757878411679398,0.253467300701355,0.10817767326049801,0.1258029649595687,0.3520682839173405,0.7821576763485477
12.0,0.8,10.75,9.1875,1.0,3.0833333333333335,2.4097222222222223,3,1.4883720930232558,interactive,420000114,Round Robin,0.17181365938445864,0.2659114013739564,0.20818144037751266,0.1085343228200371,0.30668860088181765,0.7643171806167401
12.0,0.9230769230769231,7.583333333333333,6.743055555555555,1.0,2.9166666666666665,2.076388888888889,2.25,1.4395604395604396,interactive,420000115,FCFS,0.12026805130253407,0.17330548643204174,0.1428287050337867,0.1211556383970177,0.28150313828845536,0.8202380952380952
12.0,1.0909090909090908,8.833333333333334,10.305555555555555,1.0,2.4166666666666665,1.7430555555555556,2.5,1.2735849056603774,interactive,420000116,SRTF,0.14617616123266125,0.21319760735920806,0.08618809631985463,0.1213709677419355,0.3420046142984417,0.778169014084507
12.0,1.0909090909090908,7.583333333333333,12.243055555555555,1.0,2.75,1.3541666666666667,2.0833333333333335,1.5164835164835164,interactive,420000117,Round Robin,0.20820677227685622,0.3228115401491882,0.2193184354424729,0.11724325591212074,0.26524959023246175,0.7543103448275862
12.0,0.8571428571428571,10.5,18.083333333333332,1.0,3,1.8333333333333333,3.3333333333333335,1.5238095238095237,interactive,420000118,Round Robin,0.17793985623821315,0.2906355705892825,0.23140747237100862,0.13951495230162217,0.29051213106016754,0.7973251028806585
12.0,0.8571428571428571,8.916666666666666,14.07638888888889,1.0,2.8333333333333335,1.8055555555555556,2.5833333333333335,1.485981308411215,interactive,420000119,SRTF,0.13551018438073173,0.15364705882352941,0.11007549559064864,0.12184604296659032,0.3465482496943788,0.7916666666666667
12.0,0.8,8.583333333333334,15.743055555555555,1.0,3.1666666666666665,2.3055555555555554,2.3333333333333335,1.3009708737864079,interactive,420000120,Round Robin,0.16390513037791704,0.1288826683254836,0.14521674973382878,0.11877224199288257,0.33451957295373663,0.7724014336917563
12.0,1.0,7.416666666666667,8.409722222222221,1.0,3.5,1.4166666666666667,2.3333333333333335,1.4606741573033708,interactive,420000121,FCFS,0.11304668618702361,0.18892937419723135,0.17049521286484476,0.11612018568635572,0.3544763646374076,0.8480113636363636
12.0,1.2,7.75,6.020833333333333,1.0,2.9166666666666665,2.4097222222222223,2.25,1.3333333333333333,interactive,420000122,SRTF,0.14157458756973218,0.22468242259350088,0.09695529167228005,0.12516004838329003,0.32964512913529065,0.8079399141630901
12.0,1.2,10.416666666666666,7.743055555555555,1.0,2.5,1.5833333333333333,2.8333333333333335,1.336,interactive,420000123,Round Robin,0.1446691970157946,0.20914678750321303,0.17308782259400501,0.11454431960049936,0.29284805544727505,0.7828418230563003
12.0,1.0909090909090908,8.416666666666666,10.243055555555555,1.0,3.4166666666666665,1.5763888888888888,2.5833333333333335,1.5544554455445545,interactive,420000124,SRTF,0.1458118534556827,0.25467807394922426,0.05688515998212877,0.11930783242258652,0.31827499983678376,0.7912735849056605
12.0,1.2,10.333333333333334,19.555555555555557,1.0,3,2.6666666666666665,2.6666666666666665,1.2338709677419355,interactive,420000125,Round Robin,0.16113223397333176,0.1969356708200522,0.15840708454651356,0.11181277860326896,0.29899393179941247,0.7973856209150327
12.0,0.8571428571428571,9.166666666666666,18.305555555555557,1.0,2.5833333333333335,2.576388888888889,2.4166666666666665,1.3363636363636364,interactive,420000126,SRTF,0.18384719121020854,0.2001766293561959,0.11645592437128847,0.12297426120114396,0.3491966208243615,0.7952488687782806
12.0,1.0909090909090908,8,11,1.0,2.8333333333333335,2.138888888888889,2.1666666666666665,1.3020833333333333,interactive,420000127,Round Robin,0.17778708396338924,0.22845905846326367,0.1546358313324066,0.15245764615768354,0.32770711077883263,0.8302845528455285
12.0,1.0,9.583333333333334,14.243055555555555,1.0,2.5,1.5833333333333333,2.9166666666666665,1.6347826086956523,interactive,420000128,SRTF,0.15422018838755347,0.27479338842975204,0.10190879651446975,0.12619406737053795,0.3213004869576563,0.7869955156950672
12.0,0.7058823529411765,9.916666666666666,11.409722222222221,1.0,2.75,3.3541666666666665,2.8333333333333335,1.4705882352941178,interactive,420000129,Round Robin,0.15218501123136613,0.28233224165563375,0.17723164505969943,0.12847230348836167,0.3291863246542951,0.8220338983050848
12.0,0.8571428571428571,7.416666666666667,13.409722222222221,1.0,3.0833333333333335,1.9097222222222223,1.9166666666666667,1.5730337078651686,interactive,420000130,Round Robin,0.1729703169135499,0.2872702932943897,0.17213387372734476,0.08801955990220048,0.2498823252793918,0.8048245614035088
12.0,1.5,9.083333333333334,14.07638888888889,1.0,3.6666666666666665,1.5555555555555556,2,1.0458715596330275,interactive,420000131,Round Robin,0.1781037449334273,0.20809702028293336,0.16891408092013788,0.12841091492776888,0.3140145817838273,0.8039568345323741
12.0,0.8571428571428571,7.5,15.083333333333334,1.0,3.5833333333333335,2.576388888888889,2.25,1.5333333333333334,interactive,420000132,Round Robin,0.16716981132075473,0.2289604810996563,0.10764150943396228,0.10377358490566038,0.3408472735524865,0.8566666666666667
12.0,0.7058823529411765,9.166666666666666,8.63888888888889,1.0,1.9166666666666667,1.7430555555555556,2.75,1.5,interactive,420000133,Round Robin,0.179172213758618,0.26563568602717735,0.19712534826587613,0.1231089295438007,0.37588621766630925,0.8174846625766872
12.0,1.2,9.25,9.020833333333334,1.0,2.5833333333333335,1.5763888888888888,3.25,1.8738738738738738,interactive,420000134,Round Robin,0.15437696518721736,0.2525078270749812,0.1504042012998316,0.13711250073061376,0.33544476336507717,0.7805084745762711
12.0,1.2,8.166666666666666,3.9722222222222223,1.0,3.4166666666666665,1.9097222222222223,2.1666666666666665,1.3775510204081634,interactive,420000135,Round Robin,0.1214536516853933,0.23731617647058822,0.17572398341359016,0.10112359550561797,0.2817054177327845,0.80625
12.0,1.0,9.25,9.6875,1.0,4.583333333333333,0.24305555555555555,2.5,1.3243243243243243,interactive,420000136,Round Robin,0.19114162290878006,0.31035052910052907,0.21390006580643406,0.12884872481047258,0.32555297757153906,0.8044444444444445
12.0,0.8571428571428571,9.25,8.854166666666666,1.0,2.3333333333333335,1.7222222222222223,2.9166666666666665,1.6216216216216217,interactive,420000137,Round Robin,0.14690602162469865,0.21549823174537133,0.12675900970387752,0.10198821796759941,0.36014664593017387,0.7954545454545454
12.0,1.0,8.083333333333334,12.57638888888889,1.0,2,1.5,2.25,1.4742268041237114,interactive,420000138,Round Robin,0.14965613110916007,0.18430272108843537,0.15239351892431036,0.12014143029755128,0.33838454784899036,0.7891156462585034
12.0,1.0,10,10.166666666666666,1.0,2.8333333333333335,1.3055555555555556,3,1.5833333333333333,interactive,420000139,Round Robin,0.12929631684233528,0.15924621680784237,0.1447164926790727,0.11520584329349268,0.3700544883775348,0.769620253164557
12.0,1.5,8.166666666666666,6.972222222222222,1.0,2.8333333333333335,1.8055555555555556,2.6666666666666665,1.7346938775510203,interactive,420000140,Round Robin,0.1383766080408991,0.15248018967991517,0.17519918173987942,0.09302325581395351,0.3194872192150767,0.8024193548387097
12.0,1.0,8.583333333333334,20.243055555555557,1.0,3.0833333333333335,1.4097222222222223,2.25,1.2815533980582525,interactive,420000141,Round Robin,0.16005357516985422,0.12053260312461975,0.15904947355015756,0.1118227471168648,0.3506308251046513,0.7724252491694352
12.0,0.8571428571428571,9.416666666666666,14.57638888888889,1.0,3.1666666666666665,2.3055555555555554,2.4166666666666665,1.2035398230088497,interactive,420000142,SRTF,0.14363497727900834,0.19959907644145877,0.09800764963465776,0.12361960758381732,0.2998812351543943,0.7970679012345678
12.0,0.8571428571428571,9.5,14.75,1.0,3.25,1.6875,2.75,1.2543859649122806,interactive,420000143,FCFS,0.10113929931687989,0.210618686287394,0.10814444974825914,0.10464169381107488,0.3462069947769664,0.79858934169279
12.0,2.0,9.333333333333334,11.055555555555555,1.0,2.75,1.6875,3.25,1.7142857142857142,interactive,420000144,Round Robin,0.14699093923283602,0.2666178294385137,0.16647798520180668,0.14691757375949693,0.33345083221452904,0.7794117647058824
12.0,0.9230769230769231,9.166666666666666,13.805555555555555,1.0,2.6666666666666665,1.5555555555555556,2.3333333333333335,1.2363636363636363,interactive,420000145,SRTF,0.1407828651724474,0.2267260231177757,0.09575676403538587,0.12110369478790531,0.3043859649122807,0.7852233676975945
12.0,0.8571428571428571,8.416666666666666,12.57638888888889,1.0,3,1.3333333333333333,2.5,1.5841584158415842,interactive,420000146,SRTF,0.11399808386043467,0.21525521931070749,0.11261250172553681,0.1168559015728415,0.35475702302371676,0.820855614973262
12.0,1.5,9.833333333333334,14.805555555555555,1.0,2.75,1.8541666666666667,2.5833333333333335,1.2627118644067796,interactive,420000147,Round Robin,0.17524118366144514,0.2326249926882792,0.16346028437370877,0.1161578555472822,0.3305548246765438,0.764018691588785
12.0,0.9230769230769231,9,10.333333333333334,1.0,2.5,1.9166666666666667,2.5,1.4444444444444444,interactive,420000148,Round Robin,0.17066156914893618,0.2389610322898795,0.21164490755671353,0.1328773326730609,0.3028817830539092,0.7978723404255319
12.0,1.3333333333333333,7.833333333333333,12.472222222222221,1.0,3.0833333333333335,1.7430555555555556,2.25,1.3936170212765957,interactive,420000149,Round Robin,0.15216742081447962,0.2285559708833366,0.1402221989966555,0.11882036613272311,0.36195031055900617,0.7782805429864253
12.0,0.8571428571428571,6.333333333333333,17.38888888888889,1.0,3.0833333333333335,2.4097222222222223,1.9166666666666667,1.4736842105263157,interactive,420000150,SJF,0.17566352335622085,0.11496473902014515,0.11885042280672117,0.13108625907536298,0.3416371361885725,0.8614649681528663
12.0,0.75,6.916666666666667,7.909722222222222,1.0,3.25,2.3541666666666665,1.9166666666666667,1.4819277108433735,interactive,420000151,Round Robin,0.18570574162679426,0.23779250531827853,0.25628611818803204,0.11543062200956938,0.31525741005406077,0.8388888888888888
12.0,0.9230769230769231,8.416666666666666,6.909722222222222,1.0,2.8333333333333335,2.3055555555555554,2.4166666666666665,1.4455445544554455,interactive,420000152,Round Robin,0.1705619551305272,0.24629263565891474,0.14673221357438027,0.13066182595969833,0.29964539007092195,0.7868217054263567
12.0,1.3333333333333333,8.916666666666666,6.743055555555555,1.0,2.75,1.8541666666666667,2.5833333333333335,1.411214953271028,interactive,420000153,Round Robin,0.13692657651965123,0.24282939163146372,0.17946507555379038,0.11472982975573649,0.3285122549942081,0.8013937282229966
12.0,0.75,9.416666666666666,8.07638888888889,1.0,2.75,1.1875,2.3333333333333335,1.2566371681415929,interactive,420000154,SRTF,0.13820430128137548,0.22968487657464584,0.08556679541119983,0.11649782923299565,0.3196428670600165,0.7913907284768211
12.0,0.8571428571428571,10.833333333333334,8.805555555555555,1.0,2.9166666666666665,1.7430555555555556,3.1666666666666665,1.3153846153846154,interactive,420000155,Round Robin,0.1254695625872045,0.20139368364868573,0.13636097532418112,0.12258068061650414,0.28097893432465926,0.7782152230971129
12.0,0.6666666666666666,8.5,14.25,1.0,3,1,2.4166666666666665,1.2647058823529411,interactive,420000156,Round Robin,0.19355330892108474,0.14962121212121213,0.167254413436458,0.12478108581436076,0.33168817435634196,0.8125
12.0,1.3333333333333333,9.416666666666666,7.576388888888889,1.0,3.4166666666666665,1.9097222222222223,2.5,1.3716814159292035,interactive,420000157,Round Robin,0.11485535918403238,0.25885520542481055,0.1309291912694709,0.11463046757164405,0.2736016697228444,0.8340807174887892
12.0,1.2,9.166666666666666,16.305555555555557,1.0,2.75,1.8541666666666667,2.8333333333333335,1.4363636363636363,interactive,420000158,Round Robin,0.14315371552940612,0.1714352477639412,0.17135678436578938,0.14141264758596997,0.3356950043046652,0.7871212121212121
12.0,1.2,8.666666666666666,11.38888888888889,1.0,3.0833333333333335,1.5763888888888888,2.4166666666666665,1.5096153846153846,interactive,420000159,Round Robin,0.11654246235056667,0.22020495951417005,0.10874804437915758,0.09677505715606817,0.3852125295318944,0.7894736842105263
12.0,1.0909090909090908,8.166666666666666,3.138888888888889,1.0,2.9166666666666665,1.7430555555555556,2.5833333333333335,1.4387755102040816,interactive,420000160,Round Robin,0.13037777439951354,0.24882828081372155,0.14535404209317254,0.10372960372960374,0.30234654234654235,0.7880434782608696
12.0,1.3333333333333333,8.083333333333334,14.409722222222221,1.0,3.5,1.9166666666666667,2.25,1.4123711340206186,interactive,420000161,Round Robin,0.16416745990625714,0.15494297548681205,0.13570923976099034,0.13067267041176814,0.3728462679062088,0.7860738255033557
12.0,1.0909090909090908,8,15.666666666666666,1.0,2.1666666666666665,2.3055555555555554,2.25,1.4895833333333333,interactive,420000162,SRTF,0.1609187037116315,0.16824947796151024,0.11858715618643033,0.12979910875289294,0.31652491010974565,0.8063829787234043
12.0,1.2,8,7.833333333333333,1.0,2.8333333333333335,1.6388888888888888,1.9166666666666667,1.125,interactive,420000163,Round Robin,0.1782049449949043,0.21992767175572522,0.14344551737718095,0.14333584660858212,0.28330411919368975,0.8091603053435115
12.0,1.0909090909090908,8.333333333333334,20.22222222222222,1.0,3,1.8333333333333333,2.25,1.37,interactive,420000164,SRTF,0.177607389572206,0.1131705373406193,0.06546257466005846,0.13513472719141323,0.3691860465116279,0.7964480874316939
12.0,1.0909090909090908,7.833333333333333,14.805555555555555,1.0,3.6666666666666665,2.2222222222222223,1.9166666666666667,1.202127659574468,interactive,420000165,SRTF,0.21884796546358534,0.20518350630243745,0.12637969094922738,0.14664045994482153,0.35444386415821827,0.8300000000000001
12.0,0.8,8.416666666666666,11.409722222222221,1.0,3.5,1.0833333333333333,2.5,1.5346534653465347,interactive,420000166,Round Robin,0.14035977153829027,0.19100339303948266,0.12096273045929415,0.1061849145805305,0.3175588708828357,0.8154296875
12.0,0.8,10,15.833333333333334,1.0,3.8333333333333335,2.4722222222222223,2.9166666666666665,1.4333333333333333,interactive,420000167,Round Robin,0.16072529085001575,0.30337443218689164,0.16510533487055867,0.10255319148936172,0.20388324075044545,0.8251231527093597
12.0,1.2,7.916666666666667,9.409722222222221,1.0,2.75,1.6875,2,1.1894736842105262,interactive,420000168,Round Robin,0.15416114058355435,0.2666758567831469,0.1515473032714412,0.13399293942772206,0.32943569614765267,0.7758620689655172
12.0,1.2,10,8.833333333333334,1.0,2.1666666666666665,2.3055555555555554,2.6666666666666665,1.3166666666666667,interactive,420000169,Round Robin,0.1408244505856034,0.2236757289652296,0.17964315480107035,0.11535947712418301,0.3353089463019515,0.7692953020134228
12.0,1.0909090909090908,10.166666666666666,11.13888888888889,1.0,2.8333333333333335,1.9722222222222223,2.9166666666666665,1.598360655737705,interactive,420000170,Round Robin,0.12254604331107063,0.24439749659047907,0.12395011131349931,0.10553278688524591,0.32504416025721244,0.779320987654321
12.0,0.9230769230769231,8.75,16.1875,1.0,2.9166666666666665,1.9097222222222223,2.6666666666666665,1.561904761904762,interactive,420000171,SRTF,0.1567740183606362,0.2013693670670415,0.1066133255962743,0.1238003838771593,0.3730034960241294,0.8062015503875969
12.0,0.9230769230769231,7.75,14.354166666666666,1.0,2.4166666666666665,1.5763888888888888,2.3333333333333335,1.6344086021505377,interactive,420000172,SJF,0.16586837015168482,0.14806149732620322,0.20853706187758625,0.1567129190125428,0.36092999814813204,0.7965909090909091
12.0,0.8571428571428571,8.916666666666666,12.57638888888889,1.0,3.4166666666666665,1.7430555555555556,2.5,1.280373831775701,interactive,420000173,Round Robin,0.15436157522111402,0.22375797325102878,0.1266964879401986,0.12264150943396226,0.316081633113659,0.8127572016460904
12.0,0.8571428571428571,8.416666666666666,14.909722222222221,1.0,3,1.8333333333333333,2.4166666666666665,1.6237623762376239,interactive,420000174,Round Robin,0.16077708089474424,0.1332850894800228,0.2189516371325529,0.11205179282868527,0.3299720112684274,0.7968085106382978
12.0,1.7142857142857142,9.333333333333334,12.555555555555555,1.0,2.3333333333333335,1.7222222222222223,2.6666666666666665,1.5089285714285714,interactive,420000175,SRTF,0.13158087219413878,0.23629502627443605,0.1299612569127094,0.13535020887962063,0.3069136745607334,0.7720364741641337
12.0,1.5,9.833333333333334,7.638888888888889,1.0,3.0833333333333335,1.7430555555555556,2.8333333333333335,1.4830508474576272,interactive,420000176,Round Robin,0.11770657785475605,0.25664204723643547,0.11928219524520861,0.10691601976005646,0.2800896566183788,0.777602523659306
12.0,1.0,8.666666666666666,15.722222222222221,1.0,3,1.5,2.5833333333333335,1.6346153846153846,interactive,420000177,SRTF,0.12071484222828206,0.23589330686914273,0.10256552952306754,0.13261030638706972,0.33879924721952304,0.7899159663865547
12.0,1.7142857142857142,7.666666666666667,5.722222222222222,1.0,3.3333333333333335,1.5555555555555556,2.25,1.5,interactive,420000178,SRTF,0.12930357225956135,0.2990771364557772,0.09298961096374889,0.11140583554376658,0.3511996462056209,0.8362499999999999
12.0,1.2,10,5.166666666666667,1.0,2.3333333333333335,1.0555555555555556,2.75,1.275,interactive,420000179,FCFS,0.12559004449873487,0.25254105198454513,0.12881620277462702,0.1310844357341173,0.30360431663714366,0.7731164383561644
12.0,1.0,9.083333333333334,22.243055555555557,1.0,2.8333333333333335,1.1388888888888888,2.5,1.4036697247706422,interactive,420000180,SRTF,0.1391697799916978,0.1390336654495947,0.1007513491075135,0.10867579908675798,0.352589770608738,0.8
12.0,1.0909090909090908,9.75,7.6875,1.0,3,2,2.9166666666666665,1.4957264957264957,interactive,420000181,Round Robin,0.14563288057527715,0.23142303136205997,0.13083512024943125,0.11694101508916324,0.277367727781728,0.7834645669291338
12.0,1.5,8.833333333333334,6.138888888888889,1.0,3,2.5,2.4166666666666665,1.2169811320754718,interactive,420000182,Round Robin,0.16049893379590752,0.2633890327975851,0.13108509744994917,0.12607828944278293,0.3021517976584974,0.7794117647058824
12.0,0.7058823529411765,6.333333333333333,3.0555555555555554,1.0,3.1666666666666665,2.3055555555555554,1.9166666666666667,1.5921052631578947,interactive,420000183,Round Robin,0.18853283594913503,0.36899305555555556,0.13785406403940884,0.12606954913249058,0.2897822466525158,0.8950892857142858
12.0,1.0,8.75,7.520833333333333,1.0,3,1.8333333333333333,2.3333333333333335,1.619047619047619,interactive,420000184,Round Robin,0.17598994184323707,0.2358416834147463,0.2649033050401103,0.11943986820428334,0.3240957857362855,0.78515625
12.0,1.2,7.75,11.020833333333334,1.0,3.1666666666666665,1.6388888888888888,2.0833333333333335,1.3225806451612903,interactive,420000185,Round Robin,0.15080572458868607,0.13834572290454641,0.1162525354969574,0.10871647509578546,0.32529716200315106,0.7916666666666667
12.0,1.5,7.083333333333333,7.909722222222222,1.0,2.8333333333333335,1.9722222222222223,1.5833333333333333,1.1647058823529413,interactive,420000186,SRTF,0.16218520461699895,0.1635662035476663,0.0550621036543638,0.11385099685204617,0.2853047350030561,0.8043478260869565
12.0,1.2,7.583333333333333,2.9097222222222223,1.0,2.3333333333333335,1.2222222222222223,2.0833333333333335,1.3296703296703296,interactive,420000187,Round Robin,0.14686917691328916,0.18718759401869556,0.17158813441256765,0.12028499580888516,0.32174066840367394,0.7760791366906474
12.0,1.0909090909090908,9.333333333333334,5.555555555555555,1.0,3.1666666666666665,2.3055555555555554,2.5,1.2410714285714286,interactive,420000188,Round Robin,0.17934677454383202,0.22729263607943356,0.14646054122299376,0.12997974341661042,0.2939902113107542,0.7909356725146199
12.0,1.0,8.666666666666666,14.722222222222221,1.0,2.8333333333333335,2.8055555555555554,2.5,1.4807692307692308,interactive,420000189,Round Robin,0.12882535346450588,0.17213968924340034,0.11777721739135708,0.10361216730038023,0.32437047948350134,0.8106796116504854
12.0,1.2,8.416666666666666,10.909722222222221,1.0,2.5833333333333335,2.4097222222222223,2.4166666666666665,1.4158415841584158,interactive,420000190,SRTF,0.18154217811439016,0.25294063718650495,0.10552526769391485,0.1229433272394881,0.3459255290088046,0.7964285714285715
12.0,1.0909090909090908,8.166666666666666,5.972222222222222,1.0,3.6666666666666665,3.0555555555555554,2.0833333333333335,1.3979591836734695,interactive,420000191,Round Robin,0.1654744489118518,0.31166294642857145,0.2649996207790863,0.12340619307832422,0.3036790915110921,0.8009478672985781
12.0,0.9230769230769231,8.916666666666666,12.57638888888889,1.0,3.5,1.4166666666666667,2.3333333333333335,1.4485981308411215,interactive,420000192,Round Robin,0.12214599785297273,0.17057748538011697,0.11561368177084305,0.1147765954925558,0.37043700309888483,0.8061403508771929
12.0,0.8,9.416666666666666,14.57638888888889,1.0,2.9166666666666665,2.076388888888889,2.75,1.575221238938053,interactive,420000193,Round Robin,0.14305555555555555,0.2572160332475866,0.17338020777361057,0.13304939514310554,0.343916739274749,0.818287037037037
12.0,0.8571428571428571,11,5.666666666666667,1.0,3.5833333333333335,1.7430555555555556,3.75,1.4242424242424243,interactive,420000194,SRTF,0.16123865923743402,0.28337042308189936,0.10260508679462077,0.13597800872702007,0.27553624165874696,0.8093220338983051
12.0,1.2,7.333333333333333,7.555555555555555,1.0,2.9166666666666665,1.4097222222222223,1.9166666666666667,1.3863636363636365,interactive,420000195,FCFS,0.11352690582959643,0.27454024107638086,0.16050231902319348,0.1334216015344042,0.3061223458038423,0.7903587443946188
12.0,0.631578947368421,7.25,12.354166666666666,1.0,2.8333333333333335,1.4722222222222223,2.1666666666666665,1.3793103448275863,interactive,420000196,SRTF,0.13956781111558597,0.1399193803184767,0.09532703407265791,0.1384041680814827,0.336494472655018,0.8052884615384615
12.0,0.8571428571428571,8.916666666666666,13.409722222222221,1.0,2,0.5,2.75,1.411214953271028,interactive,420000197,SRTF,0.16287053841500304,0.2608228905597326,0.07433800956664526,0.1402507970337105,0.32907938887699006,0.793859649122807
12.0,0.8571428571428571,9.083333333333334,5.076388888888889,1.0,2.9166666666666665,1.5763888888888888,2.8333333333333335,1.6605504587155964,interactive,420000198,Round Robin,0.11854226878612717,0.2888619854721549,0.16615918161799664,0.1159408653225473,0.2143311750595178,0.7879464285714286
12.0,1.3333333333333333,8.416666666666666,13.909722222222221,1.0,3.1666666666666665,1.9722222222222223,2.4166666666666665,1.4653465346534653,interactive,420000199,Round Robin,0.14456628277382996,0.24437229437229438,0.14069953472757696,0.11650943396226415,0.41543012472017904,0.7965367965367965
12.0,0.8571428571428571,8.333333333333334,9.38888888888889,1.0,2.6666666666666665,2.7222222222222223,2.3333333333333335,1.37,interactive,420000200,Round Robin,0.1750633939293446,0.25016276041666663,0.20993627497173015,0.14750103259931446,0.3313983921256349,0.8158482142857143
12.0,0.6666666666666666,6.75,12.854166666666666,1.0,3.0833333333333335,2.076388888888889,2.25,1.7037037037037037,interactive,420000201,SJF,0.20246939045649054,0.018245104039167688,0.07657172736220472,0.15336388615485563,0.3128671287593985,0.8700787401574803
12.0,0.75,9.583333333333334,11.909722222222221,1.0,2.8333333333333335,1.8055555555555556,2.5,1.2260869565217392,interactive,420000202,Round Robin,0.15975526763512626,0.14975816124744704,0.21844590390380905,0.12072527446776099,0.27767113620324635,0.7800353356890459
12.0,1.0909090909090908,10.25,3.8541666666666665,1.0,2.8333333333333335,1.6388888888888888,3.3333333333333335,1.5528455284552845,interactive,420000203,SRTF,0.12202050029141728,0.31490255676738776,0.09683416637281557,0.1162507608034084,0.2807946107515035,0.7924028268551238
12.0,1.3333333333333333,8.583333333333334,14.243055555555555,1.0,3.4166666666666665,1.9097222222222223,2.3333333333333335,1.3495145631067962,interactive,420000204,Round Robin,0.15316963151447968,0.2825014651469652,0.13637800252844498,0.12777140142598412,0.27748934093594285,0.8185840707964602
12.0,1.2,11.083333333333334,13.07638888888889,1.0,3.3333333333333335,2.2222222222222223,3,1.3082706766917294,interactive,420000205,Round Robin,0.1378786290745205,0.2832660827863723,0.16609117858018327,0.13589252862331783,0.30060927739179066,0.7958776595744681
12.0,1.2,8.916666666666666,9.243055555555555,1.0,2.4166666666666665,2.2430555555555554,2.25,1.2897196261682242,interactive,420000206,Round Robin,0.17193877551020406,0.18298792631316904,0.12683675531863572,0.1153179170140831,0.3256464135907891,0.7855769230769231
12.0,0.9230769230769231,8.166666666666666,9.13888888888889,1.0,3.4166666666666665,2.7430555555555554,2.5,1.5408163265306123,interactive,420000207,Round Robin,0.16261361094731705,0.26799977244282625,0.20717907408456912,0.10306670785191938,0.3136465616466995,0.8101604278074866
12.0,0.8,9.916666666666666,12.243055555555555,1.0,2.25,1.0208333333333333,2.75,1.403361344537815,interactive,420000208,Round Robin,0.11679529819773724,0.21826923076923077,0.1704474387401217,0.11160384331116041,0.3029423218662109,0.7894230769230769
12.0,1.3333333333333333,7.5,7.583333333333333,1.0,3.5,1.75,2.1666666666666665,1.488888888888889,interactive,420000209,SRTF,0.18849498625370614,0.2732266123200316,0.08082677306590647,0.12360122075279753,0.3265288874277349,0.8136792452830188
12.0,2.0,9.25,9.854166666666666,1.0,3.3333333333333335,1.8888888888888888,2.6666666666666665,1.5855855855855856,interactive,420000210,Round Robin,0.12503123149244888,0.2581119927353563,0.16289365230497388,0.11008522727272728,0.37221478588307716,0.7890879478827362
12.0,1.0909090909090908,6.25,3.1875,1.0,3.6666666666666665,0.8888888888888888,2.0833333333333335,1.9333333333333333,interactive,420000211,SRTF,0.12052149178255371,0.2592209856915739,0.10517067003792668,0.11318538254378964,0.38891762897430593,0.8328571428571429
12.0,1.0909090909090908,9.5,9.416666666666666,1.0,3.5,1.9166666666666667,3,1.587719298245614,interactive,420000212,Round Robin,0.1271977150111076,0.20933357702974112,0.1405056595789696,0.1032608695652174,0.31420151780143807,0.7901459854014599
12.0,1.3333333333333333,8.833333333333334,10.472222222222221,1.0,2.8333333333333335,1.8055555555555556,2.8333333333333335,1.4245283018867925,interactive,420000213,Round Robin,0.16913273571660006,0.2204019905834674,0.18965455170675813,0.13831718197200432,0.34611727535450637,0.7934397163120568
12.0,1.0909090909090908,8.25,7.520833333333333,1.0,2,1.3333333333333333,2.1666666666666665,1.3434343434343434,interactive,420000214,SRTF,0.1326269233618716,0.22297932330827067,0.09704438689472415,0.10497244251388314,0.3317009648213546,0.7964285714285715
12.0,0.9230769230769231,10.75,7.354166666666667,1.0,3.5833333333333335,2.4097222222222223,2.8333333333333335,1.186046511627907,interactive,420000215,Round Robin,0.14954833704576576,0.27593793422880963,0.13893362092440548,0.12271051923959657,0.2620922767971883,0.7996941896024465
12.0,0.75,6.666666666666667,7.388888888888889,1.0,3,1.5,2,1.375,interactive,420000216,SRTF,0.1428607451658299,0.1381455355254482,0.07669396329543576,0.10814507424257487,0.3262806236080178,0.8340611353711791
12.0,0.9230769230769231,7.916666666666667,6.076388888888889,1.0,3.1666666666666665,1.9722222222222223,2.1666666666666665,1.431578947368421,interactive,420000217,FCFS,0.08911781116323281,0.22497001772864741,0.11874496949682271,0.11424206606436627,0.2712108573159773,0.7993273542600896
12.0,1.2,8.166666666666666,13.305555555555555,1.0,2.9166666666666665,1.9097222222222223,2.5,1.5408163265306123,interactive,420000218,Round Robin,0.14517005842173075,0.19697922622450922,0.14601833583907342,0.12547802628719373,0.3722926881219634,0.7830188679245282
12.0,1.0909090909090908,7.5,12.416666666666666,1.0,3.3333333333333335,2.5555555555555554,2,1.4,interactive,420000219,Round Robin,0.15473294449817798,0.27574906800979543,0.14555536339809844,0.13666161599746593,0.33169934640522875,0.8139013452914798
12.0,1.0909090909090908,11,9.5,1.0,2.5,2.25,3.25,1.628787878787879,interactive,420000220,Round Robin,0.13575531749728303,0.21903350368005997,0.14429974685959376,0.10973451327433625,0.3609616176167936,0.7714681440443214
12.0,1.0909090909090908,8.416666666666666,14.409722222222221,1.0,3.1666666666666665,1.8055555555555556,2.25,1.3366336633663367,interactive,420000221,Round Robin,0.1476510032539025,0.18599356202029937,0.11899839767402699,0.09963768115942027,0.35652310123133923,0.791501976284585
12.0,0.8,8.333333333333334,3.888888888888889,1.0,3.3333333333333335,2.5555555555555554,2.6666666666666665,1.58,interactive,420000222,Round Robin,0.17666714658307844,0.2675165526824882,0.15226182508933142,0.12806424344885886,0.27071005917159763,0.8119158878504673
12.0,1.0,9.333333333333334,13.555555555555555,1.0,3.1666666666666665,1.8055555555555556,2.4166666666666665,1.1696428571428572,interactive,420000223,Round Robin,0.17032681099084102,0.25748430391543736,0.2460423330608103,0.15281486929718754,0.30541638215750616,0.8
12.0,1.5,9.083333333333334,15.57638888888889,1.0,2.6666666666666665,2.5555555555555554,2.5833333333333335,1.4678899082568808,interactive,420000224,Round Robin,0.13971680123027225,0.1435699135852747,0.14231620210030094,0.1094009983361065,0.32587023202444865,0.7827510917030567
12.0,0.9230769230769231,6.583333333333333,6.909722222222222,1.0,3.3333333333333335,1.8888888888888888,1.8333333333333333,1.3164556962025316,interactive,420000225,Round Robin,0.14181713808579482,0.2347536184745487,0.13600187356406263,0.10907003444316879,0.31573259060821257,0.8426573426573427
12.0,1.0,9.333333333333334,13.38888888888889,1.0,3.5,1.5833333333333333,2.5,1.3571428571428572,interactive,420000226,SRTF,0.14951112588816234,0.19236202126110383,0.1017304165721181,0.11442979053529868,0.2874188424467348,0.7944444444444445
12.0,0.9230769230769231,7.333333333333333,14.722222222222221,1.0,3.5,1.5833333333333333,2.1666666666666665,1.5340909090909092,interactive,420000227,SRTF,0.17845333817817013,0.20232386464300475,0.0991476548738163,0.12196726324173936,0.35130010834236186,0.8252118644067796
12.0,0.8571428571428571,8.75,17.6875,1.0,3.4166666666666665,2.2430555555555554,2.5,1.542857142857143,interactive,420000228,Round Robin,0.15802578448990065,0.2234408307898211,0.1799141931380599,0.14884809134164803,0.3301312089971884,0.8390410958904109
12.0,2.0,8.25,14.854166666666666,1.0,3.3333333333333335,1.8888888888888888,2,1.3131313131313131,interactive,420000229,Round Robin,0.17441159289200442,0.15871051390853372,0.16426804349503352,0.13665743305632505,0.32195426647113146,0.778061224489796
12.0,0.8,8.166666666666666,6.305555555555555,1.0,3.25,1.5208333333333333,2.1666666666666665,1.316326530612245,interactive,420000230,Round Robin,0.12204214618772685,0.2137762112625244,0.14197062051199225,0.11344899475367126,0.36476997217991064,0.7948473282442747
12.0,1.5,9.583333333333334,9.57638888888889,1.0,3.5833333333333335,1.7430555555555556,2.9166666666666665,1.5304347826086957,interactive,420000231,Round Robin,0.11193934623043686,0.21477046641441144,0.13609086203549936,0.10115003101776239,0.3683616713298813,0.795854271356784
12.0,1.0909090909090908,9.166666666666666,17.805555555555557,1.0,3.25,1.6875,2.5,1.509090909090909,interactive,420000232,SRTF,0.14868495475113122,0.2573885744797538,0.1258358487195963,0.15404268506007815,0.3043184203541958,0.8042986425339367
12.0,1.2,7.583333333333333,9.909722222222221,1.0,2.9166666666666665,1.5763888888888888,2,1.1538461538461537,interactive,420000233,FCFS,0.1516452999042035,0.2579980170978543,0.19300957928609738,0.15659568810342006,0.2986111111111111,0.8078034682080926
12.0,0.9230769230769231,9.916666666666666,4.076388888888889,1.0,3.25,1.1875,2.75,1.4453781512605042,interactive,420000234,Round Robin,0.11558137321043505,0.23361145911634518,0.16262486024687794,0.11273266407769149,0.31063156312283374,0.7776872964169381
12.0,1.0909090909090908,7.916666666666667,7.576388888888889,1.0,3.0833333333333335,0.9097222222222222,2.1666666666666665,1.6,interactive,420000235,Round Robin,0.2031756376719728,0.22444670937682007,0.24534213989007875,0.12338313036984801,0.35667179405576477,0.7747524752475248
12.0,0.9230769230769231,8.75,14.354166666666666,1.0,2.75,1.5208333333333333,2.5833333333333335,1.361904761904762,interactive,420000236,Round Robin,0.12032048959214078,0.24001114934765597,0.1731917739694457,0.09691041953855634,0.38910730219093004,0.7852941176470589
12.0,1.0,8.083333333333334,10.07638888888889,1.0,3.3333333333333335,1.5555555555555556,2.5,1.6288659793814433,interactive,420000237,FCFS,0.10987530934703979,0.25521176212420454,0.2320798253532544,0.12842937676166616,0.31853712494694797,0.8455882352941176
12.0,1.2,7.75,14.854166666666666,1.0,2.5833333333333335,1.5763888888888888,2.25,1.5376344086021505,interactive,420000238,Round Robin,0.18195691569811015,0.29971590909090906,0.2283902519010877,0.1286329386437029,0.28182681429902434,0.7943037974683544
12.0,1.0,9.75,11.020833333333334,1.0,2.6666666666666665,0.8888888888888888,3,1.452991452991453,interactive,420000239,Round Robin,0.1610889110889111,0.3046278625954198,0.23201713998469725,0.13542417947905752,0.3118548118548119,0.7765567765567766
12.0,1.0,9.166666666666666,10.63888888888889,1.0,2.3333333333333335,1.8888888888888888,2.6666666666666665,1.6181818181818182,interactive,420000240,SRTF,0.13078485451950017,0.3077351532030673,0.11121859786731007,0.12573970607250387,0.2779968454258675,0.8282122905027933
12.0,1.5,8.333333333333334,7.555555555555555,1.0,3.25,1.5208333333333333,2.5,1.46,interactive,420000241,Round Robin,0.16996817278603005,0.31622590766472436,0.17886213455082348,0.12235393734123623,0.2641371548683298,0.7625628140703518
12.0,1.5,9.416666666666666,9.07638888888889,1.0,3.25,1.6875,2.75,1.2743362831858407,interactive,420000242,SRTF,0.13587655867448614,0.24797106563161608,0.09789116324090416,0.10843819393042192,0.31066867692740124,0.7865384615384615
12.0,0.9230769230769231,10.75,14.854166666666666,1.0,2.9166666666666665,1.5763888888888888,3,1.5426356589147288,interactive,420000243,Round Robin,0.15033230918499352,0.19902902969247088,0.1337244010722184,0.12289564945514207,0.317300632796639,0.7749999999999999
12.0,0.8571428571428571,10,11.833333333333334,1.0,3.1666666666666665,3.138888888888889,2.8333333333333335,1.35,interactive,420000244,Round Robin,0.17530314116194198,0.31634182908545727,0.2363998063000013,0.112555720653789,0.2735051669575985,0.8148854961832062
12.0,1.0909090909090908,8.333333333333334,7.722222222222222,1.0,2.9166666666666665,2.9097222222222223,2.25,1.38,interactive,420000245,Round Robin,0.16472085179436935,0.14554275318374774,0.1400982844939831,0.11227922624053824,0.31689405974519513,0.7989690721649485
12.0,1.0,9.166666666666666,11.63888888888889,1.0,3,3,2.5833333333333335,1.4181818181818182,interactive,420000246,SRTF,0.17415425888241465,0.21389996274217585,0.09996850164299888,0.15057425227047433,0.33870923348611065,0.8012295081967213
12.0,1.0909090909090908,9.083333333333334,16.40972222222222,1.0,3,1.1666666666666667,2.75,1.7522935779816513,interactive,420000247,Round Robin,0.17067165206087687,0.1931453573164803,0.13986920653865137,0.12261014131338321,0.37726746247127285,0.7798245614035088
12.0,1.0,8.916666666666666,9.57638888888889,1.0,2.9166666666666665,2.576388888888889,2.3333333333333335,1.3364485981308412,interactive,420000248,Round Robin,0.167905809853572,0.28029151713362244,0.17637525007258573,0.12420525263418031,0.2891886176766082,0.784688995215311
12.0,0.75,8.166666666666666,14.305555555555555,1.0,2.3333333333333335,1.7222222222222223,2.6666666666666665,1.5408163265306123,interactive,420000249,SRTF,0.1515837104072398,0.201734045770743,0.09259443422339353,0.12572081383962577,0.38229078613694,0.8235294117647058
12.0,1.0,8.666666666666666,12.055555555555555,1.0,2.5,1.5833333333333333,2.6666666666666665,1.3269230769230769,interactive,420000250,SRTF,0.12805579678679985,0.23973123732251522,0.11332584418753448,0.12229240953707858,0.35074187562038744,0.8239795918367347
12.0,1.0,7.083333333333333,8.243055555555555,1.0,3.0833333333333335,2.2430555555555554,2.4166666666666665,1.6941176470588235,interactive,420000251,Round Robin,0.13902520025378698,0.21793616436473584,0.17438404891563347,0.11990688100589308,0.3573226488939889,0.8252314814814814
12.0,0.8571428571428571,6.833333333333333,8.472222222222221,1.0,2.5,1.25,2.1666666666666665,1.548780487804878,interactive,420000252,Round Robin,0.1598463500421663,0.3267385007369882,0.14947613959011383,0.12659017181442764,0.30290871887722415,0.8709016393442623
12.0,0.8571428571428571,10.083333333333334,3.7430555555555554,1.0,3.0833333333333335,2.2430555555555554,2.9166666666666665,1.4545454545454546,interactive,420000253,Round Robin,0.15302924981994745,0.31742548231909934,0.17364670213507422,0.12007019612045867,0.29628062707641195,0.7919580419580419
12.0,0.9230769230769231,8.25,7.1875,1.0,2.9166666666666665,2.576388888888889,2.1666666666666665,1.3232323232323233,interactive,420000254,SRTF,0.15679848845014321,0.2806979021357523,0.13250187029964172,0.16278154151739793,0.34706791161578787,0.786697247706422
12.0,1.0909090909090908,9.5,5.25,1.0,3.6666666666666665,0.7222222222222222,2.8333333333333335,1.236842105263158,interactive,420000255,Round Robin,0.15549081593961359,0.27073079113246057,0.1555354579465711,0.12805759748879642,0.32652720854820183,0.7766990291262136
12.0,1.2,7.333333333333333,8.38888888888889,1.0,3.0833333333333335,2.9097222222222223,1.9166666666666667,1.4886363636363635,interactive,420000256,Round Robin,0.16039852862176765,0.2711547452080411,0.3051474353528049,0.10143329658213891,0.23551278077233193,0.8140624999999999
12.0,0.9230769230769231,8.833333333333334,15.13888888888889,1.0,2.8333333333333335,1.1388888888888888,2.5,1.5,interactive,420000257,Round Robin,0.1477476883623492,0.3008474576271186,0.14688154663006572,0.12006068048833346,0.26217957130358704,0.8025
12.0,0.8571428571428571,8,8.666666666666666,1.0,3,1.8333333333333333,2.1666666666666665,1.375,interactive,420000258,SRTF,0.1914561413277618,0.13806752733854918,0.08107095712565672,0.10865644724977458,0.3268153127305517,0.7872881355932204
12.0,0.9230769230769231,9.666666666666666,12.38888888888889,1.0,3.4166666666666665,1.2430555555555556,2.8333333333333335,1.3103448275862069,interactive,420000259,Round Robin,0.14731153330897578,0.268874991857208,0.20008469368497478,0.14403499469777306,0.3101539106479818,0.7794117647058824
12.0,0.9230769230769231,10.083333333333334,6.743055555555555,1.0,3.8333333333333335,1.4722222222222223,2.6666666666666665,1.2314049586776858,interactive,420000260,Round Robin,0.14484986203538386,0.29870957711442786,0.15274523616296057,0.12950819672131147,0.23971409538494834,0.7912541254125413
12.0,0.9230769230769231,8.25,11.854166666666666,1.0,3.25,1.8541666666666667,2.25,1.3434343434343434,interactive,420000261,SRTF,0.13125848990827896,0.19344847145927868,0.11129383123950119,0.13215045547165288,0.3327744605976693,0.8164556962025316
12.0,0.8571428571428571,8.416666666666666,10.07638888888889,1.0,2.8333333333333335,2.138888888888889,2.4166666666666665,1.4554455445544554,interactive,420000262,Round Robin,0.15111314409284252,0.16192849758643404,0.13870974129165115,0.09847198641765703,0.36078098471986414,0.7860169491525424
12.0,1.0909090909090908,8.25,18.6875,1.0,2.5833333333333335,1.2430555555555556,2.5,1.3434343434343434,interactive,420000263,SRTF,0.1574044905206484,0.19081605896279788,0.06599366865731396,0.13179258428188612,0.3359547202639352,0.7876838235294117
12.0,0.9230769230769231,6.75,11.1875,1.0,3.3333333333333335,2.388888888888889,2.25,1.6790123456790123,interactive,420000264,Round Robin,0.20701453154392918,0.23589085382217284,0.16929690557652732,0.13306002225090463,0.29677813010186144,0.8883495145631068
12.0,1.0909090909090908,9.916666666666666,20.243055555555557,1.0,3.25,1.8541666666666667,2.5833333333333335,1.4789915966386555,interactive,420000265,Round Robin,0.17231574019877088,0.235417631619577,0.19736530524287774,0.11901081916537867,0.35634100707719846,0.7676470588235293
12.0,0.75,7.833333333333333,9.472222222222221,1.0,2.9166666666666665,2.2430555555555554,2.3333333333333335,1.5,interactive,420000266,SRTF,0.16737046891686067,0.2433138442753827,0.02802802802802804,0.1529332940224029,0.30778159859792514,0.827020202020202
12.0,0.9230769230769231,9.166666666666666,10.972222222222221,1.0,2.5833333333333335,1.4097222222222223,2.4166666666666665,1.3818181818181818,interactive,420000267,SRTF,0.15910645867542422,0.2566241747436438,0.11937381630507966,0.13013136288998356,0.3494058517517474,0.7886904761904763
12.0,1.0909090909090908,10.416666666666666,5.576388888888889,1.0,2.5833333333333335,1.2430555555555556,3.1666666666666665,1.496,interactive,420000268,SRTF,0.14750011183514009,0.2097898914864176,0.13415212401964974,0.1379251312485734,0.31889366225253557,0.7663316582914572
12.0,2.0,10.25,10.6875,1.0,3.8333333333333335,1.8055555555555556,2.75,1.3089430894308942,interactive,420000269,Round Robin,0.13077983065129595,0.25688908234249586,0.19037908588348545,0.12544339826092651,0.32221157612461965,0.8020565552699228
12.0,0.9230769230769231,8.333333333333334,13.055555555555555,1.0,1.9166666666666667,0.9097222222222222,2.0833333333333335,1.24,interactive,420000270,Round Robin,0.1664752856613322,0.2083786583268678,0.1246937903914648,0.1176207513416816,0.3530685993176616,0.7916666666666667
12.0,0.8,8,6.5,1.0,3.0833333333333335,2.4097222222222223,2.5,1.3645833333333333,interactive,420000271,Round Robin,0.1238959162005509,0.2906449902223989,0.1266310034628588,0.09264565425023877,0.29541649715662144,0.8151515151515152
12.0,1.3333333333333333,9.083333333333334,13.57638888888889,1.0,2.75,1.1875,2.75,1.4128440366972477,interactive,420000272,FCFS,0.14341207495417907,0.22691414622529177,0.1638961849480215,0.1509867053141688,0.330812101910828,0.7647058823529411
12.0,0.8571428571428571,8.416666666666666,17.57638888888889,1.0,2.8333333333333335,1.6388888888888888,2.4166666666666665,1.3564356435643565,interactive,420000273,Round Robin,0.16422169893194782,0.21843871555425592,0.16178306694640215,0.12953483879943034,0.3325344979613836,0.8019662921348314
12.0,0.8,8.916666666666666,18.243055555555557,1.0,2.5833333333333335,1.5763888888888888,2.4166666666666665,1.2710280373831775,interactive,420000274,Round Robin,0.18570698608677266,0.17514784797220145,0.15132596932875006,0.12012692656391659,0.3481253662100158,0.7729681978798586
12.0,0.8571428571428571,8.333333333333334,10.055555555555555,1.0,3.4166666666666665,1.5763888888888888,2.5,1.64,interactive,420000275,Round Robin,0.12868572255751284,0.2588856581505073,0.13039521839831536,0.10571636233051446,0.32449308795196036,0.8373493975903614
12.0,0.8571428571428571,7.5,7.25,1.0,3.5,1.9166666666666667,2.3333333333333335,1.4111111111111112,interactive,420000276,Round Robin,0.1283639531672215,0.2755212086512739,0.12136361812473043,0.11362473180761667,0.31737290660945233,0.806930693069307
12.0,1.2,8.166666666666666,13.13888888888889,1.0,3.25,1.1875,2.0833333333333335,1.1734693877551021,interactive,420000277,Round Robin,0.1740564237136818,0.29410866910866906,0.17538832218894074,0.12197580645161292,0.33871344166325373,0.8148148148148149
12.0,1.0,8.916666666666666,9.243055555555555,1.0,3.4166666666666665,1.7430555555555556,2.4166666666666665,1.4299065420560748,interactive,420000278,Round Robin,0.13871859422568664,0.22919107051550222,0.12819308827416337,0.10015835312747427,0.31178095753246854,0.7940140845070423
12.0,1.2,8.666666666666666,14.88888888888889,1.0,2.3333333333333335,1.5555555555555556,2.4166666666666665,1.3942307692307692,interactive,420000279,Round Robin,0.150929059963616,0.17206680292198528,0.12593637898350707,0.1150173611111111,0.39208499491750726,0.7802267002518892
12.0,0.9230769230769231,8.333333333333334,9.555555555555555,1.0,3.3333333333333335,1.3888888888888888,2.5,1.44,interactive,420000280,Round Robin,0.16039895499305368,0.23926202705508834,0.14876713645379164,0.11340640809443508,0.33480764868889484,0.7979274611398963
12.0,0.8571428571428571,8.5,14.583333333333334,1.0,2.1666666666666665,1.1388888888888888,2.75,1.7549019607843137,interactive,420000281,Round Robin,0.1412867439954934,0.135477538406981,0.1214610568780418,0.11706970131907217,0.3592633772955062,0.7968197879858657
12.0,1.3333333333333333,8.166666666666666,4.638888888888889,1.0,3.0833333333333335,1.4097222222222223,2.1666666666666665,1.316326530612245,interactive,420000282,Round Robin,0.1770825743019682,0.2325264824257617,0.16934962802156228,0.1303818034118603,0.2859987339617708,0.8047808764940239
12.0,1.2,8.75,8.020833333333334,1.0,2.5833333333333335,1.7430555555555556,2.75,1.438095238095238,interactive,420000283,SRTF,0.13686293645630018,0.23056948843217365,0.10064519626978963,0.1116352201257862,0.2755961103987299,0.7827586206896552
12.0,0.9230769230769231,7.5,5.416666666666667,1.0,3.5,2.25,2.5833333333333335,1.6333333333333333,interactive,420000284,Round Robin,0.12909301322925415,0.29923590185105464,0.23463322013900226,0.11239193083573486,0.30349880118227585,0.9251968503937007
12.0,0.8571428571428571,8.5,8.416666666666666,1.0,2.6666666666666665,1.5555555555555556,2.5833333333333335,1.6372549019607843,interactive,420000285,Round Robin,0.13240911814640965,0.2547804969095076,0.15038545893342659,0.130123362564446,0.3345756991211825,0.7922794117647058
12.0,0.8571428571428571,9.25,10.854166666666666,1.0,2.6666666666666665,0.8888888888888888,2.25,1.1261261261261262,interactive,420000286,SRTF,0.1418680939425599,0.23206957467047154,0.10642584209814188,0.15253741265922366,0.2922483468038207,0.7926008968609866
12.0,1.2,8.833333333333334,9.472222222222221,1.0,2.8333333333333335,2.9722222222222223,2.4166666666666665,1.4339622641509433,interactive,420000287,SRTF,0.14502030507101188,0.21293398717558462,0.11026037698539631,0.12651576394502828,0.30974667901055264,0.7841726618705036
12.0,0.6666666666666666,8.083333333333334,18.40972222222222,1.0,3.5833333333333335,1.5763888888888888,2.6666666666666665,1.7628865979381443,interactive,420000288,SRTF,0.2386891563720832,0.14643333368331535,0.10313003539408624,0.125585827216262,0.2913097986817315,0.9146341463414633
12.0,1.2,6.166666666666667,3.8055555555555554,1.0,3,2,1.5,1.2702702702702702,interactive,420000289,Round Robin,0.16603104114722417,0.19225232819843968,0.12063398485005686,0.1065699820458778,0.31175771971496435,0.8043478260869565
12.0,0.75,8.333333333333334,11.555555555555555,1.0,2.5833333333333335,1.2430555555555556,2.8333333333333335,1.6,interactive,420000290,SRTF,0.12789269782276774,0.1871849605324731,0.0812454990694617,0.09963269054178146,0.32083588614144065,0.8417159763313609
12.0,1.0,10.666666666666666,13.055555555555555,1.0,2.5833333333333335,1.9097222222222223,3.1666666666666665,1.3984375,interactive,420000291,SRTF,0.13269913419913418,0.1993065634765671,0.10693517052053633,0.11699999999999998,0.33381164364091187,0.7905844155844155
12.0,1.0,7.333333333333333,6.222222222222222,1.0,3.0833333333333335,1.4097222222222223,2.4166666666666665,1.4886363636363635,interactive,420000292,Round Robin,0.10499401018268943,0.18345648604269296,0.1648476386914073,0.09317647020599656,0.33596654794563424,0.8309523809523809
12.0,1.3333333333333333,9.416666666666666,11.743055555555555,1.0,3,2.1666666666666665,2.5833333333333335,1.4336283185840708,interactive,420000293,Round Robin,0.10749689096272239,0.17855606217638406,0.1261340964425999,0.10336906584992343,0.3310247725158892,0.7793624161073825
12.0,0.8571428571428571,7.666666666666667,11.222222222222221,1.0,2.9166666666666665,1.9097222222222223,2.0833333333333335,1.358695652173913,interactive,420000294,SRTF,0.1390301971464296,0.1983448344834483,0.07874723806587533,0.12310452626723468,0.3649753124058879,0.8002136752136753
12.0,0.8571428571428571,9.083333333333334,11.243055555555555,1.0,2.5833333333333335,2.7430555555555554,2.3333333333333335,1.4220183486238531,interactive,420000295,Round Robin,0.16789953149401354,0.2211241712478048,0.1327277459656429,0.11210570067187713,0.3214579078738371,0.7754424778761062
12.0,0.9230769230769231,8.083333333333334,3.7430555555555554,1.0,2.5,1.9166666666666667,2.3333333333333335,1.5360824742268042,interactive,420000296,SRTF,0.1396680626550117,0.27783577773743,0.12818881712011485,0.13306207322459476,0.2683759121212951,0.8226495726495726
12.0,1.0909090909090908,9.25,11.6875,1.0,2.75,2.1875,2.5,1.3963963963963963,interactive,420000297,Round Robin,0.17791311606794133,0.2810602505153005,0.1853121077462901,0.1058221872541306,0.33500258442806274,0.773109243697479
12.0,0.9230769230769231,7.25,6.854166666666667,1.0,2.9166666666666665,1.7430555555555556,2.1666666666666665,1.4942528735632183,interactive,420000298,Round Robin,0.19191243098863933,0.2335271779597915,0.1455408515535098,0.1181818181818182,0.2868686868686869,0.8006329113924051
12.0,1.0,10.083333333333334,13.909722222222221,1.0,2.5,1.0833333333333333,2.6666666666666665,1.3801652892561984,interactive,420000299,Round Robin,0.14157255475681763,0.17407498713771222,0.1873344646381403,0.10541516245487365,0.37312263156714576,0.7740524781341107
12.0,1.0,8.333333333333334,17.72222222222222,1.0,2.9166666666666665,2.4097222222222223,2.25,1.27,interactive,420000300,SRTF,0.19298054756050428,0.1807481467030823,0.09140511307621296,0.12818003913894324,0.328430818293832,0.8047210300429184
12.0,1.3333333333333333,9.333333333333334,9.055555555555555,1.0,3.25,2.0208333333333335,2.5,1.2232142857142858,interactive,420000301,FCFS,0.10797508140482821,0.21711213844164587,0.18130294028523292,0.11265379913732824,0.32429672982707464,0.7883986928104576
12.0,0.8571428571428571,8.666666666666666,16.555555555555557,1.0,2.6666666666666665,1.7222222222222223,2.75,1.4423076923076923,interactive,420000302,Round Robin,0.10968222442899703,0.306175532807518,0.13363251904666243,0.10622548103866991,0.2695681739729839,0.8289473684210527
12.0,0.8571428571428571,11.083333333333334,15.07638888888889,1.0,2.75,2.3541666666666665,3,1.4586466165413534,interactive,420000303,Round Robin,0.13107908484957662,0.2912249099330932,0.191121284458019,0.10863545314776742,0.2651830150771266,0.7802197802197802
12.0,0.8571428571428571,9.25,9.020833333333334,1.0,3.8333333333333335,1.3055555555555556,2.5,1.4504504504504505,interactive,420000304,Round Robin,0.14118487987820727,0.26390587666401183,0.13059432305839788,0.10359012715033658,0.3210545998504114,0.7952127659574468
12.0,0.8571428571428571,9.666666666666666,13.722222222222221,1.0,2.9166666666666665,2.9097222222222223,2.8333333333333335,1.3362068965517242,interactive,420000305,Round Robin,0.16475708308997936,0.1967680608365019,0.15759394959099293,0.11599267915018935,0.2880146227238571,0.7870722433460076
12.0,0.8,8.25,11.520833333333334,1.0,2.9166666666666665,2.4097222222222223,2.5,1.5656565656565657,interactive,420000306,Round Robin,0.15498765641261467,0.30093619881354433,0.1415337512404095,0.12551764634090895,0.3518164435946463,0.8212025316455696
12.0,1.5,8.166666666666666,7.972222222222222,1.0,2.5,1.9166666666666667,1.9166666666666667,1.1224489795918366,interactive,420000307,Round Robin,0.1423877692031784,0.3177838448503107,0.19636423966628744,0.1143344709897611,0.24691361880300053,0.7986111111111112
12.0,0.8,7.583333333333333,8.07638888888889,1.0,3.0833333333333335,3.2430555555555554,2.0833333333333335,1.1428571428571428,interactive,420000308,Round Robin,0.17099612785588394,0.2385399390253759,0.19748138040820973,0.1359230200693615,0.3299774965435434,0.806060606060606
12.0,0.8,9,7.833333333333333,1.0,3.1666666666666665,1.6388888888888888,2.75,1.5555555555555556,interactive,420000309,SRTF,0.1370416592381292,0.23493652372513085,0.11566728075909748,0.1327987035362019,0.33445099358008,0.8185654008438819
12.0,0.9230769230769231,8.083333333333334,8.243055555555555,1.0,3,1.6666666666666667,2.1666666666666665,1.2474226804123711,interactive,420000310,Round Robin,0.15294754265342503,0.17635834870194353,0.15720501284980337,0.10918003565062387,0.34637563791427917,0.7913533834586466
12.0,0.7058823529411765,9,10.166666666666666,1.0,3.0833333333333335,1.4097222222222223,2.4166666666666665,1.2685185185185186,interactive,420000311,SRTF,0.12510584950846135,0.17924300867888138,0.061293184706755474,0.13063006262993457,0.3212007466853547,0.7899590163934427
12.0,2.4,7.75,9.354166666666666,1.0,3.75,1.6875,2.3333333333333335,1.3978494623655915,interactive,420000312,Round Robin,0.2039494440050651,0.2767413664643931,0.25229108294265773,0.1346704871060172,0.32656015172441233,0.7997737556561086
12.0,1.3333333333333333,10,10.333333333333334,1.0,3.3333333333333335,1.8888888888888888,2.8333333333333335,1.35,interactive,420000313,Round Robin,0.175555696091155,0.2812683212820012,0.17117625233331474,0.15832161266873618,0.25964537523066683,0.7760223048327137
12.0,1.7142857142857142,9.083333333333334,10.243055555555555,1.0,2.75,1.3541666666666667,2.5,1.3577981651376148,interactive,420000314,Round Robin,0.18210082236590783,0.1935513132637296,0.1314930827460193,0.12607674236491778,0.2891542678151918,0.7956730769230769
12.0,1.7142857142857142,8.166666666666666,13.972222222222221,1.0,2.8333333333333335,2.138888888888889,2.0833333333333335,1.3979591836734695,interactive,420000315,SRTF,0.12151067323481117,0.23611756664388245,0.0768880556710066,0.11243710212927699,0.295320197044335,0.7803030303030303
12.0,0.9230769230769231,9.083333333333334,12.409722222222221,1.0,3.5833333333333335,0.5763888888888888,2.5833333333333335,1.4770642201834863,interactive,420000316,SRTF,0.13948757162493217,0.15659519168291103,0.10375882721015464,0.12210131972540592,0.3193103602395638,0.7920875420875422
12.0,1.0,10.416666666666666,8.409722222222221,1.0,2.75,2.3541666666666665,2.9166666666666665,1.432,interactive,420000317,SRTF,0.13798584888533877,0.2250406870180761,0.1286381048432848,0.1309788480718085,0.3262965425531914,0.7858361774744027
12.0,1.0909090909090908,10,17.333333333333332,1.0,2.6666666666666665,1.7222222222222223,2.6666666666666665,1.3166666666666667,interactive,420000318,Round Robin,0.19347625367880428,0.24033724895793865,0.13997054012880472,0.12903225806451615,0.3409751193307791,0.7774725274725275
12.0,0.9230769230769231,7.333333333333333,8.222222222222221,1.0,2.9166666666666665,1.9097222222222223,2.25,1.6818181818181819,interactive,420000319,Round Robin,0.13523201146371702,0.3438424228084703,0.12847574425606595,0.12815542886047449,0.2381915826545939,0.833955223880597
12.0,0.8571428571428571,8.75,10.1875,1.0,2.9166666666666665,2.4097222222222223,2.5833333333333335,1.4857142857142858,interactive,420000320,Round Robin,0.12935746649956617,0.25046904315196994,0.10801439634949708,0.09802371541501977,0.3494298506418552,0.8038617886178862
12.0,0.8571428571428571,7.583333333333333,12.243055555555555,1.0,2.6666666666666665,2.2222222222222223,2,1.2087912087912087,interactive,420000321,Round Robin,0.19787899151856672,0.27179566563467494,0.14682812294140893,0.12042420994095666,0.3150744959490553,0.8155737704918032
12.0,0.9230769230769231,9.25,14.020833333333334,1.0,2.75,1.8541666666666667,2.5833333333333335,1.5585585585585586,interactive,420000322,Round Robin,0.14436731973104566,0.2632760159649206,0.15637717814901522,0.10604707792207793,0.35140623015200917,0.788546255506608
12.0,1.2,8.416666666666666,14.409722222222221,1.0,3.25,2.3541666666666665,2.4166666666666665,1.4257425742574257,interactive,420000323,SRTF,0.113640778842333,0.11446941237200745,0.11241321665045659,0.13664271979308165,0.31384976525821595,0.804858934169279
12.0,0.8,8,10.5,1.0,2.5,1.4166666666666667,1.75,1.09375,interactive,420000324,Round Robin,0.17711956892435715,0.297439781401289,0.23680171884591775,0.10535330124498822,0.3348349113378555,0.787037037037037
12.0,1.3333333333333333,8.083333333333334,12.909722222222221,1.0,3.0833333333333335,1.2430555555555556,2.3333333333333335,1.5670103092783505,interactive,420000325,Round Robin,0.11936193017761834,0.2416164108187135,0.131101780961359,0.09672762271414823,0.3773707625483502,0.7982954545454546
12.0,1.0,7,9,1.0,3.1666666666666665,0.8055555555555556,2,1.5595238095238095,interactive,420000326,SRTF,0.13886962059719538,0.18764631358616324,0.11026077097505664,0.11575891040176754,0.34364267369193474,0.8201530612244898
12.0,1.0,8.5,5.083333333333333,1.0,3.3333333333333335,2.2222222222222223,2.5,1.5294117647058822,interactive,420000327,SRTF,0.13104678861414906,0.2206475688188598,0.11468453575438255,0.12512013909756328,0.30977226037305644,0.7893258426966292
12.0,0.8571428571428571,9.666666666666666,6.888888888888889,1.0,3.25,1.6875,2.9166666666666665,1.3706896551724137,interactive,420000328,Round Robin,0.15257154641791992,0.18972604307527613,0.18094592523856687,0.13804549680438696,0.2857570085935687,0.7843137254901961
12.0,0.8571428571428571,7.25,17.854166666666668,1.0,2.4166666666666665,1.5763888888888888,2.0833333333333335,1.2183908045977012,interactive,420000329,Round Robin,0.14507020757020755,0.24551282051282047,0.20685194435194434,0.10622710622710622,0.4261284493284493,0.8333333333333333
12.0,1.5,8.416666666666666,7.743055555555555,1.0,2.9166666666666665,2.076388888888889,2.25,1.1683168316831682,interactive,420000330,FCFS,0.11712856348765188,0.2950069826611071,0.25203151334817625,0.14341014910637154,0.29129115107581494,0.8044747081712063
12.0,0.8,9.416666666666666,20.07638888888889,1.0,2.6666666666666665,2.7222222222222223,2.3333333333333335,1.336283185840708,interactive,420000331,SRTF,0.1369313350340136,0.1689453125,0.12538531037414963,0.1260217325592628,0.43121241575074326,0.7890625
12.0,1.2,9.333333333333334,13.722222222222221,1.0,2.9166666666666665,2.576388888888889,2.25,1.2857142857142858,interactive,420000332,Round Robin,0.15225279351557636,0.21137856122376247,0.19451224015255703,0.14649985137124652,0.28390491036632887,0.7647058823529411
12.0,1.2,8.916666666666666,12.409722222222221,1.0,3.4166666666666665,2.7430555555555554,2.6666666666666665,1.5700934579439252,interactive,420000333,Round Robin,0.1570172656527995,0.17329246849979882,0.1307300772003651,0.1285834738617201,0.3359295803707087,0.768348623853211
12.0,0.9230769230769231,9.5,18.083333333333332,1.0,2.8333333333333335,1.4722222222222223,2.9166666666666665,1.6666666666666667,interactive,420000334,Round Robin,0.1803035131826377,0.18139287703947077,0.13928905943504574,0.11759868421052633,0.38129015132112515,0.7723509933774835
12.0,2.0,6.916666666666667,11.409722222222221,1.0,2.75,2.5208333333333335,1.9166666666666667,1.6746987951807228,interactive,420000335,Round Robin,0.14682750042224565,0.19606276881391344,0.15563720330025715,0.11576827240382515,0.3637413394919169,0.7934397163120568
12.0,1.2,7.333333333333333,11.38888888888889,1.0,3.75,1.3541666666666667,2,1.4772727272727273,interactive,420000336,Round Robin,0.14511805340756778,0.2007316477650645,0.18307739929715774,0.11878258671916644,0.34627979129633285,0.8600628930817611
12.0,0.8571428571428571,10.083333333333334,12.57638888888889,1.0,2.75,2.8541666666666665,2.5833333333333335,1.1239669421487604,interactive,420000337,Round Robin,0.12804514590784222,0.25673942648352666,0.12066876587363293,0.11652542372881357,0.3232849941554647,0.7759938837920489
12.0,1.0909090909090908,7.333333333333333,9.555555555555555,1.0,3,2,1.9166666666666667,1.3295454545454546,interactive,420000338,Round Robin,0.1344045660222131,0.15299775153779602,0.132414658160585,0.1277525081784717,0.3243322600320572,0.825
12.0,1.2,7.083333333333333,8.743055555555555,1.0,3.1666666666666665,2.138888888888889,1.9166666666666667,1.4,interactive,420000339,Round Robin,0.18016340422256996,0.26952291545895807,0.1934719317339313,0.12075029308323562,0.31053907015220034,0.8591772151898733
12.0,0.9230769230769231,8.5,10.416666666666666,1.0,3.4166666666666665,1.5763888888888888,2.25,1.2745098039215685,interactive,420000340,Round Robin,0.13654490616621984,0.19478088861838097,0.11896224307417338,0.11617515638963359,0.27795374614431084,0.8177083333333333
12.0,1.2,10.583333333333334,6.076388888888889,1.0,2.1666666666666665,1.8055555555555556,3.5,1.5590551181102361,interactive,420000341,Round Robin,0.13905877395555996,0.30045263218589635,0.13880607645400103,0.12382149591451919,0.2628678324398485,0.7790262172284644
12.0,1.2,9.083333333333334,12.07638888888889,1.0,3.0833333333333335,1.7430555555555556,2.8333333333333335,1.3394495412844036,interactive,420000342,Round Robin,0.1692332713282306,0.17188094816816532,0.1342861826597282,0.12319453595789463,0.3548197823100601,0.7736928104575163
12.0,1.2,7.666666666666667,2.388888888888889,1.0,3.1666666666666665,1.6388888888888888,2,1.1304347826086956,interactive,420000343,SRTF,0.12453784443669343,0.25595911837046587,0.07987443320544123,0.11352459016393444,0.2979321253954559,0.7978723404255319
12.0,0.8571428571428571,7.333333333333333,10.722222222222221,1.0,3.8333333333333335,1.4722222222222223,2.4166666666666665,1.6931818181818181,interactive,420000344,Round Robin,0.21835061490233904,0.253005366726297,0.2949333370850274,0.13991911886859762,0.24161244469985446,0.8496503496503496
12.0,1.0,9.083333333333334,8.743055555555555,1.0,3.25,2.5208333333333335,2.5,1.5688073394495412,interactive,420000345,Round Robin,0.12948805547120157,0.19276154407497934,0.13261337179876506,0.11420425586734236,0.3081516670957126,0.7829391891891893
12.0,1.3333333333333333,8.916666666666666,11.07638888888889,1.0,2.9166666666666665,2.4097222222222223,2.3333333333333335,1.355140186915888,interactive,420000346,SRTF,0.14149555564628835,0.17141278348018285,0.10634744758151364,0.10957792207792208,0.33282837212292654,0.7854938271604939
12.0,0.8,9.333333333333334,16.72222222222222,1.0,2.25,2.1875,2.3333333333333335,1.3303571428571428,interactive,420000347,SRTF,0.17315404565936682,0.21861430395913156,0.08219974291622423,0.12113862031706997,0.3604104041705338,0.8034482758620689
12.0,0.75,7.833333333333333,7.305555555555555,1.0,2.9166666666666665,2.2430555555555554,2.5,1.553191489361702,interactive,420000348,Round Robin,0.13259259259259257,0.2651890060053326,0.2426320837211926,0.10526315789473682,0.35150097877830666,0.837037037037037
12.0,0.8571428571428571,6.916666666666667,12.243055555555555,1.0,3.25,1.5208333333333333,1.9166666666666667,1.4819277108433735,interactive,420000349,Round Robin,0.18991228070175437,0.16636363636363635,0.18300438596491228,0.09630016132284736,0.314800413956239,0.85625
12.0,1.0,8.916666666666666,16.40972222222222,1.0,3.75,1.3541666666666667,2.4166666666666665,1.3271028037383177,interactive,420000350,SRTF,0.168435451443674,0.2483369537793148,0.0916227522138317,0.11708361065846545,0.3207428679626356,0.7858649789029536
12.0,1.0909090909090908,9.166666666666666,19.305555555555557,1.0,2.9166666666666665,2.2430555555555554,2.5,1.2272727272727273,interactive,420000351,SRTF,0.15311505162000538,0.16664697332800782,0.10047380321918419,0.11734253666954272,0.32038320676155013,0.7982758620689655
12.0,1.0,8.666666666666666,4.722222222222222,1.0,3,1.8333333333333333,2.8333333333333335,1.6923076923076923,interactive,420000352,SRTF,0.1730481381471481,0.25215378680725214,0.11459034792368124,0.1357546677564953,0.32602626881462093,0.7818181818181817
12.0,0.7058823529411765,8.416666666666666,7.243055555555555,1.0,3.0833333333333335,1.4097222222222223,2.4166666666666665,1.316831683168317,interactive,420000353,Round Robin,0.1365582349544857,0.21089901477832515,0.15828040735599425,0.11665819270593743,0.3088075266379505,0.8078817733990147
12.0,0.7058823529411765,8.833333333333334,13.63888888888889,1.0,3,2.1666666666666665,2.4166666666666665,1.490566037735849,interactive,420000354,Round Robin,0.1555822529335854,0.2729036741249385,0.17561278056162752,0.09747606614447346,0.3423668203516293,0.7963362068965517
12.0,1.7142857142857142,7.25,10.354166666666666,1.0,2.3333333333333335,1.8888888888888888,2.0833333333333335,1.3563218390804597,interactive,420000355,SRTF,0.1246348586356703,0.21009118541033436,0.08710415994840373,0.0925507900677201,0.3121626263617627,0.8014285714285714
12.0,1.2,8.333333333333334,6.722222222222222,1.0,2.8333333333333335,1.6388888888888888,2.5833333333333335,1.43,interactive,420000356,Round Robin,0.14921218264560843,0.20972382028802516,0.1588245270820632,0.13878257903855737,0.28122497998398716,0.7754901960784314
12.0,1.0909090909090908,7.666666666666667,13.055555555555555,1.0,3.0833333333333335,1.7430555555555556,2.1666666666666665,1.2826086956521738,interactive,420000357,Round Robin,0.18768986072104085,0.22249645725082662,0.19317613417299376,0.13316466393222995,0.37270441288620487,0.7990867579908676
12.0,1.5,6.416666666666667,8.409722222222221,1.0,3.5833333333333335,1.7430555555555556,1.5,1.1428571428571428,interactive,420000358,SRTF,0.19885842623853364,0.13909473774067174,0.08835704952709522,0.14866596387184894,0.334652862362972,0.7976653696498055
12.0,1.0,7.833333333333333,6.805555555555555,1.0,2.8333333333333335,1.8055555555555556,2.5,1.425531914893617,interactive,420000359,SRTF,0.14876702997275204,0.202132987175122,0.06217317760156753,0.11353315168029064,0.3315124853103606,0.79125
12.0,1.0909090909090908,9.916666666666666,15.909722222222221,1.0,2.4166666666666665,1.4097222222222223,3.0833333333333335,1.3781512605042017,interactive,420000360,Round Robin,0.1610008126560804,0.2578325621326995,0.15620970525908082,0.14126985916365042,0.3385793264789802,0.7946768060836502
12.0,0.8571428571428571,9.166666666666666,5.805555555555555,1.0,4.083333333333333,0.7430555555555556,2.5,1.2636363636363637,interactive,420000361,Round Robin,0.1358524222845831,0.27635003253090434,0.20031434227414127,0.1213208901651113,0.2864316061433725,0.803030303030303
12.0,1.0909090909090908,9.5,10.416666666666666,1.0,2.9166666666666665,1.2430555555555556,2.8333333333333335,1.456140350877193,interactive,420000362,Round Robin,0.14474949282670072,0.17175888322306893,0.13189719524350574,0.10866202629543696,0.32008833562687694,0.7887537993920972
12.0,0.8,9.5,10.583333333333334,1.0,3.5833333333333335,1.4097222222222223,2.6666666666666665,1.3596491228070176,interactive,420000363,Round Robin,0.14069330226871662,0.18963999043237859,0.1515870635863485,0.11101385119232425,0.3205857254988562,0.7996389891696751
12.0,1.2,8.75,13.354166666666666,1.0,3,2.3333333333333335,2.3333333333333335,1.3238095238095238,interactive,420000364,Round Robin,0.15359191706497097,0.17988154087292021,0.23690828860574117,0.12143619853200693,0.37052421908120353,0.7718531468531469
12.0,1.0909090909090908,7.25,11.854166666666666,1.0,2.9166666666666665,1.7430555555555556,2.4166666666666665,1.6436781609195403,interactive,420000365,SRTF,0.1685274636011932,0.1678971001337408,0.046863898318465304,0.1430034642327555,0.37781262867246346,0.8232217573221757
12.0,1.3333333333333333,8.083333333333334,10.409722222222221,1.0,2.75,2.0208333333333335,2.25,1.3711340206185567,interactive,420000366,Round Robin,0.15678643975034995,0.17244511582118413,0.16521452378242907,0.1265984654731458,0.34491882194917467,0.7798353909465021
12.0,1.0,7.416666666666667,8.409722222222221,1.0,2.8333333333333335,1.8055555555555556,2.25,1.5617977528089888,interactive,420000367,SRTF,0.1973583086923107,0.13987505532004754,0.11756698667430862,0.14305215570491964,0.37350405478691573,0.7694805194805194
12.0,1.5,8.166666666666666,13.305555555555555,1.0,3.0833333333333335,1.5763888888888888,2.5,1.346938775510204,interactive,420000368,Round Robin,0.17259703481592542,0.2876097747231768,0.12945827722888098,0.12367149758454107,0.33836601342289996,0.8362068965517242
12.0,1.2,8.5,8.583333333333334,1.0,3,1.1666666666666667,2.0833333333333335,1.2450980392156863,interactive,420000369,Round Robin,0.1839988099129894,0.24965549836005832,0.16275330922489084,0.1349735082300202,0.2750954597492339,0.796875
12.0,1.0909090909090908,10.083333333333334,11.909722222222221,1.0,3.3333333333333335,1.3888888888888888,3.0833333333333335,1.487603305785124,interactive,420000370,Round Robin,0.1794288063592773,0.17830918740824886,0.14276659262173746,0.1351469686570579,0.3709224799648755,0.7808483290488433
12.0,0.8571428571428571,9.333333333333334,12.055555555555555,1.0,3.0833333333333335,2.2430555555555554,2.5833333333333335,1.5357142857142858,interactive,420000371,Round Robin,0.13251353040183023,0.15822804028408033,0.12303595005089647,0.11102236421725238,0.3591819924484461,0.7910094637223974
12.0,0.8571428571428571,7.75,9.020833333333334,1.0,2.8333333333333335,1.8055555555555556,2.3333333333333335,1.6021505376344085,interactive,420000372,SRTF,0.19340679566588242,0.14945673756612074,0.08503315279635071,0.10953729933899906,0.31568728444249194,0.8206214689265536
12.0,1.0,8.25,7.854166666666667,1.0,3.0833333333333335,2.2430555555555554,2.5,1.4444444444444444,interactive,420000373,Round Robin,0.16267072589884532,0.2482333533749895,0.15283378540281972,0.13276665359792034,0.31583818505998845,0.8015267175572519
12.0,0.8571428571428571,7.75,9.1875,1.0,3,2.3333333333333335,2.0833333333333335,1.1935483870967742,interactive,420000374,Round Robin,0.14662518300303576,0.16406145400990763,0.14527116901418577,0.11359404096834266,0.355003193834329,0.7760617760617761
12.0,1.0909090909090908,8.833333333333334,12.472222222222221,1.0,3.8333333333333335,1.4722222222222223,2.6666666666666665,1.4528301886792452,interactive,420000375,Round Robin,0.13139447264333814,0.18945325014039277,0.14089715140316614,0.1268313287175973,0.35874858997016396,0.807218309859155
12.0,1.0,9.333333333333334,13.722222222222221,1.0,2.5833333333333335,1.5763888888888888,2.5,1.3214285714285714,interactive,420000376,Round Robin,0.17702334106911266,0.21612287599733276,0.19005847953216376,0.1259213883665419,0.3420669521378445,0.775375939849624
12.0,1.0,8.833333333333334,17.97222222222222,1.0,2.8333333333333335,0.9722222222222222,2.25,1.3773584905660377,interactive,420000377,SRTF,0.18444650719822137,0.25418725268190034,0.1383102123072597,0.14280462274813346,0.3318041065945554,0.7872807017543859
12.0,1.0909090909090908,9.416666666666666,8.07638888888889,1.0,3.5,1.5833333333333333,2.75,1.4867256637168142,interactive,420000378,Round Robin,0.1503651796288985,0.2355284741529431,0.15078626094647007,0.11802902979373567,0.2927807486631016,0.7911073825503356
12.0,0.9230769230769231,8,10.166666666666666,1.0,3.25,1.0208333333333333,2.5,1.7395833333333333,interactive,420000379,SRTF,0.14262698766044454,0.20993589602175006,0.10228190086647648,0.1269164345117551,0.38655591763726266,0.8119747899159664
12.0,0.75,9.333333333333334,10.38888888888889,1.0,3.1666666666666665,1.6388888888888888,2.5833333333333335,1.2321428571428572,interactive,420000380,Round Robin,0.16528285142930083,0.2171655893500229,0.14897100391209375,0.1200485044462409,0.34817990875049326,0.7857142857142857
12.0,1.0,8.416666666666666,8.243055555555555,1.0,2.5,1.4166666666666667,2.1666666666666665,1.316831683168317,interactive,420000381,Round Robin,0.1403311276461382,0.2313385636031219,0.16096650377980723,0.12561752952896427,0.28488372093023256,0.7923553719008265
12.0,1.3333333333333333,7.75,7.020833333333333,1.0,2.5833333333333335,2.576388888888889,1.8333333333333333,1.032258064516129,interactive,420000382,Round Robin,0.13148776298521783,0.24102965937658868,0.13444244067310793,0.12366608801816063,0.34741942974891826,0.7922374429223744
12.0,0.8571428571428571,7.833333333333333,7.472222222222222,1.0,3.8333333333333335,1.4722222222222223,2.0833333333333335,1.4893617021276595,interactive,420000383,SRTF,0.1356006194846636,0.2441573033707865,0.08605544053870091,0.14569690056851348,0.3043221805991885,0.827247191011236
12.0,0.75,8.833333333333334,8.63888888888889,1.0,2.5,2.4166666666666665,2.5,1.3867924528301887,interactive,420000384,Round Robin,0.14225119122538882,0.26356709229177316,0.2376069004223733,0.11225124569784763,0.3249308995442838,0.7962555066079295
12.0,1.0,9.833333333333334,11.972222222222221,1.0,3,1.6666666666666667,2.5,1.4067796610169492,interactive,420000385,Round Robin,0.14919172965119903,0.2626486915146709,0.16855371066737437,0.11863309740559397,0.322057423857868,0.7895189003436427
12.0,1.2,8.916666666666666,9.57638888888889,1.0,2.9166666666666665,2.076388888888889,2.4166666666666665,1.411214953271028,interactive,420000386,Round Robin,0.14178152866615462,0.2436820286520001,0.13588728886264181,0.11820428336079077,0.35626381979219335,0.7793594306049823
12.0,1.2,9.75,8.520833333333334,1.0,2.5,2.0833333333333335,2.9166666666666665,1.5982905982905984,interactive,420000387,SRTF,0.12003061087336378,0.24982453256369733,0.07572614107883816,0.12359150297173335,0.2899254314751338,0.804858934169279
12.0,1.0909090909090908,9.25,14.020833333333334,1.0,3.5,2.0833333333333335,2.8333333333333335,1.3873873873873874,interactive,420000388,Round Robin,0.12793049792531122,0.3024193548387097,0.11909162124792468,0.10926449528146004,0.3126991568251942,0.8413461538461537
12.0,1.2,8.583333333333334,20.90972222222222,1.0,2.75,1.6875,2.4166666666666665,1.3592233009708738,interactive,420000389,FCFS,0.1190472389151079,0.2105387129800644,0.12188584169922484,0.12436931862979425,0.3636084132645009,0.8071192052980132
12.0,0.75,10.333333333333334,16.22222222222222,1.0,2.8333333333333335,2.138888888888889,2.5833333333333335,1.2741935483870968,interactive,420000390,Round Robin,0.15224846844815276,0.26296156188176384,0.14567594993798624,0.12075769534333071,0.3911563939006509,0.8095238095238095
12.0,1.5,8.75,17.020833333333332,1.0,2.8333333333333335,1.9722222222222223,2.5833333333333335,1.5809523809523809,interactive,420000391,Round Robin,0.1666545621807442,0.1963728114196498,0.1344940743450738,0.12660310212851675,0.3577767132037595,0.7772108843537415
12.0,0.8571428571428571,9.416666666666666,9.909722222222221,1.0,3.4166666666666665,2.2430555555555554,2.5833333333333335,1.424778761061947,interactive,420000392,SRTF,0.11401325815841763,0.1824572506390688,0.0812370186031856,0.1375319082011638,0.30402042019675385,0.78003003003003
12.0,1.0,8.916666666666666,8.243055555555555,1.0,2.75,1.5208333333333333,2.0833333333333335,1.3364485981308412,interactive,420000393,FCFS,0.12682132818971947,0.32575247079964065,0.12905974338412188,0.15257606735042042,0.2975548173773291,0.8177966101694916
12.0,1.7142857142857142,7.5,9.083333333333334,1.0,3,0.8333333333333334,2.25,1.4,interactive,420000394,SRTF,0.14895678998020026,0.21558995967340144,0.057382841557153466,0.13619333845528087,0.326605504587156,0.7981418918918919
12.0,0.7058823529411765,9.583333333333334,9.409722222222221,1.0,3.4166666666666665,1.7430555555555556,2.6666666666666665,1.434782608695652,interactive,420000395,SRTF,0.15212244388160032,0.20751633986928103,0.08794848672415267,0.13492742450404666,0.30478955007256897,0.8180147058823529
12.0,1.0,8.666666666666666,6.055555555555555,1.0,3.75,1.8541666666666667,2.4166666666666665,1.3365384615384615,interactive,420000396,FCFS,0.11517606414425069,0.2670862280555787,0.12247814538273644,0.13466669496694722,0.320107024283849,0.8354779411764706
12.0,1.0,9.083333333333334,16.743055555555557,1.0,3.6666666666666665,1.3888888888888888,2.3333333333333335,1.238532110091743,interactive,420000397,Round Robin,0.19936443292607678,0.18703400576720253,0.16661564219815406,0.1283783783783784,0.26441441441441443,0.8002283105022832
12.0,0.8571428571428571,10,14.166666666666666,1.0,3,2.3333333333333335,2.75,1.3916666666666666,interactive,420000398,SRTF,0.13525431994676787,0.18731095925518687,0.1313722176410943,0.14451497660285537,0.3269298083045015,0.7916666666666667
12.0,0.6666666666666666,10.333333333333334,19.22222222222222,1.0,3.0833333333333335,1.7430555555555556,2.8333333333333335,1.3951612903225807,interactive,420000399,Round Robin,0.1838492129142618,0.23769597307609003,0.12871219956915314,0.11839764617525529,0.33370538411016437,0.7955465587044535
12.0,1.0,6.75,6.520833333333333,1.0,2.5833333333333335,2.076388888888889,2.0833333333333335,1.691358024691358,interactive,420000400,SRTF,0.14823069875808212,0.2449574269248741,0.05052287581699348,0.13338043354897286,0.32062461348175636,0.8382352941176471
12.0,1.0909090909090908,8.75,12.6875,1.0,2.9166666666666665,2.4097222222222223,2.25,1.1904761904761905,interactive,420000401,SRTF,0.17047103839556668,0.19146742896742894,0.10414879931389366,0.11149228130360206,0.2933104631217839,0.7872596153846154
12.0,0.8,9.25,11.354166666666666,1.0,3.25,1.1875,2.5,1.3873873873873874,interactive,420000402,Round Robin,0.1428847670468333,0.2553248834498835,0.1572888861926717,0.1052839116719243,0.2920128111747553,0.8076923076923077
12.0,1.0909090909090908,8.75,12.854166666666666,1.0,2.5833333333333335,2.4097222222222223,2.75,1.7714285714285714,interactive,420000403,SRTF,0.10719811328644427,0.21100917431192662,0.10230445000125445,0.10419680174059613,0.29285200078378587,0.801605504587156
12.0,1.2,8.833333333333334,13.472222222222221,1.0,2.75,1.6875,2.3333333333333335,1.2735849056603774,interactive,420000404,Round Robin,0.16334032340858368,0.19891826923076925,0.16652140959403416,0.11655683690280065,0.31987687713851226,0.7873263888888888
12.0,0.9230769230769231,9,16.833333333333332,1.0,3.25,2.5208333333333335,2.75,1.4722222222222223,interactive,420000405,Round Robin,0.17150522680388475,0.21250420945852422,0.1623716477760007,0.11232876712328765,0.31872117255193994,0.8147208121827412
12.0,0.9230769230769231,10.333333333333334,12.055555555555555,1.0,2.5,1.4166666666666667,2.8333333333333335,1.282258064516129,interactive,420000406,SRTF,0.14221970100518158,0.196405280515754,0.11321363183901026,0.11448900388098318,0.3493020090060446,0.7693850267379679
12.0,0.75,9.666666666666666,12.88888888888889,1.0,3.0833333333333335,1.7430555555555556,2.6666666666666665,1.4482758620689655,interactive,420000407,Round Robin,0.13384488254043206,0.31627680311890843,0.18013024829811516,0.0993930225196375,0.3076880307687375,0.7969543147208122
12.0,0.8571428571428571,7,6,1.0,2.75,1.5208333333333333,2,1.2142857142857142,interactive,420000408,Round Robin,0.18920937715467712,0.27363928206624843,0.2447877335259546,0.11189956331877732,0.2440331108671324,0.8157894736842106
12.0,1.3333333333333333,8.416666666666666,7.243055555555555,1.0,3.5,1.9166666666666667,2.8333333333333335,1.7623762376237624,interactive,420000409,Round Robin,0.12828422508243803,0.28706792697618383,0.1208275715349431,0.10798319327731093,0.2999335795663338,0.7990506329113924
12.0,1.0,8,8,1.0,2.6666666666666665,0.8888888888888888,2.4166666666666665,1.3958333333333333,interactive,420000410,Round Robin,0.15242039743937275,0.1740023378900542,0.1858085900775242,0.0996204933586338,0.32886705086914486,0.7925824175824177
12.0,2.0,10.083333333333334,8.743055555555555,1.0,3.5,1.9166666666666667,3.1666666666666665,1.578512396694215,interactive,420000411,FCFS,0.13853484585707712,0.2542946900122278,0.14832612880408463,0.14789587127788864,0.306436557222744,0.7881578947368422
12.0,1.3333333333333333,7.833333333333333,14.13888888888889,1.0,3.5,2.0833333333333335,2,1.2553191489361701,interactive,420000412,Round Robin,0.16466042692101707,0.17318667022273,0.16552755329474855,0.156617426034541,0.34278548394091235,0.8019911504424779
12.0,0.8,9.166666666666666,9.972222222222221,1.0,2.9166666666666665,2.4097222222222223,2.75,1.5636363636363637,interactive,420000413,Round Robin,0.13539606917058947,0.25793187628347514,0.11562757634040548,0.10990712074303406,0.34429923380897925,0.7903587443946188
12.0,1.0909090909090908,8.5,8.916666666666666,1.0,2.9166666666666665,1.5763888888888888,2.5,1.2745098039215685,interactive,420000414,Round Robin,0.1825154707645172,0.24922728756150805,0.20290388572146567,0.11104117269023019,0.3323538575303844,0.7938596491228069
12.0,1.3333333333333333,8.583333333333334,7.409722222222222,1.0,2.75,2.1875,2.3333333333333335,1.3398058252427185,interactive,420000415,Round Robin,0.17067806108153544,0.2763730972672183,0.13854487718315123,0.1301204819277108,0.28948563935040456,0.7819767441860466
12.0,0.9230769230769231,6.666666666666667,11.722222222222221,1.0,2.9166666666666665,2.576388888888889,2.1666666666666665,1.5625,interactive,420000416,Round Robin,0.11863687998294307,0.24515427144640628,0.12803499504118845,0.09595300261096606,0.36401044386422976,0.8511904761904763
12.0,0.8571428571428571,8.916666666666666,14.909722222222221,1.0,2.5833333333333335,2.076388888888889,2.6666666666666665,1.4579439252336448,interactive,420000417,SRTF,0.11246641543668656,0.1958533866275118,0.09003632867340601,0.1167381974248927,0.32339055793991417,0.8018292682926829
12.0,1.0909090909090908,8.5,21.916666666666668,1.0,3.1666666666666665,1.4722222222222223,2.4166666666666665,1.2450980392156863,interactive,420000418,Round Robin,0.17828821085804328,0.25952276869730156,0.21054415210839783,0.1271196111580727,0.3743072218301575,0.8170391061452513
12.0,1.0909090909090908,7.083333333333333,8.409722222222221,1.0,3,2,2,1.223529411764706,interactive,420000419,Round Robin,0.1849823617822053,0.1480442176870748,0.15759770889487867,0.12693085216670125,0.37659544950055496,0.8022959183673469
12.0,0.75,7.75,8.1875,1.0,3.1666666666666665,1.4722222222222223,2.3333333333333335,1.6021505376344085,interactive,420000420,Round Robin,0.17748336422769467,0.25709915497044217,0.12021336131514515,0.11908882068100005,0.3348182056932585,0.8316666666666667
12.0,0.9230769230769231,9,9,1.0,2.9166666666666665,1.4097222222222223,2.5,1.5277777777777777,interactive,420000421,FCFS,0.13026742976913439,0.18742174994849362,0.13461189186419117,0.1317897016925272,0.27911093627065303,0.7754065040650406
12.0,1.0909090909090908,9.833333333333334,9.63888888888889,1.0,3.6666666666666665,1.8888888888888888,2.75,1.3983050847457628,interactive,420000422,Round Robin,0.1711322340864846,0.31246545052515207,0.2805115638321349,0.14956346549361518,0.2967518833009926,0.8199626865671642
12.0,0.75,9.166666666666666,12.972222222222221,1.0,2.4166666666666665,0.7430555555555556,3,1.6090909090909091,interactive,420000423,SRTF,0.15377729140364021,0.23895203058880818,0.10460804204059095,0.12926396715870783,0.30758962623951186,0.8031914893617021
12.0,0.6666666666666666,9.916666666666666,13.07638888888889,1.0,2.25,1.6875,3,1.3781512605042017,interactive,420000424,Round Robin,0.164504662004662,0.19268190757128814,0.14584984069296214,0.12657342657342657,0.3285799602225244,0.7849999999999999
12.0,0.9230769230769231,8.25,7.1875,1.0,2.4166666666666665,1.2430555555555556,2.5,1.4545454545454546,interactive,420000425,SRTF,0.12651103363362254,0.29322154471544715,0.08387767921658693,0.08870967741935484,0.3431415518521574,0.7888888888888889
12.0,1.5,8.333333333333334,12.555555555555555,1.0,3.3333333333333335,1.5555555555555556,2.1666666666666665,1.44,interactive,420000426,Round Robin,0.218825625813611,0.2311654355486608,0.20949858097372867,0.12487462387161483,0.36477262450968473,0.7776595744680851
12.0,1.3333333333333333,9.916666666666666,4.076388888888889,1.0,2.75,2.0208333333333335,2.5833333333333335,1.4369747899159664,interactive,420000427,Round Robin,0.12777693573531956,0.23066193953804348,0.19727726660401645,0.11081966898247228,0.31032542808563723,0.7649456521739131
12.0,0.8,9.083333333333334,7.076388888888889,1.0,2.75,2.0208333333333335,2.8333333333333335,1.5229357798165137,interactive,420000428,FCFS,0.12296657754010695,0.2818308823529412,0.12496371275783043,0.12302073365231264,0.33945454545454545,0.78125
12.0,1.7142857142857142,9.5,6.416666666666667,1.0,2.8333333333333335,1.8055555555555556,2.75,1.3596491228070176,interactive,420000429,Round Robin,0.14085309665842183,0.22496675015532774,0.17100429215771862,0.11744022503516174,0.29748973657201505,0.7794540229885057
12.0,0.8571428571428571,7.75,7.854166666666667,1.0,2.3333333333333335,1.3888888888888888,2.4166666666666665,1.3870967741935485,interactive,420000430,Round Robin,0.14272030651340994,0.24376602564102562,0.16581321839080457,0.11268749490502974,0.3095437129919888,0.7988888888888889
12.0,0.75,9.25,8.854166666666666,1.0,2.9166666666666665,1.5763888888888888,2.8333333333333335,1.5405405405405406,interactive,420000431,SRTF,0.12188517270186962,0.253738171778879,0.08400311122634171,0.09693486590038314,0.3313486154649948,0.7772556390977443
12.0,0.6666666666666666,8.416666666666666,8.409722222222221,1.0,2.0833333333333335,1.5763888888888888,2.4166666666666665,1.386138613861386,interactive,420000432,Round Robin,0.15859098255453213,0.2828016355365584,0.20189651169131126,0.10752608085602419,0.3379963898916967,0.8082010582010581
12.0,0.9230769230769231,7.5,5.083333333333333,1.0,2.5,2.0833333333333335,2.25,1.6,interactive,420000433,Round Robin,0.1359662371890008,0.18022367562742475,0.1498091311924578,0.11361457334611696,0.3159231184084372,0.8116438356164384
12.0,0.8,7.416666666666667,14.909722222222221,1.0,2.5833333333333335,1.9097222222222223,2.25,1.3370786516853932,interactive,420000434,SRTF,0.16767732638074326,0.14788967237420844,0.08060239867094514,0.12510403560618621,0.3529145921530027,0.8028350515463918
12.0,0.8,8.416666666666666,6.409722222222222,1.0,2.5833333333333335,1.7430555555555556,2.25,1.4257425742574257,interactive,420000435,Round Robin,0.1497848394571334,0.29464785151284006,0.12515861193865163,0.11674528301886793,0.30448351438917476,0.8245614035087718
12.0,1.0909090909090908,8.666666666666666,13.722222222222221,1.0,3.5,2.0833333333333335,2.4166666666666665,1.4134615384615385,interactive,420000436,Round Robin,0.1827577150562148,0.27557365563145914,0.22218072784741616,0.12017794239783111,0.2919755644209746,0.8179190751445087
12.0,0.9230769230769231,8.166666666666666,7.972222222222222,1.0,3.4166666666666665,1.2430555555555556,2,1.2755102040816326,interactive,420000437,Round Robin,0.17205563502559534,0.20413401741293533,0.2630444318585643,0.11091790988547318,0.30214339736372214,0.7898009950248757
12.0,0.6666666666666666,6.916666666666667,9.243055555555555,1.0,2.9166666666666665,2.576388888888889,2.3333333333333335,1.7108433734939759,interactive,420000438,SRTF,0.16585489640645715,0.21163120567375887,0.10595050026329644,0.11878680166594859,0.35604981814173914,0.825
12.0,1.0909090909090908,8.083333333333334,7.243055555555555,1.0,2.6666666666666665,2.2222222222222223,2.25,1.4536082474226804,interactive,420000439,Round Robin,0.14624419471167058,0.1810179344756167,0.18850588742635052,0.10443864229765011,0.26103463632291785,0.8042035398230089
12.0,1.3333333333333333,10,10.666666666666666,1.0,2.9166666666666665,1.5763888888888888,2.6666666666666665,1.2666666666666666,interactive,420000440,Round Robin,0.19373937553530202,0.24878338086324364,0.16626434242808086,0.1445127922221129,0.28960731211916046,0.7659235668789809
12.0,1.5,9.416666666666666,14.57638888888889,1.0,2.5833333333333335,2.2430555555555554,2.5833333333333335,1.3893805309734513,interactive,420000441,SRTF,0.16858465892605126,0.20393433918353282,0.11260037789766486,0.12942989214175651,0.3668191351758043,0.7723463687150838
12.0,1.3333333333333333,9.416666666666666,10.409722222222221,1.0,2.9166666666666665,2.7430555555555554,2.75,1.3628318584070795,interactive,420000442,SRTF,0.16304020391611632,0.23320227949134198,0.12445834781601203,0.14956703428079426,0.30364963503649633,0.7920634920634921
12.0,0.75,9.416666666666666,14.909722222222221,1.0,3.1666666666666665,2.138888888888889,2.4166666666666665,1.0530973451327434,interactive,420000443,SRTF,0.16642062230297525,0.22132904356346095,0.06732874796276435,0.1105851124233477,0.32845752379742255,0.7845982142857143
12.0,0.8,7.833333333333333,8.972222222222221,1.0,3,2.5,2.0833333333333335,1.2659574468085106,interactive,420000444,SRTF,0.10607227114736975,0.13927318051416315,0.08919384498414795,0.1392618299284093,0.29518072289156627,0.8239910313901345
12.0,0.8571428571428571,9.083333333333334,8.743055555555555,1.0,3.6666666666666665,1.5555555555555556,2.4166666666666665,1.311926605504587,interactive,420000445,FCFS,0.11240743483412324,0.2634229362114079,0.14532175651658769,0.1149958699855516,0.3292714022674611,0.8317535545023698
12.0,0.6666666666666666,10.833333333333334,11.305555555555555,1.0,2.3333333333333335,1.7222222222222223,3.25,1.7461538461538462,interactive,420000446,Round Robin,0.11064896755162243,0.21389353110622353,0.11166809401465408,0.0970967741935484,0.36168672128349544,0.7861356932153392
12.0,1.0909090909090908,9.916666666666666,17.243055555555557,1.0,3.5833333333333335,1.9097222222222223,2.6666666666666665,1.2016806722689075,interactive,420000447,Round Robin,0.18842718559435587,0.273008831230988,0.1748724328536026,0.1205392545598731,0.2897064184716039,0.8157327586206897
12.0,1.0909090909090908,8.833333333333334,9.972222222222221,1.0,3.25,2.3541666666666665,2.3333333333333335,1.2169811320754718,interactive,420000448,Round Robin,0.15735941466058967,0.25,0.19264521616463362,0.11084142394822008,0.33901841804683036,0.7987500000000001
12.0,0.8571428571428571,9.416666666666666,10.243055555555555,1.0,2.9166666666666665,1.9097222222222223,2.5,1.3274336283185841,interactive,420000449,FCFS,0.12075249023944895,0.25718863159900895,0.1880544534759093,0.1328165704069345,0.3607312003151375,0.7853773584905661
12.0,0.75,7.583333333333333,21.57638888888889,1.0,3.1666666666666665,2.138888888888889,1.9166666666666667,1.1758241758241759,interactive,420000450,SRTF,0.14715590144347038,0.09083854213847872,0.08537237315337831,0.1114221724524076,0.35357231731811795,0.8102409638554217
12.0,0.7058823529411765,8.333333333333334,8.88888888888889,1.0,2.6666666666666665,1.5555555555555556,2.75,1.87,interactive,420000451,SRTF,0.11714831407070478,0.1076388888888889,0.09349425604719457,0.09589652096342549,0.32003283755346645,0.8076923076923077
12.0,1.5,9.916666666666666,15.743055555555555,1.0,2.3333333333333335,1.7222222222222223,2.75,1.3025210084033614,interactive,420000452,SRTF,0.16437774278556083,0.26267930327868855,0.125217123098651,0.13479638083895726,0.2636836283403506,0.7806691449814127
12.0,1.0909090909090908,9.166666666666666,13.305555555555555,1.0,2.4166666666666665,1.4097222222222223,2.5833333333333335,1.3909090909090909,interactive,420000453,Round Robin,0.13968106995884771,0.2231477457466158,0.14829218106995884,0.11291666666666668,0.32728658536585364,0.8127572016460904
12.0,0.9230769230769231,11.5,11.75,1.0,3.75,2.0208333333333335,3.25,1.5072463768115942,interactive,420000454,Round Robin,0.10890952872377022,0.23441881731355416,0.14769265893491898,0.09845201238390093,0.27879256965944277,0.8064814814814815
12.0,1.0,8.5,9.416666666666666,1.0,3.6666666666666665,1.7222222222222223,2.0833333333333335,1.1862745098039216,interactive,420000455,Round Robin,0.12822958238644128,0.15458886045964615,0.14617206219120016,0.09719864176570457,0.2918815338304179,0.8309716599190283
12.0,0.9230769230769231,7.75,7.1875,1.0,3,2.6666666666666665,1.9166666666666667,1.1827956989247312,interactive,420000456,Round Robin,0.1802187923880154,0.22234878835255031,0.15604006645638197,0.14928002419732467,0.3114099191352425,0.8046218487394958
12.0,0.9230769230769231,9.25,7.1875,1.0,2.6666666666666665,2.2222222222222223,2.6666666666666665,1.5945945945945945,interactive,420000457,Round Robin,0.15404929898947842,0.23520099043528747,0.15358354880413705,0.12321783819628648,0.30061657974793565,0.7878151260504203
12.0,0.9230769230769231,7.25,8.854166666666666,1.0,2.3333333333333335,2.0555555555555554,1.8333333333333333,1.2413793103448276,interactive,420000458,SRTF,0.17584105324719368,0.233882617233686,0.1007237507905223,0.11779575328614766,0.34470990749330843,0.7978971962616823
12.0,0.75,7.416666666666667,16.243055555555557,1.0,3.5833333333333335,1.9097222222222223,2.25,1.5280898876404494,interactive,420000459,SRTF,0.1484375,0.1826286764705882,0.023186274509803907,0.11531249999999997,0.3587475759534583,0.8203125
12.0,0.75,9.916666666666666,8.409722222222221,1.0,3.3333333333333335,1.5555555555555556,3.0833333333333335,1.5126050420168067,interactive,420000460,Round Robin,0.14148578506547127,0.24893742447636955,0.16794839622373614,0.10469156694723321,0.2951188013386067,0.7818877551020409
12.0,0.7058823529411765,9.666666666666666,6.555555555555555,1.0,2.75,1.5208333333333333,2.6666666666666665,1.3017241379310345,interactive,420000461,Round Robin,0.11708457040429962,0.2281347372945095,0.15237343454640878,0.11455434062292907,0.32315630029347725,0.7918502202643172
12.0,0.8571428571428571,10.25,7.020833333333333,1.0,2.9166666666666665,1.2430555555555556,2.9166666666666665,1.2764227642276422,interactive,420000462,SRTF,0.1441857224026844,0.21695970270084056,0.11014411316274098,0.12634353939200468,0.28527140154239905,0.7902542372881356
12.0,1.0,7.833333333333333,15.972222222222221,1.0,3.8333333333333335,0.9722222222222222,2.25,1.5106382978723405,interactive,420000463,Round Robin,0.19601004684320936,0.2481181856982113,0.17689396189087342,0.11235837209228343,0.3398241054158608,0.8362676056338028
12.0,1.0909090909090908,8.333333333333334,7.555555555555555,1.0,3.9166666666666665,1.0763888888888888,2.4166666666666665,1.36,interactive,420000464,Round Robin,0.16464860530385478,0.21074983289468188,0.2743830865600795,0.12677308737661097,0.27307692307692305,0.8306962025316456
12.0,1.0909090909090908,7.75,12.854166666666666,1.0,2.6666666666666665,3.0555555555555554,2.1666666666666665,1.5376344086021505,interactive,420000465,FCFS,0.11322694727535386,0.22733156322602058,0.1436888004647299,0.13370944126470558,0.36044160258838703,0.8024809160305344
12.0,1.0,8.916666666666666,12.909722222222221,1.0,2.8333333333333335,1.8055555555555556,2.5833333333333335,1.3644859813084111,interactive,420000466,SRTF,0.14025828032463264,0.24484536082474223,0.11291310228851358,0.13297872340425534,0.3022342037395229,0.8208762886597938
12.0,0.8571428571428571,10.166666666666666,7.638888888888889,1.0,3.1666666666666665,1.1388888888888888,2.9166666666666665,1.4754098360655739,interactive,420000467,SRTF,0.12283704843201723,0.209013170084745,0.05190253356021935,0.10692345589639954,0.2868757065568476,0.7928015564202335
12.0,0.75,8.5,9.916666666666666,1.0,2.6666666666666665,0.8888888888888888,2.3333333333333335,1.2941176470588236,interactive,420000468,Round Robin,0.13476284266726127,0.2457745862429479,0.11541012334401138,0.11253162825767463,0.36735469803576665,0.8004694835680751
12.0,0.6666666666666666,6.333333333333333,4.055555555555555,1.0,2.8333333333333335,2.138888888888889,1.8333333333333333,1.5526315789473684,interactive,420000469,Round Robin,0.14304793254041911,0.28975430898165727,0.2836351875808538,0.09443725743855114,0.23603003568409794,0.89247311827957
12.0,1.3333333333333333,8.25,12.354166666666666,1.0,2.9166666666666665,1.0763888888888888,2.25,1.4242424242424243,interactive,420000470,SRTF,0.12370695299201259,0.28817019183472703,0.08155261328955189,0.10311640696608616,0.2993926517418755,0.793956043956044
12.0,1.0909090909090908,8,6.5,1.0,3.25,1.0208333333333333,2.25,1.3541666666666667,interactive,420000471,Round Robin,0.1803307387568352,0.3275814176245211,0.19845785440613026,0.1337005108556833,0.3089945318602834,0.8374999999999999
12.0,1.2,8.416666666666666,10.07638888888889,1.0,3.1666666666666665,2.4722222222222223,2.6666666666666665,1.7128712871287128,interactive,420000472,Round Robin,0.17502533152214791,0.29111363636363635,0.16254300583229156,0.1327924850555081,0.28438846888029334,0.8018134715025906
12.0,0.8571428571428571,9.083333333333334,10.243055555555555,1.0,2.4166666666666665,1.9097222222222223,2.5,1.4495412844036697,interactive,420000473,FCFS,0.12644998370804822,0.29521949404761905,0.22765072549058724,0.13090757808499745,0.30116303674033806,0.7916666666666666
12.0,1.0,8.75,18.1875,1.0,2.5833333333333335,1.9097222222222223,2.5833333333333335,1.3904761904761904,interactive,420000474,Round Robin,0.17092114088036994,0.19782262931576433,0.19206598926385574,0.14613636890739873,0.358805594910687,0.7941729323308271
12.0,0.8571428571428571,8,12.166666666666666,1.0,3.1666666666666665,1.8055555555555556,2.1666666666666665,1.5104166666666667,interactive,420000475,SRTF,0.16224762182100563,0.14067415730337082,0.04999999999999999,0.14119952312481743,0.3853204511863707,0.8284313725490196
12.0,1.0,9.166666666666666,12.63888888888889,1.0,3.0833333333333335,1.5763888888888888,2.3333333333333335,1.2363636363636363,interactive,420000476,SRTF,0.18615883882663456,0.22560149766735754,0.1620388286893705,0.16559464076011532,0.2820723684210526,0.7798245614035088
12.0,1.0,10.166666666666666,12.972222222222221,1.0,3,2.6666666666666665,2.75,1.3524590163934427,interactive,420000477,Round Robin,0.14113309171448707,0.2780759432959787,0.2027825997752303,0.12796884763589675,0.3103784556898869,0.7913961038961039
12.0,0.75,9,10.833333333333334,1.0,2.9166666666666665,2.7430555555555554,2.5833333333333335,1.3333333333333333,interactive,420000478,Round Robin,0.1465457561587293,0.2414773319437207,0.20595466352875966,0.10554089709762532,0.3188213000719597,0.8094059405940595
12.0,1.0,9.666666666666666,16.72222222222222,1.0,3.4166666666666665,2.076388888888889,2.6666666666666665,1.4741379310344827,interactive,420000479,Round Robin,0.14124950021742363,0.25075912780758,0.13343611100572306,0.11953991378281305,0.33406210301420486,0.8095667870036101
12.0,0.8,10.166666666666666,5.638888888888889,1.0,3.4166666666666665,1.0763888888888888,2.8333333333333335,1.5573770491803278,interactive,420000480,Round Robin,0.14046735198933943,0.30189950980392155,0.18861186464877217,0.12405620110592971,0.22844505520654862,0.7738970588235294
12.0,0.9230769230769231,8,8.833333333333334,1.0,2.9166666666666665,2.076388888888889,2.3333333333333335,1.4791666666666667,interactive,420000481,FCFS,0.1030676421512001,0.22921390778533637,0.11928828135027594,0.10405141356780848,0.31999307599099874,0.8537414965986394
12.0,0.8571428571428571,8.5,16.75,1.0,3.0833333333333335,2.4097222222222223,2,1.088235294117647,interactive,420000482,SRTF,0.12278927628837338,0.1767770562606042,0.10679955549381859,0.11782608695652173,0.37815506273156807,0.7843450479233227
12.0,1.3333333333333333,8.416666666666666,13.07638888888889,1.0,3,2.6666666666666665,2.25,1.4257425742574257,interactive,420000483,SRTF,0.15424161379076104,0.21739208663550766,0.13942768367950847,0.16121321652799755,0.327226354640471,0.8127413127413128
12.0,0.9230769230769231,8.333333333333334,13.055555555555555,1.0,3.8333333333333335,1.3055555555555556,2.6666666666666665,1.75,interactive,420000484,FCFS,0.13255961856603302,0.2142665113725337,0.14959231740231443,0.15371921875389605,0.345138384037817,0.8061440677966101
12.0,1.0,9.583333333333334,6.743055555555555,1.0,3.6666666666666665,1.7222222222222223,2.75,1.4086956521739131,interactive,420000485,Round Robin,0.13507468739439002,0.2755015108477544,0.15095572828658332,0.09781818181818183,0.2902136342814309,0.7908921933085502
12.0,1.2,8.916666666666666,13.57638888888889,1.0,3.0833333333333335,1.2430555555555556,2.6666666666666665,1.5794392523364487,interactive,420000486,Round Robin,0.17317367059674696,0.19407814168814796,0.12371662484800333,0.09884678747940692,0.32989757546727455,0.7876602564102564
12.0,1.2,8,10.666666666666666,1.0,3.25,2.3541666666666665,2.3333333333333335,1.5,interactive,420000487,SRTF,0.1740358663116138,0.22824001395429966,0.1194469290399523,0.13272946599358557,0.32869198142115275,0.8066239316239316
12.0,0.75,9.416666666666666,9.909722222222221,1.0,2.9166666666666665,2.576388888888889,2.5,1.4336283185840708,interactive,420000488,SRTF,0.14026210939559616,0.19183206782216683,0.06047765793528506,0.1142923614395338,0.28273543782018357,0.8044554455445545
12.0,1.5,9.75,10.520833333333334,1.0,2.5,1.75,2.75,1.3076923076923077,interactive,420000489,SRTF,0.12829316248261838,0.25194632691719404,0.06913336124360182,0.11665495432185521,0.3099589640695193,0.7898936170212766
12.0,1.0,8.75,7.520833333333333,1.0,3.4166666666666665,1.0763888888888888,2.5833333333333335,1.5333333333333334,interactive,420000490,SRTF,0.1350848193414813,0.2650330483796563,0.04867811005412426,0.10867895545314901,0.32364294391764153,0.8119565217391305
12.0,0.8571428571428571,7.916666666666667,11.743055555555555,1.0,3,2.1666666666666665,1.8333333333333333,1.063157894736842,interactive,420000491,Round Robin,0.1750692797126832,0.17503177877802784,0.15607111978185206,0.12583412774070546,0.3305741557926819,0.7813953488372093
12.0,1.0,8.916666666666666,6.743055555555555,1.0,3.1666666666666665,2.638888888888889,2.3333333333333335,1.439252336448598,interactive,420000492,SRTF,0.13793375394321766,0.2547944492176313,0.11513044651664592,0.13215546470954312,0.31505072842347065,0.7788135593220339
12.0,0.8,8.166666666666666,12.972222222222221,1.0,3.25,1.8541666666666667,2.6666666666666665,1.5612244897959184,interactive,420000493,SRTF,0.16421213959231415,0.21146083200071072,0.07889275092903562,0.1428446261682243,0.30432692307692305,0.7972636815920398
12.0,1.3333333333333333,9.666666666666666,7.222222222222222,1.0,2.9166666666666665,1.2430555555555556,3.0833333333333335,1.6637931034482758,interactive,420000494,Round Robin,0.1769641441033194,0.2728502382573179,0.13627889106980756,0.13075628527115615,0.324168246265982,0.7798076923076923
12.0,1.0909090909090908,9.166666666666666,16.13888888888889,1.0,2.75,2.5208333333333335,2.3333333333333335,1.2363636363636363,interactive,420000495,Round Robin,0.1941855778391186,0.20090047152650797,0.17727536210761508,0.13626165255154618,0.31476031261398935,0.789179104477612
12.0,0.6666666666666666,8.916666666666666,15.743055555555555,1.0,4,0.8333333333333334,2.6666666666666665,1.560747663551402,interactive,420000496,Round Robin,0.19870837681829764,0.15946976238792224,0.1552521503475904,0.11747066901231651,0.3476933436245011,0.8351449275362319
12.0,0.7058823529411765,9.083333333333334,8.07638888888889,1.0,4.166666666666667,0.9722222222222222,2.6666666666666665,1.5596330275229358,interactive,420000497,Round Robin,0.17854168461560552,0.26754363735495806,0.19146243743242833,0.11948249619482496,0.28050722489078656,0.8238993710691824
12.0,1.0,9.583333333333334,18.743055555555557,1.0,3.4166666666666665,1.7430555555555556,2.5833333333333335,1.2347826086956522,interactive,420000498,Round Robin,0.16098049129903508,0.2173862273404287,0.14045380117952966,0.1174979741285952,0.36540691378172674,0.7969283276450512
12.0,0.9230769230769231,9.25,10.1875,1.0,3.5,2.25,3.0833333333333335,1.7117117117117118,interactive,420000499,SRTF,0.13026702514271243,0.28594712814604173,0.08641363671588463,0.10787282361847085,0.33749135034458944,0.8016014234875445
10.0,2.5,18.9,43.69,0.0,3.1,1.89,0.4,0.06349206349206349,batch,421000000,Round Robin,0.2945660531299104,0.22037337662337664,0.25530241475174253,0.15382626680455017,0.2777022945763568,0.7633928571428572
10.0,2.0,19.1,78.89,0.0,3.5,1.25,0.4,0.08900523560209424,batch,421000001,Round Robin,0.2943012619507944,0.22783454524740956,0.22627596035413133,0.15213860314022742,0.3138873849485652,0.7749562171628721
10.0,2.5,18.6,132.44,0.0,2.9,2.29,0.4,0.043010752688172046,batch,421000002,Round Robin,0.3205885176651305,0.20967741935483872,0.20954878050353057,0.15244708994708994,0.27380952380952384,0.7530241935483871
10.0,2.5,23.1,41.69,0.0,2.4,1.24,0.8,0.11255411255411256,batch,421000003,Round Robin,0.27272656811646295,0.2219575072246819,0.18934568206326383,0.14672897196261686,0.28294102006046695,0.7530048076923077
10.0,1.6666666666666667,20,52.6,0.0,3.7,2.01,0.4,0.075,batch,421000004,Round Robin,0.27166737916813355,0.2043799979882311,0.20374293785310738,0.12784371909000986,0.2821463897131553,0.771186440677966
10.0,1.25,23.9,57.69,0.0,3.2,1.96,0.7,0.100418410041841,batch,421000005,Round Robin,0.19791179301010065,0.18868326359882337,0.1884362460990705,0.14060150375939848,0.3035141333249396,0.7539021852237253
10.0,1.6666666666666667,18.8,73.56,0.0,3.2,1.56,0.4,0.0797872340425532,batch,421000006,Round Robin,0.28589043363124794,0.2146598808341609,0.15182787647715792,0.14707602339181286,0.2995286929838334,0.7610062893081762
10.0,2.0,17.9,42.49,0.0,3,2,0.3,0.061452513966480445,batch,421000007,Round Robin,0.29152580300891656,0.22953089188588238,0.18750774606671944,0.14701173959445035,0.28795430910624936,0.7596774193548388
10.0,1.4285714285714286,21.6,22.84,0.0,3,3.4,0.5,0.0787037037037037,batch,421000008,Round Robin,0.27052581395734954,0.22767652616052003,0.2561467506931713,0.13988657844990549,0.2834593572778828,0.7518820577164367
10.0,2.0,19.9,56.29,0.0,3.2,0.96,0.6,0.10552763819095477,batch,421000009,Round Robin,0.2588433011248412,0.19851904090267983,0.23099561813958797,0.14337403889642694,0.3161417661576642,0.7556417489421721
10.0,1.1111111111111112,15.6,56.24,0.0,2.6,2.64,0.2,0.057692307692307696,batch,421000010,Round Robin,0.2610210905349794,0.2009722222222222,0.20060871056241425,0.13305898491083676,0.2813048696844993,0.759375
10.0,5.0,21.7,37.01,0.0,3.7,2.21,0.5,0.08294930875576037,batch,421000011,Round Robin,0.2411749660182113,0.20066185318892898,0.2531765055515768,0.13481781376518215,0.26336032388663966,0.7686522262334536
10.0,2.0,18.9,41.29,0.0,2.7,1.21,0.5,0.10052910052910052,batch,421000012,Round Robin,0.2633930151613474,0.21156716417910448,0.21249852516075748,0.13759881422924902,0.27272727272727276,0.7559701492537314
10.0,2.0,22.5,59.85,0.0,2.9,2.49,0.4,0.04,batch,421000013,Round Robin,0.22005079956520443,0.19622168323035155,0.2081619393229575,0.1435566000783392,0.2921073247160204,0.7560639470782801
10.0,2.0,20.2,58.16,0.0,3,1.2,0.5,0.1188118811881188,batch,421000014,Round Robin,0.22442604747177164,0.19754618733622265,0.2054968955872947,0.14732569245463228,0.3003820439350525,0.7647247119078104
10.0,1.6666666666666667,21.4,39.84,0.0,3.8,1.56,0.5,0.08411214953271028,batch,421000015,Round Robin,0.27521544681391713,0.21400264200792601,0.2653296934061319,0.15077698446031082,0.30207354901779115,0.7572655217965654
10.0,1.25,21.8,89.16,0.0,3,2,0.6,0.12385321100917432,batch,421000016,Round Robin,0.2716939829366861,0.2343359090894354,0.23349817722756008,0.1425684777727885,0.2681859003143242,0.7602848101265822
10.0,1.4285714285714286,21.7,109.81,0.0,2.7,1.61,0.6,0.10138248847926268,batch,421000017,Round Robin,0.2501521497780828,0.15793882710410048,0.14190736606315216,0.1299859221022994,0.37060065696855937,0.7515906680805938
10.0,5.0,18.4,41.44,0.0,3.7,1.61,0.3,0.07065217391304347,batch,421000018,Round Robin,0.2346950412492223,0.211875394698524,0.2645202382633279,0.15566790846194786,0.30534858967535927,0.7729591836734694
10.0,1.25,22.3,92.21,0.0,3.2,1.56,0.5,0.06726457399103139,batch,421000019,Round Robin,0.22518263864372898,0.16813890798178535,0.1928855715719369,0.13738233975795608,0.3125280143433438,0.7549778761061947
10.0,2.0,20.2,16.56,0.0,2.5,1.25,0.2,0.024752475247524754,batch,421000020,Round Robin,0.23517532102956665,0.2208027251026296,0.26869158878504673,0.14546932141405933,0.26838669808146876,0.7567204301075269
10.0,1.6666666666666667,21.2,69.36,0.0,2.9,1.69,0.6,0.08962264150943396,batch,421000021,Round Robin,0.23686651556337063,0.2339486356340289,0.2216001208435289,0.1498401096391046,0.2826633165829146,0.752808988764045
10.0,2.5,19.7,49.81,0.0,3.3,2.01,0.5,0.1065989847715736,batch,421000022,Round Robin,0.24547909770908805,0.20689458114831252,0.20559148926177767,0.14971070395371264,0.3191899710703954,0.7665540540540541
10.0,2.0,17.9,47.89,0.0,3.6,1.44,0.4,0.0670391061452514,batch,421000023,Round Robin,0.19499421003271442,0.1732093663911846,0.15067013917936573,0.13612147043153972,0.3240281961049351,0.7630853994490359
10.0,3.3333333333333335,25,80.4,0.0,3.7,1.81,0.6,0.104,batch,421000024,Round Robin,0.27374943103176,0.22259036144578312,0.24308227512981764,0.15208172706245182,0.2902852737085582,0.7683734939759036
10.0,3.3333333333333335,16.1,61.29,0.0,3.1,1.69,0.3,0.07453416149068323,batch,421000025,Round Robin,0.25244253150642665,0.19615848713231657,0.20783273389966156,0.142998678996037,0.29920739762219284,0.7541058394160585
10.0,1.6666666666666667,23.7,78.41,0.0,3.5,1.65,0.6,0.08860759493670886,batch,421000026,Round Robin,0.24350676609274208,0.20683666526454664,0.17353347566421734,0.1416631842875052,0.31456330965315504,0.7590805902383655
10.0,1.6666666666666667,23.9,45.89,0.0,2.3,2.61,0.6,0.10460251046025104,batch,421000027,Round Robin,0.24408770466371318,0.21245733788395904,0.24018601784645538,0.1453055141579732,0.294150521609538,0.7554038680318544
10.0,2.0,22.1,92.69,0.0,2.7,1.81,0.5,0.049773755656108594,batch,421000028,Round Robin,0.19670616954662792,0.1683380446523161,0.18483408027259945,0.13706478624944912,0.3343984133979727,0.7543290043290043
10.0,1.6666666666666667,20.3,22.81,0.0,2.8,0.96,0.4,0.07881773399014778,batch,421000029,Round Robin,0.22713523178878223,0.22650030874154015,0.2645637303121963,0.14743326488706365,0.2818275154004107,0.7583979328165374
10.0,2.5,24.3,56.81,0.0,3.4,2.24,0.8,0.11934156378600823,batch,421000030,Round Robin,0.22817525273396339,0.21736596736596736,0.21536793342242305,0.1427475057559478,0.2931696085955487,0.7590326340326341
10.0,2.0,21.3,56.61,0.0,3.2,2.16,0.5,0.08450704225352113,batch,421000031,Round Robin,0.2874119810276019,0.20704134366925064,0.22904580985350464,0.14308176100628933,0.2872866127583109,0.7603359173126615
10.0,2.0,15.8,50.76,0.0,2.6,2.44,0.3,0.08860759493670886,batch,421000032,Round Robin,0.32041069775903935,0.22003808855478654,0.21437508074999273,0.16446499339498016,0.2902906208718626,0.7564870259481038
10.0,1.4285714285714286,20.9,64.49,0.0,2.8,2.36,0.5,0.09090909090909091,batch,421000033,Round Robin,0.2567190419256458,0.18597951344430216,0.2280912886406777,0.13642384105960265,0.295916114790287,0.7548015364916774
10.0,2.5,20.7,121.61,0.0,2.6,3.24,0.4,0.057971014492753624,batch,421000034,Round Robin,0.32302653176948104,0.19789372645609968,0.20268395409914344,0.154236428209031,0.3017503805175038,0.7558823529411764
10.0,2.5,16.7,17.61,0.0,3.6,1.24,0.1,0.011976047904191617,batch,421000035,Round Robin,0.2474676258992806,0.2050264676511156,0.18853237410071944,0.15175,0.2895,0.7640287769784173
10.0,1.25,27.2,83.56,0.0,2.9,2.49,0.8,0.10294117647058823,batch,421000036,Round Robin,0.23378551841049977,0.23056326207148678,0.20990234244438322,0.14123917388407728,0.2974683544303797,0.7590191657271703
10.0,1.4285714285714286,18.5,68.85,0.0,2.7,1.41,0.4,0.07027027027027027,batch,421000037,Round Robin,0.2688440775965344,0.17040951122853368,0.15397897524069515,0.14440133037694014,0.32885367304865404,0.7546235138705416
10.0,2.0,15.2,24.76,0.0,2.7,1.61,0.2,0.046052631578947366,batch,421000038,Round Robin,0.2037592859143909,0.1790983606557377,0.21942168919114738,0.1405421331761933,0.30215085444902773,0.7549180327868852
10.0,2.0,23.2,52.16,0.0,2.6,1.64,0.6,0.07758620689655173,batch,421000039,Round Robin,0.22218864551240244,0.21004283008949154,0.2659661348316699,0.14347484276729555,0.28345284013439376,0.751787842669845
10.0,1.25,21.6,75.04,0.0,2.6,1.84,0.5,0.06944444444444445,batch,421000040,Round Robin,0.25456822870615975,0.21397736261714312,0.2010511838098045,0.14456233421750664,0.29398762157382846,0.7538314176245211
10.0,1.6666666666666667,14.8,54.16,0.0,3.2,1.96,0.3,0.07432432432432433,batch,421000041,Round Robin,0.30964020589224284,0.20610779696493983,0.2065147478509782,0.1574144486692015,0.29182509505703425,0.7715419501133787
10.0,2.0,20.3,59.81,0.0,2.5,1.25,0.5,0.08374384236453201,batch,421000042,Round Robin,0.25599862334133855,0.24149727647136973,0.2689214758751183,0.13978240302743614,0.268950282609223,0.7556089743589743
10.0,2.0,20.3,78.21,0.0,2.9,2.09,0.4,0.07389162561576355,batch,421000043,Round Robin,0.246359702619504,0.19494147157190633,0.17108127141778473,0.13016204913748042,0.2790120230005228,0.75625
10.0,1.25,21.1,48.49,0.0,2.4,2.04,0.5,0.07109004739336493,batch,421000044,Round Robin,0.21933776794548843,0.1824748743718593,0.23326191360931917,0.1345657781599312,0.298229323060729,0.7547110552763818
10.0,1.4285714285714286,18.2,45.76,0.0,3.2,2.76,0.4,0.09340659340659341,batch,421000045,Round Robin,0.2591931813564143,0.2,0.17815576769320823,0.14685684099313256,0.28697834125726357,0.7638461538461538
10.0,2.0,22.8,47.16,0.0,3.2,2.16,0.6,0.08771929824561403,batch,421000046,Round Robin,0.22366601804951464,0.21432705330968083,0.2503774443228418,0.14483030781373324,0.2910418310970797,0.7622315035799523
10.0,5.0,23,69.6,0.0,2.7,1.61,0.5,0.09565217391304348,batch,421000047,Round Robin,0.28894699204433716,0.22091503267973855,0.2721002318868014,0.14883346741753822,0.2811745776347546,0.753921568627451
10.0,2.0,19.9,64.09,0.0,2.3,1.41,0.6,0.11055276381909548,batch,421000048,Round Robin,0.2666851303299774,0.2100474683544304,0.23982762084080375,0.1350071056371388,0.2975459545130254,0.7543512658227849
10.0,2.0,23.7,102.01,0.0,2.8,1.56,0.5,0.08860759493670886,batch,421000049,Round Robin,0.26705698111138526,0.22323484661567555,0.1802248677248677,0.14011226252158895,0.2666234887737478,0.7569444444444444
10.0,1.6666666666666667,20.9,64.29,0.0,3.4,1.64,0.5,0.06220095693779904,batch,421000050,Round Robin,0.18218184233639137,0.16718745323250192,0.19477941075685576,0.1339854413102821,0.31820196447573684,0.7630359212050986
10.0,5.0,20.7,48.01,0.0,2.8,2.16,0.5,0.0821256038647343,batch,421000051,Round Robin,0.24557623099732195,0.1802191464821223,0.2302548940567686,0.13969957081545067,0.31244635193133047,0.7546136101499423
10.0,2.0,23.9,51.49,0.0,3.9,1.29,0.7,0.08786610878661087,batch,421000052,Round Robin,0.19807629053971715,0.18987704856227194,0.17088266953713668,0.12684589170768648,0.2789663006436956,0.7653390742734123
10.0,1.4285714285714286,19.8,43.76,0.0,2.8,1.76,0.4,0.08080808080808081,batch,421000053,Round Robin,0.2420718168744765,0.209915611814346,0.20813009839645302,0.13670411985018727,0.2839419475655431,0.7542194092827004
10.0,2.0,19.5,26.45,0.0,3.1,1.69,0.5,0.08717948717948718,batch,421000054,Round Robin,0.27309188486866137,0.22837243401759533,0.2664590747330961,0.14857651245551604,0.2586208920800242,0.7595307917888563
10.0,1.1111111111111112,21.1,83.69,0.0,2.8,1.76,0.5,0.08056872037914692,batch,421000055,SRTF,0.23323636445323032,0.1709739807029049,0.1347592629560988,0.14507892293407615,0.3152274837511606,0.7528801843317972
10.0,1.6666666666666667,16.9,52.09,0.0,2.6,1.44,0.5,0.10059171597633136,batch,421000056,Round Robin,0.2313652938652939,0.19148620398923577,0.21517205981491697,0.14654654654654653,0.3047604243403193,0.7602040816326531
10.0,1.6666666666666667,19.3,35.21,0.0,2.9,2.09,0.6,0.10362694300518134,batch,421000057,Round Robin,0.23420710194598904,0.21301070005787,0.23023998468427875,0.13058991436726924,0.29376784015223595,0.75
10.0,3.3333333333333335,18.4,53.44,0.0,3.1,1.29,0.2,0.043478260869565216,batch,421000058,Round Robin,0.24268188458178974,0.16605392156862747,0.2025211966507033,0.1518177163338454,0.3206605222734255,0.7610294117647058
10.0,2.0,17.4,53.04,0.0,3,3.2,0.5,0.12643678160919541,batch,421000059,Round Robin,0.244648377627101,0.2055860805860806,0.20963551814615644,0.13356973995271867,0.2910756501182033,0.7641941391941391
10.0,2.0,23.1,48.09,0.0,3,2,0.7,0.13852813852813853,batch,421000060,Round Robin,0.24859860448001928,0.2139451728247914,0.23407036945118834,0.14236771983250857,0.2983786872743436,0.7541716328963051
10.0,2.5,22.2,31.16,0.0,3.3,1.61,0.5,0.0945945945945946,batch,421000061,Round Robin,0.23478071504317527,0.23303019439462436,0.17031226329344037,0.1467391304347826,0.28891742315655355,0.7551829268292682
10.0,2.0,21.3,66.21,0.0,2.7,1.01,0.6,0.09389671361502347,batch,421000062,Round Robin,0.26100099884032946,0.23743102084790516,0.23922913651099997,0.1442350829968596,0.31050265900825147,0.7555031446540881
10.0,1.25,28.8,58.96,0.0,2.6,1.44,0.8,0.08680555555555555,batch,421000063,Round Robin,0.2264268567321105,0.21393693704896563,0.14771475841439116,0.13931701420368692,0.26692354185554545,0.756120527306968
10.0,1.4285714285714286,21.4,51.44,0.0,2.6,2.64,0.5,0.08878504672897196,batch,421000064,Round Robin,0.25314651462994836,0.2120678087748861,0.1803233341529383,0.1430722891566265,0.2874354561101549,0.7576530612244898
10.0,2.5,19,89.8,0.0,2.8,1.96,0.4,0.06842105263157895,batch,421000065,Round Robin,0.2955774678295309,0.19841930116472545,0.21364360311634117,0.14428134317524482,0.2872392509367151,0.75
10.0,1.4285714285714286,26.5,95.05,0.0,2.8,1.56,0.8,0.10943396226415095,batch,421000066,Round Robin,0.2343732419047308,0.18987529644830084,0.15363292381505012,0.13469096105752054,0.30769917827795645,0.7566603235014272
10.0,1.4285714285714286,22,76.2,0.0,2.6,1.84,0.6,0.11818181818181818,batch,421000067,Round Robin,0.2492969728375869,0.19677419354838707,0.20762879474888804,0.14056224899598396,0.29819277108433734,0.7580645161290323
10.0,2.5,22.5,106.05,0.0,2.7,1.81,0.6,0.08444444444444445,batch,421000068,Round Robin,0.2779361428663183,0.2730475146647446,0.178060413354531,0.1311847480708125,0.30180300457462617,0.75
10.0,3.3333333333333335,20,79.2,0.0,3.2,1.76,0.5,0.07,batch,421000069,Round Robin,0.21368832559117584,0.17795943231584843,0.18057848858026118,0.1466565349544073,0.3328267477203648,0.7584905660377359
10.0,1.4285714285714286,19,42,0.0,3.6,1.44,0.4,0.08421052631578947,batch,421000070,Round Robin,0.2245638207805575,0.20916795069337446,0.2383864123061321,0.14397649363369247,0.2850146914789422,0.7673343605546996
10.0,2.0,24,65,0.0,2.8,2.36,0.6,0.10416666666666667,batch,421000071,Round Robin,0.22722971926261257,0.16909005628517823,0.16342031430194331,0.14146788990825687,0.34211009174311924,0.7532833020637899
10.0,2.0,27.6,67.24,0.0,3.7,1.81,0.7,0.09057971014492754,batch,421000072,Round Robin,0.2152664092038895,0.1782051282051282,0.2014937024172894,0.13909062203978528,0.30146826649826336,0.7608974358974359
10.0,1.4285714285714286,24.1,52.49,0.0,2.6,2.44,0.7,0.0995850622406639,batch,421000073,Round Robin,0.23176762337806905,0.21105285283912684,0.22228519939708652,0.1444728201386355,0.3054542137905874,0.7511135857461024
10.0,1.6666666666666667,20.3,72.81,0.0,3,2.2,0.3,0.04926108374384237,batch,421000074,Round Robin,0.2677756134583105,0.19853722555443243,0.1825997248968363,0.12723100458949518,0.26300356960734317,0.7582530949105915
10.0,2.5,20.2,61.96,0.0,3.3,2.21,0.4,0.08415841584158416,batch,421000075,Round Robin,0.25259555261036415,0.18807040417209908,0.21733803893359707,0.15021256495040153,0.29227680680207846,0.7617340286831813
10.0,1.6666666666666667,20.4,121.44,0.0,3,1,0.4,0.0784313725490196,batch,421000076,Round Robin,0.2620775925860671,0.159387222946545,0.1704517424856408,0.14163201663201663,0.3770790020790021,0.7558670143415906
10.0,1.6666666666666667,20.6,52.64,0.0,3.3,2.41,0.4,0.07281553398058252,batch,421000077,Round Robin,0.2063853031688254,0.17440543601359002,0.23060073576308138,0.14496788008565312,0.3115895053615491,0.7607587768969423
10.0,1.4285714285714286,16.3,40.41,0.0,2.9,1.69,0.2,0.03680981595092025,batch,421000078,Round Robin,0.30885747259088286,0.23171780974363201,0.2401304887859097,0.1454125793421812,0.23956329742899277,0.7569444444444444
10.0,2.5,18.8,81.36,0.0,2.7,1.41,0.5,0.0851063829787234,batch,421000079,Round Robin,0.28565627131899035,0.23207457639763548,0.20241913342984078,0.14855072463768115,0.2879041248606466,0.759794776119403
10.0,1.6666666666666667,18.8,83.36,0.0,3,1.8,0.4,0.09574468085106383,batch,421000080,Round Robin,0.2190437749302319,0.15312093628088427,0.16655696147046362,0.14747191011235955,0.3449438202247191,0.7607282184655397
10.0,5.0,19.3,43.01,0.0,2.7,1.81,0.4,0.06735751295336788,batch,421000081,Round Robin,0.27960454965834314,0.20934212845977548,0.21088278541820527,0.14346793349168646,0.28467933491686465,0.75
10.0,1.6666666666666667,23.9,113.09,0.0,2.3,2.61,0.6,0.11297071129707113,batch,421000082,Round Robin,0.21960362885439288,0.18884892086330934,0.21710620033264658,0.1349856616140926,0.30059401884473574,0.7535971223021583
10.0,1.25,22.3,52.61,0.0,3.2,1.96,0.7,0.10762331838565023,batch,421000083,Round Robin,0.2610039650460022,0.2217687074829932,0.2210581888373781,0.13884397736459175,0.2778780590102172,0.7561224489795919
10.0,1.6666666666666667,20.9,108.49,0.0,2.9,1.69,0.3,0.03827751196172249,batch,421000084,Round Robin,0.2743640455568438,0.15180667787048868,0.16602730228011547,0.15053763440860216,0.3477517106549365,0.7542283298097252
10.0,2.5,20.6,50.44,0.0,2.2,1.36,0.6,0.10194174757281553,batch,421000085,Round Robin,0.2058042076169836,0.21214750988148515,0.19812270988216737,0.14208389715832206,0.287212449255751,0.7539840637450199
10.0,1.25,23.2,49.16,0.0,2.7,1.41,0.6,0.09913793103448276,batch,421000086,Round Robin,0.2029036122530407,0.22030026109660575,0.21117300475093825,0.1369207200306396,0.2829375718115664,0.7571801566579635
10.0,2.0,20.1,59.89,0.0,2.6,1.24,0.4,0.06467661691542288,batch,421000087,Round Robin,0.28018815338339537,0.20797101449275363,0.2649066069287562,0.1562651185292695,0.30675792820198655,0.7576086956521739
10.0,2.0,23.4,76.04,0.0,2.9,2.29,0.8,0.1452991452991453,batch,421000088,Round Robin,0.23582209104765633,0.18219866071428573,0.2080653628602058,0.13390759592795615,0.3296297506552612,0.7561383928571428
10.0,3.3333333333333335,16.5,43.65,0.0,3.2,1.16,0.2,0.024242424242424242,batch,421000089,Round Robin,0.2777228475813812,0.20921052631578949,0.2148894635432512,0.14566473988439305,0.2828770205254232,0.762280701754386
10.0,1.4285714285714286,21.3,122.21,0.0,2.7,1.21,0.5,0.09859154929577464,batch,421000090,Round Robin,0.23981432518344672,0.16934019528184385,0.16608478654823092,0.13658536585365852,0.3265853658536585,0.7506090133982948
10.0,2.5,20.1,20.89,0.0,3.3,0.81,0.5,0.07960199004975124,batch,421000091,Round Robin,0.22831606290060596,0.23328488372093026,0.2863864491844416,0.14408197406942702,0.27432283004094815,0.7601744186046512
10.0,2.0,18.2,70.96,0.0,3,1.6,0.4,0.08791208791208792,batch,421000092,Round Robin,0.25928408046857054,0.20590288748205984,0.22585087193960524,0.13541076487252124,0.2917715709648643,0.7563344594594594
10.0,2.0,28.6,37.24,0.0,2.6,0.64,0.8,0.10139860139860139,batch,421000093,Round Robin,0.2461752084393594,0.23651348651348653,0.26074711452069943,0.13965122927387078,0.29373927958833623,0.752997002997003
10.0,2.0,18.3,56.61,0.0,4.1,1.29,0.4,0.0546448087431694,batch,421000094,Round Robin,0.24354793913872436,0.16689373297002724,0.212786838873177,0.15371900826446283,0.3392561983471074,0.7752043596730245
10.0,2.5,17.9,58.09,0.0,3.1,2.29,0.4,0.09497206703910614,batch,421000095,Round Robin,0.2226201372997712,0.18556211745805473,0.17542715484363083,0.13736842105263158,0.30394736842105263,0.7557971014492754
10.0,1.6666666666666667,20.5,72.85,0.0,3,2,0.5,0.11219512195121951,batch,421000096,Round Robin,0.18722016167379935,0.19624226804123712,0.18440893961008084,0.13884926295767946,0.3068691514435214,0.7523333333333333
10.0,3.3333333333333335,22.3,47.81,0.0,2.9,1.29,0.6,0.09865470852017937,batch,421000097,Round Robin,0.2257048956805845,0.24670897805310266,0.27791196287954795,0.14728525121555916,0.2955834683954619,0.759018759018759
10.0,2.5,24.5,71.65,0.0,3.4,1.44,0.7,0.08571428571428572,batch,421000098,Round Robin,0.23300568611243552,0.1980624327233584,0.20765865491961105,0.1528046421663443,0.29642166344294,0.7604951560818084
10.0,1.25,22.1,52.09,0.0,2.9,2.09,0.6,0.08144796380090498,batch,421000099,Round Robin,0.24398016320446422,0.2225775067000976,0.27902899076958354,0.1406316688006829,0.27556092740336785,0.7594979647218454
10.0,1.6666666666666667,20.9,42.09,0.0,2.7,0.61,0.7,0.11004784688995216,batch,421000100,Round Robin,0.23161211064436876,0.2371440370511649,0.17172267575493383,0.12685265911072363,0.27593722755013084,0.7529325513196481
10.0,2.0,21.3,47.61,0.0,2.7,0.81,0.6,0.09389671361502347,batch,421000101,Round Robin,0.281548909512091,0.19122911694510739,0.1786646859933902,0.14304235090751943,0.3108225277493924,0.7571599045346062
10.0,2.5,21.3,54.01,0.0,3.2,1.16,0.5,0.08450704225352113,batch,421000102,Round Robin,0.21853797594936353,0.2173434456290423,0.23547102684217794,0.1437686091025096,0.29359846873670775,0.7572847682119206
10.0,1.4285714285714286,19.8,59.36,0.0,2.4,1.64,0.4,0.0707070707070707,batch,421000103,Round Robin,0.26525604996096797,0.18666666666666668,0.20751131928181107,0.1386416861826698,0.30156142262814967,0.754
10.0,2.5,20.8,45.36,0.0,2.7,2.41,0.7,0.1346153846153846,batch,421000104,Round Robin,0.216023606023606,0.21781258388157065,0.18895909645909648,0.14417582417582414,0.29945054945054944,0.7546296296296297
10.0,5.0,25.2,81.36,0.0,2.8,1.96,0.6,0.07936507936507936,batch,421000105,Round Robin,0.21936183498944214,0.1832023575638507,0.21040168125172298,0.14568678267308405,0.3062754535357275,0.7539292730844793
10.0,1.25,18.5,53.45,0.0,2.9,1.69,0.3,0.05405405405405406,batch,421000106,Round Robin,0.2580137526335518,0.1961308006371265,0.221971253893779,0.1467938526762056,0.30617382087970324,0.7535868005738882
10.0,1.6666666666666667,23,69.6,0.0,3.6,1.24,0.7,0.1,batch,421000107,Round Robin,0.2114700065919578,0.19725609756097562,0.19979150436467508,0.14414414414414414,0.2858312858312858,0.7594512195121952
10.0,2.5,21.8,66.36,0.0,2.7,1.21,0.6,0.11009174311926606,batch,421000108,Round Robin,0.2147016702768738,0.19131667110750994,0.20248556845150534,0.13298565840938725,0.2958496305953933,0.754265091863517
10.0,2.5,17.8,32.76,0.0,3.3,2.41,0.4,0.0898876404494382,batch,421000109,Round Robin,0.23838241524711323,0.2255242778404363,0.24628985453640623,0.14756224066390042,0.2769709543568465,0.7601296596434359
10.0,2.0,25.8,68.16,0.0,3.3,1.41,0.8,0.12403100775193798,batch,421000110,SRTF,0.2112613971327536,0.18762230919765166,0.12665592552810598,0.1308628714643752,0.32250268528464016,0.7602739726027397
10.0,3.3333333333333335,17.7,74.41,0.0,2.8,1.56,0.3,0.04519774011299435,batch,421000111,Round Robin,0.22943541491123742,0.16454387909576126,0.18326798386007273,0.1502575844304522,0.3372925014310246,0.7513642564802183
10.0,1.25,19.1,55.69,0.0,2.6,1.44,0.4,0.08900523560209424,batch,421000112,Round Robin,0.22680108319703993,0.18184885290148445,0.17839012967977763,0.14365766683647474,0.31153369862786756,0.7574224021592443
10.0,2.0,23.3,71.21,0.0,2.5,1.65,0.8,0.13304721030042918,batch,421000113,Round Robin,0.24052361556158752,0.2076379974326059,0.19560347371251938,0.13337574215436812,0.2924088210347752,0.753209242618742
10.0,5.0,20.5,64.05,0.0,2.8,2.16,0.4,0.06829268292682927,batch,421000114,Round Robin,0.26314732449007583,0.18136645962732922,0.22677763191410152,0.14578639026588552,0.3094862550698513,0.7562111801242236
10.0,1.6666666666666667,17.6,82.84,0.0,3.2,0.76,0.2,0.03977272727272727,batch,421000115,Round Robin,0.3088235294117647,0.20506429077655158,0.20571730535615823,0.1669653948341745,0.29701476409869143,0.7633390705679862
10.0,2.0,19.5,71.85,0.0,3.6,1.64,0.3,0.035897435897435895,batch,421000116,Round Robin,0.29890996802761505,0.228462875678333,0.2699155419743655,0.1530987394957983,0.28125,0.7634680134680134
10.0,1.6666666666666667,18,59,0.0,3.4,2.24,0.4,0.07777777777777778,batch,421000117,Round Robin,0.2483120119874525,0.1555482166446499,0.1869456253699296,0.14008394543546693,0.3344700944386149,0.7612285336856011
10.0,1.6666666666666667,24.5,54.85,0.0,3.1,1.09,0.7,0.11836734693877551,batch,421000118,Round Robin,0.2549358609916061,0.23149309912170643,0.2481501652864285,0.13634665670526708,0.2864213672020919,0.7531367628607277
10.0,2.5,23.1,42.49,0.0,2.6,1.84,0.7,0.10822510822510822,batch,421000119,Round Robin,0.22736031498692189,0.21412896142490556,0.2432644976384059,0.14627970393455395,0.284642426370807,0.7543202764976958
10.0,1.6666666666666667,24.4,46.04,0.0,3,2.4,0.7,0.0942622950819672,batch,421000120,Round Robin,0.2430916661503282,0.19879659668285926,0.21036866933891693,0.14667141331434677,0.294499822000712,0.754119464469619
10.0,1.6666666666666667,25.5,40.05,0.0,2.8,1.16,0.7,0.10980392156862745,batch,421000121,Round Robin,0.23943226763348716,0.24573170731707317,0.23002636783124586,0.13817567567567568,0.2738175675675676,0.7515243902439024
10.0,1.6666666666666667,22.6,57.84,0.0,3,1.2,0.5,0.06637168141592921,batch,421000122,Round Robin,0.23473300548911472,0.21586345381526104,0.21810675722142975,0.13211798443260964,0.3020278574354773,0.7580321285140562
10.0,2.0,23.4,109.24,0.0,3.2,1.96,0.6,0.08547008547008547,batch,421000123,Round Robin,0.23962430847989433,0.2009090909090909,0.16407976219965323,0.13987284287011806,0.2964530012511552,0.7560606060606061
10.0,2.0,27.2,67.36,0.0,2.9,1.29,0.7,0.10661764705882353,batch,421000124,Round Robin,0.23022917571630724,0.22832584741800088,0.1997958437189807,0.13601596275357497,0.27677086797472567,0.754343105320304
10.0,2.0,21.1,50.49,0.0,3.3,1.81,0.6,0.11848341232227488,batch,421000125,Round Robin,0.2733716704096608,0.23614450280652766,0.26652968495265517,0.14982425307557118,0.2897627416520211,0.76410998552822
10.0,1.6666666666666667,21.3,63.61,0.0,3.5,2.05,0.4,0.08450704225352113,batch,421000126,Round Robin,0.280842628137031,0.21567129256234113,0.22751069592993928,0.14928602336650798,0.28721332756382517,0.7577120822622108
10.0,2.5,18.4,76.04,0.0,3.4,1.84,0.3,0.043478260869565216,batch,421000127,Round Robin,0.22036171791133477,0.16208872553084588,0.19199643026839996,0.14349657714586625,0.32767245918904686,0.7651028277634961
10.0,1.6666666666666667,22.8,18.16,0.0,2.2,1.36,0.8,0.11403508771929824,batch,421000128,Round Robin,0.2378065132623337,0.23166308887435108,0.23849236317679512,0.13629918468628147,0.2858029067706487,0.7506211180124224
10.0,2.0,19.3,76.61,0.0,2.7,1.61,0.5,0.09844559585492228,batch,421000129,Round Robin,0.30778803007928607,0.20210065032820515,0.19584849128233078,0.15176223040505,0.30903623160987703,0.7552710843373494
10.0,1.4285714285714286,21.3,65.81,0.0,2.9,2.09,0.5,0.07042253521126761,batch,421000130,Round Robin,0.2307333232540308,0.18048926014319805,0.18760056804069156,0.12963800904977374,0.30588235294117644,0.7547732696897375
10.0,2.0,23.7,68.41,0.0,3.4,1.84,0.7,0.10548523206751055,batch,421000131,Round Robin,0.2252543072488643,0.18621921045833142,0.20220348795056578,0.14075165806927045,0.30619012527634487,0.7623945147679325
10.0,1.6666666666666667,15.3,42.61,0.0,3,1.8,0.2,0.05228758169934641,batch,421000132,Round Robin,0.2433910898688964,0.20672097759674135,0.22548907981864516,0.14353015075376885,0.2839195979899497,0.7561099796334012
10.0,2.5,19.9,61.29,0.0,2.8,2.16,0.5,0.09045226130653267,batch,421000133,Round Robin,0.307057750694947,0.20622067965556076,0.21115106184694346,0.15176413726437887,0.291565973900435,0.7572513812154695
10.0,2.5,21.6,72.64,0.0,3,1.8,0.5,0.10648148148148148,batch,421000134,Round Robin,0.24500237038386724,0.21099842235744876,0.21086589026050603,0.1486129458388375,0.31669805051839395,0.7544699872286079
10.0,2.0,16.4,37.44,0.0,3.6,1.24,0.2,0.03048780487804878,batch,421000135,Round Robin,0.2775291902071563,0.23163841807909605,0.26390003878032586,0.1596923076923077,0.25033926810091117,0.78060263653484
10.0,3.3333333333333335,22.5,51.45,0.0,2.6,1.04,0.4,0.057777777777777775,batch,421000136,Round Robin,0.23760580778314344,0.23729395604395603,0.2643299967045642,0.14244521337946944,0.2970972702806613,0.7541208791208791
10.0,3.3333333333333335,21.2,36.56,0.0,2.9,2.69,0.5,0.08490566037735849,batch,421000137,Round Robin,0.30382013201320124,0.20666666666666664,0.21878562856285627,0.14500825082508254,0.28114686468646866,0.7572727272727273
10.0,1.25,25.4,66.44,0.0,2.8,1.76,0.6,0.07480314960629922,batch,421000138,Round Robin,0.21862877072752862,0.22315091881001972,0.1740255766995044,0.13140794223826713,0.2931407942238267,0.7511299435028249
10.0,1.6666666666666667,19.5,78.45,0.0,3.1,2.09,0.4,0.05128205128205128,batch,421000139,Round Robin,0.21483517187362752,0.16426283143500522,0.17091455484632878,0.13079866092778578,0.3360832137733142,0.7554209183673469
10.0,2.0,17.3,25.01,0.0,3.4,2.44,0.5,0.08092485549132948,batch,421000140,Round Robin,0.22269195874867928,0.21929096352749045,0.2511147897075133,0.14906518443658412,0.28815058110156644,0.7662337662337662
10.0,5.0,22.6,86.64,0.0,2.3,2.61,0.6,0.084070796460177,batch,421000141,Round Robin,0.2349879047563902,0.199936628643853,0.1948398346541789,0.14509306260575297,0.2952622673434856,0.7512674271229405
10.0,1.4285714285714286,19.2,43.36,0.0,2.8,1.36,0.6,0.125,batch,421000142,Round Robin,0.28587538557286357,0.22004994953896517,0.24879408039969161,0.13620940378090163,0.2809374592973413,0.7558502340093604
10.0,2.5,19.6,68.44,0.0,3.6,2.64,0.4,0.07142857142857142,batch,421000143,Round Robin,0.24051706955952276,0.20708078286419027,0.22299505068116585,0.13899803536345773,0.2959233791748527,0.7684782608695653
10.0,3.3333333333333335,20.4,50.84,0.0,3.1,2.49,0.5,0.06862745098039216,batch,421000144,Round Robin,0.2098363628605564,0.18493944071379087,0.13017006880732215,0.11481481481481481,0.2934672815107598,0.7586405529953917
10.0,1.4285714285714286,19.9,58.09,0.0,2.8,2.76,0.4,0.08040201005025126,batch,421000145,Round Robin,0.2476663482967208,0.2074074074074074,0.2462103364109095,0.14565425023877748,0.29608404966571156,0.7581481481481481
10.0,1.25,20.3,62.01,0.0,3,3,0.4,0.09359605911330049,batch,421000146,Round Robin,0.20514115629176935,0.18666219839142087,0.21947376079403955,0.1361671469740634,0.303805157477545,0.7553619302949062
10.0,1.6666666666666667,22.6,73.84,0.0,2.4,1.84,0.6,0.09292035398230089,batch,421000147,Round Robin,0.2261949077582208,0.18337645536869343,0.14394341889551887,0.12472160356347436,0.2847073835679005,0.7554980595084089
10.0,1.6666666666666667,24.5,55.45,0.0,3.1,1.69,0.7,0.10612244897959183,batch,421000148,Round Robin,0.23712854218110613,0.2257227324207037,0.20844930110565713,0.14100666173205031,0.2716506291635825,0.7563731170336037
10.0,1.25,22.1,74.89,0.0,3.8,1.76,0.6,0.1085972850678733,batch,421000149,Round Robin,0.2633071246890802,0.19714881780250348,0.23629632659739835,0.14310798946444253,0.3156277436347673,0.7673852573018081
10.0,2.0,26.4,24.44,0.0,3.1,1.69,0.9,0.09848484848484848,batch,421000150,Round Robin,0.22787299315926476,0.2367710995651447,0.20946860640443232,0.14096846129340557,0.2706128375252195,0.7523419203747073
10.0,1.4285714285714286,22.1,62.49,0.0,1.7,1.61,0.8,0.11312217194570136,batch,421000151,Round Robin,0.24031152251400306,0.20028612303290416,0.19440648236163102,0.1271186440677966,0.3277542372881356,0.7542918454935622
10.0,2.5,21.3,51.41,0.0,2.9,1.49,0.7,0.10328638497652583,batch,421000152,Round Robin,0.23426198630136988,0.2177821565407772,0.22687785388127854,0.1421232876712329,0.2840325342465754,0.7576666666666667
10.0,2.5,21.4,59.84,0.0,2.8,1.76,0.4,0.07009345794392523,batch,421000153,Round Robin,0.21141338251647726,0.20356179984074962,0.2582508340340124,0.14927717052266132,0.29475982532751094,0.75
10.0,1.6666666666666667,22.4,93.84,0.0,3.5,1.85,0.5,0.08482142857142858,batch,421000154,Round Robin,0.28811813560058913,0.24299497577666945,0.2662678793659075,0.15087956698240867,0.281574199368516,0.7643072289156627
10.0,2.0,24.6,28.44,0.0,3.2,1.76,0.7,0.09349593495934959,batch,421000155,Round Robin,0.23224119775843916,0.24169827328408666,0.26064801926870895,0.14461214461214464,0.2601790101790102,0.7592364532019704
10.0,2.0,24.8,48.36,0.0,2.5,1.45,0.9,0.11290322580645161,batch,421000156,Round Robin,0.21787489636499113,0.20742582927144887,0.18781033656453006,0.14031218187987785,0.31243975221947573,0.7536082474226804
10.0,2.5,22.7,80.21,0.0,3.4,2.24,0.6,0.07929515418502203,batch,421000157,Round Robin,0.30126652200622234,0.234568221614953,0.22564180686839866,0.15013227513227514,0.2802028218694886,0.7622893258426966
10.0,2.0,19.7,116.81,0.0,3.3,1.61,0.4,0.07106598984771574,batch,421000158,SRTF,0.1498719878504087,0.13285410010649626,0.0948465230050098,0.12534359538207807,0.3709455744914788,0.7601171458998934
10.0,2.0,22,66.8,0.0,3.8,1.16,0.6,0.09545454545454546,batch,421000159,Round Robin,0.2854345605206402,0.2555069564404286,0.24601086418486756,0.16486729644624384,0.26844354475933424,0.7745327102803738
10.0,3.3333333333333335,19.4,77.64,0.0,2.4,1.04,0.4,0.07731958762886598,batch,421000160,Round Robin,0.2449439857445219,0.17582353789250343,0.19491378182129981,0.14336193841494196,0.3204189803129733,0.7544699872286079
10.0,3.3333333333333335,23.6,57.24,0.0,3.1,1.29,0.7,0.09322033898305085,batch,421000161,Round Robin,0.23093968984211838,0.18710691823899372,0.21118587576964204,0.14318268135206988,0.30666131188159496,0.7573375262054507
10.0,2.5,25.7,58.41,0.0,2.8,2.16,0.6,0.08560311284046693,batch,421000162,Round Robin,0.2483118330944418,0.22197802197802197,0.2593300419387376,0.1438923395445135,0.2772601794340925,0.7527472527472527
10.0,1.6666666666666667,24.5,92.45,0.0,3.3,1.61,0.5,0.06938775510204082,batch,421000163,Round Robin,0.25009416004927243,0.23299720946748734,0.21427405516790396,0.1406685236768802,0.30748088202218027,0.7582802547770701
10.0,1.4285714285714286,20.8,64.96,0.0,2.5,1.65,0.4,0.08653846153846154,batch,421000164,Round Robin,0.2701030823094477,0.21893060647446308,0.17660857908847183,0.13573725310059717,0.2922599908130455,0.7580428954423593
10.0,1.6666666666666667,19.3,39.61,0.0,3.3,2.21,0.5,0.08290155440414508,batch,421000165,Round Robin,0.25796009619518634,0.2027220630372493,0.2457612955838421,0.14448209099709583,0.29211035818005804,0.7625358166189111
10.0,2.5,19.8,81.36,0.0,2.2,1.36,0.4,0.06565656565656566,batch,421000166,Round Robin,0.3060586978596579,0.21050488599348532,0.2525114072452492,0.14448380566801616,0.28340080971659914,0.752442996742671
10.0,1.6666666666666667,22.1,71.89,0.0,2.9,1.89,0.5,0.08597285067873303,batch,421000167,Round Robin,0.26494952544667427,0.18568912144207322,0.2032393159870231,0.13711036225779274,0.29633529907329403,0.7624277456647399
10.0,1.6666666666666667,16.5,32.45,0.0,3.1,1.69,0.3,0.07272727272727272,batch,421000168,Round Robin,0.24218133004252293,0.21192377405894078,0.24577740902596606,0.15216104203670816,0.2935168738898757,0.7634907251264755
10.0,2.5,24,90.4,0.0,2.7,2.21,0.7,0.11666666666666667,batch,421000169,Round Robin,0.2079109731434084,0.20494542388478001,0.1649358903050385,0.14294428629524197,0.3058592674210165,0.7533632286995515
10.0,2.0,22.2,50.96,0.0,2.6,2.84,0.6,0.1036036036036036,batch,421000170,Round Robin,0.2293996779889582,0.18569636135508155,0.20597227670590487,0.1356404136833731,0.27844073190135243,0.7581555834378921
10.0,1.6666666666666667,14.6,26.04,0.0,2.5,2.25,0.1,0.02054794520547945,batch,421000171,SRTF,0.26663090542824724,0.2206333468031775,0.1385542168674699,0.14221652786675204,0.29740550928891735,0.7564543889845095
10.0,2.5,19,40.4,0.0,2.8,0.96,0.3,0.06842105263157895,batch,421000172,Round Robin,0.23747565333146498,0.2071259559593307,0.21861863444318136,0.13683178028445317,0.27133398724865126,0.7607142857142857
10.0,1.6666666666666667,22.3,64.41,0.0,2.3,2.01,0.5,0.07174887892376682,batch,421000173,Round Robin,0.2168292682926829,0.21139103453824953,0.23600180127086656,0.13800813008130083,0.315650406504065,0.753125
10.0,1.4285714285714286,19.3,30.01,0.0,3.2,2.36,0.5,0.09844559585492228,batch,421000174,Round Robin,0.24032239500741726,0.20628612716763006,0.23443502965557533,0.14927806241266883,0.28446669771774574,0.7579479768786127
10.0,2.5,20.1,53.09,0.0,2.8,2.36,0.5,0.08955223880597014,batch,421000175,Round Robin,0.2920943675225165,0.22391957722751393,0.1916494152439844,0.14511627906976743,0.2744186046511628,0.7536127167630058
10.0,1.25,21.1,82.89,0.0,3.4,1.84,0.5,0.08056872037914692,batch,421000176,Round Robin,0.24703522836703062,0.1734899846126206,0.1918767811454545,0.14808043875685556,0.31672760511882997,0.759512485136742
10.0,1.6666666666666667,21.7,59.21,0.0,2.5,1.25,0.7,0.07834101382488479,batch,421000177,Round Robin,0.23701518842929614,0.19084682440846823,0.1921240189891932,0.14240771812080538,0.32822986577181207,0.7512453300124533
10.0,2.5,20.3,97.01,0.0,2.8,2.36,0.3,0.054187192118226604,batch,421000178,Round Robin,0.2682609934749504,0.2309913704507865,0.20587977574927477,0.14841722885313957,0.27542812662169175,0.7516393442622951
10.0,2.0,19,74.6,0.0,3.2,1.96,0.4,0.07894736842105263,batch,421000179,Round Robin,0.2686029857038329,0.21775544388609713,0.2059439798269325,0.14853017019082002,0.27656008251676123,0.7642378559463987
10.0,2.5,24,102.8,0.0,3.1,1.49,0.7,0.09583333333333334,batch,421000180,SRTF,0.24244479364816804,0.1781542056074766,0.10220153419899099,0.12986725663716814,0.30445245816679883,0.7581775700934579
10.0,1.6666666666666667,23.9,81.09,0.0,2.6,1.64,0.5,0.08368200836820083,batch,421000181,Round Robin,0.22427903822422804,0.20161290322580644,0.15923199615748856,0.1245259165613148,0.305204382638011,0.75
10.0,1.6666666666666667,21.1,50.89,0.0,2.2,1.76,0.6,0.10426540284360189,batch,421000182,Round Robin,0.2106606628869667,0.18053596614950634,0.21109667518612765,0.12680683311432325,0.2918309242225142,0.7538787023977433
10.0,1.6666666666666667,28.4,38.24,0.0,2.9,2.09,0.8,0.09154929577464789,batch,421000183,Round Robin,0.22171806575003405,0.21614100185528756,0.21696186983718113,0.14718490997427838,0.2731494712775079,0.7541743970315399
10.0,3.3333333333333335,20.2,79.36,0.0,3.1,1.29,0.7,0.13366336633663367,batch,421000184,Round Robin,0.2967289373569129,0.19808973388480058,0.19067762839582975,0.14757709251101325,0.3292385797322065,0.7543227665706052
10.0,3.3333333333333335,21.1,32.49,0.0,3.3,2.21,0.4,0.05687203791469194,batch,421000185,Round Robin,0.20741557540010486,0.19999999999999998,0.22769920238764238,0.14185953711093374,0.2905794470338046,0.7594674556213017
10.0,2.0,22,32.8,0.0,3.3,2.21,0.6,0.08636363636363636,batch,421000186,Round Robin,0.24094470359866493,0.23069241011984024,0.2603938795891193,0.14955357142857145,0.27171266233766234,0.7579893475366178
10.0,2.5,26.3,48.21,0.0,2.1,1.89,0.6,0.07224334600760456,batch,421000187,Round Robin,0.2373126338144929,0.2338378596717748,0.2542666128502655,0.14606923325784538,0.2800873503720479,0.7521344717182497
10.0,2.5,22.8,119.56,0.0,2.5,1.85,0.5,0.06140350877192982,batch,421000188,Round Robin,0.2814223503281674,0.2039473684210526,0.20619712115258818,0.14983404457088667,0.27892366050260786,0.7520775623268698
10.0,1.6666666666666667,24.2,75.56,0.0,2.6,2.44,0.6,0.09090909090909091,batch,421000189,Round Robin,0.2263915444099689,0.19636576787807739,0.21920383985266328,0.14353312302839116,0.2890378548895899,0.7546893317702228
10.0,2.0,21.4,53.64,0.0,2.2,0.96,0.5,0.09345794392523364,batch,421000190,Round Robin,0.2562934091273241,0.19265361843867765,0.2001602262673549,0.14344430743937525,0.31952036164117187,0.7545197740112994
10.0,2.0,20.4,27.24,0.0,3.7,1.61,0.3,0.03431372549019608,batch,421000191,Round Robin,0.2713061681032418,0.21904199415443792,0.25063774351145546,0.1552393272962484,0.3015308322552825,0.76213282247765
10.0,1.6666666666666667,22.9,49.09,0.0,3.1,2.09,0.7,0.09606986899563319,batch,421000192,Round Robin,0.2635510828739929,0.22527100271002712,0.2507335298288977,0.14262884538553738,0.29294846184578505,0.7537262872628726
10.0,2.5,24.6,62.04,0.0,3,2.2,0.7,0.08536585365853659,batch,421000193,Round Robin,0.2666071358627727,0.19482576557550157,0.22007937846131945,0.14837017609591607,0.29795803671787185,0.7563357972544879
10.0,2.0,17,72,0.0,3,2.2,0.4,0.07647058823529412,batch,421000194,Round Robin,0.2164057181756297,0.17036067434377825,0.1953920928911941,0.1346153846153846,0.32751479289940827,0.752212389380531
10.0,2.0,22.2,74.96,0.0,3.5,1.45,0.6,0.06306306306306306,batch,421000195,Round Robin,0.22927243305751094,0.17687074829931973,0.17664334153969888,0.14022061943148068,0.327428935086975,0.7579365079365079
10.0,2.0,20.7,68.41,0.0,3.3,1.41,0.4,0.057971014492753624,batch,421000196,Round Robin,0.2169665933009921,0.17448856799037304,0.21832859850015135,0.14167412712623098,0.30998209489704565,0.7608303249097472
10.0,1.4285714285714286,18.5,68.25,0.0,2.8,1.36,0.4,0.06486486486486487,batch,421000197,Round Robin,0.24983943187245317,0.20400340715502557,0.2297647562566675,0.13614393125671323,0.28302900107411383,0.7508517887563884
10.0,2.0,18.6,26.24,0.0,2.7,1.21,0.3,0.04838709677419355,batch,421000198,Round Robin,0.2699700989665052,0.21648250858883472,0.23229399008049348,0.14647582220881133,0.2775482093663912,0.756588579795022
10.0,2.5,21.3,63.81,0.0,1.9,0.49,0.6,0.10328638497652583,batch,421000199,Round Robin,0.2208280972998942,0.17439862542955328,0.17920113515219735,0.1395147313691508,0.3225736568457539,0.7534364261168385
10.0,1.4285714285714286,26.6,55.24,0.0,3.1,1.29,0.7,0.10526315789473684,batch,421000200,Round Robin,0.23969366435143435,0.23161553470641216,0.27190763480171154,0.14589515331355096,0.269782393669634,0.755524861878453
10.0,2.0,27,44.4,0.0,3.3,1.41,0.9,0.1037037037037037,batch,421000201,Round Robin,0.26173866691387776,0.22098359135997034,0.22592049658159624,0.1353017521090201,0.291369240752758,0.7563965884861408
10.0,2.0,19.8,69.36,0.0,3,1.2,0.5,0.08080808080808081,batch,421000202,Round Robin,0.3096945894470442,0.23942222210120612,0.27335281030667574,0.14542728635682162,0.26262182398008166,0.7543327556325823
10.0,2.0,23.7,104.01,0.0,2.4,2.44,0.5,0.06329113924050633,batch,421000203,Round Robin,0.23663189268917773,0.216330294926141,0.2340653485691513,0.14868364264134656,0.28346601331070737,0.7545103092783505
10.0,1.4285714285714286,19.4,54.84,0.0,3.3,1.61,0.3,0.06701030927835051,batch,421000204,Round Robin,0.2868535852297123,0.21556870937743114,0.2208553027050236,0.14070588235294118,0.2857647058823529,0.75
10.0,2.5,18.4,105.84,0.0,3.1,1.49,0.3,0.059782608695652176,batch,421000205,SRTF,0.228196819729508,0.17757727669396414,0.1356223217523882,0.1484184914841849,0.32785888077858877,0.7601302460202605
10.0,2.5,20,35,0.0,2.9,2.29,0.5,0.09,batch,421000206,Round Robin,0.2366842018740753,0.20023835970223164,0.23569784645734013,0.14692585895117544,0.283001808318264,0.7558441558441558
10.0,2.0,24,59.8,0.0,3,1.4,0.5,0.07916666666666666,batch,421000207,Round Robin,0.23155789358321005,0.21077756988773938,0.2289584360786892,0.14014466546112117,0.29538878842676314,0.7521645021645021
10.0,1.6666666666666667,21.2,76.96,0.0,3.1,1.29,0.5,0.08018867924528301,batch,421000208,Round Robin,0.20686965090345338,0.17984693877551022,0.20202245713923064,0.13521598110590305,0.2939804531319414,0.75
10.0,2.0,23.8,118.16,0.0,2.4,1.44,0.7,0.08823529411764706,batch,421000209,Round Robin,0.29084174642716665,0.2139667605248872,0.17153642760368865,0.14094827586206898,0.30495689655172414,0.7531685678073511
10.0,1.6666666666666667,18.3,74.81,0.0,3.5,1.85,0.4,0.08743169398907104,batch,421000210,Round Robin,0.28287699044086534,0.20446265938069216,0.23713917469355691,0.15904821540388228,0.2847526612398247,0.77367941712204
10.0,1.6666666666666667,20.7,59.61,0.0,2.8,2.76,0.7,0.13043478260869565,batch,421000211,Round Robin,0.20519950267864565,0.2020775526176382,0.23298591640662508,0.13918860595597757,0.3542634304333838,0.7519659239842726
10.0,1.4285714285714286,27,76.6,0.0,4,1.2,0.8,0.1111111111111111,batch,421000212,Round Robin,0.2530507924175892,0.22963735707180005,0.1941485196600422,0.13906198753689736,0.28656936700557556,0.7582327113062568
10.0,2.0,19.1,43.09,0.0,2.7,1.81,0.6,0.07853403141361257,batch,421000213,Round Robin,0.25009188301532687,0.1905570652173913,0.1578556719841518,0.1400479616306954,0.3092871579025439,0.7554347826086957
10.0,1.6666666666666667,19.4,74.84,0.0,3.3,1.81,0.4,0.08247422680412371,batch,421000214,Round Robin,0.2011955562272791,0.18429003021148038,0.20067139749400675,0.1412985630654604,0.29656732304417244,0.7643504531722054
10.0,1.4285714285714286,17.4,27.44,0.0,2.8,1.36,0.3,0.05747126436781609,batch,421000215,Round Robin,0.24316621570249783,0.2028514158851087,0.1961261805198387,0.13807106598984772,0.29035532994923857,0.7566079295154184
10.0,1.6666666666666667,20.6,62.64,0.0,2.7,1.81,0.4,0.06310679611650485,batch,421000216,Round Robin,0.1899339830652211,0.1637343927355278,0.20120844623334297,0.14022988505747128,0.3274712643678161,0.7568104426787741
10.0,1.6666666666666667,17.2,30.16,0.0,1.7,1.01,0.3,0.040697674418604654,batch,421000217,Round Robin,0.2322461500044469,0.2238580331461444,0.236632339962646,0.14296636085626915,0.28644240570846075,0.7516778523489933
10.0,1.4285714285714286,21.3,42.61,0.0,3.2,2.36,0.6,0.0892018779342723,batch,421000218,Round Robin,0.2009013132793151,0.2130257801899593,0.20299264682380067,0.14018302828618967,0.2874376039933444,0.7591587516960652
10.0,1.6666666666666667,16.8,45.96,0.0,2.2,1.56,0.3,0.06547619047619048,batch,421000219,Round Robin,0.29819709649536386,0.21554810321257695,0.2062246708693426,0.14273927392739275,0.2973047304730473,0.7508928571428571
10.0,1.6666666666666667,21.2,34.16,0.0,3,1.6,0.7,0.1179245283018868,batch,421000220,Round Robin,0.29548322820523154,0.2402060653762479,0.26047729174885037,0.14601386481802428,0.2640676010640442,0.7565406976744187
10.0,2.0,22.2,66.76,0.0,3.1,1.69,0.5,0.07657657657657657,batch,421000221,Round Robin,0.29605415738973706,0.21858524133663368,0.2538176221904156,0.1488549618320611,0.28604749787955897,0.7607421875
10.0,1.1111111111111112,22.4,52.44,0.0,2.9,1.89,0.5,0.08035714285714286,batch,421000222,Round Robin,0.24395900306565851,0.20699247985692792,0.20139129363882666,0.14167650531286893,0.31228099077214466,0.7551963048498845
10.0,1.4285714285714286,23,61.4,0.0,2.9,1.69,0.7,0.09130434782608696,batch,421000223,Round Robin,0.2523391613623853,0.25,0.15354491670808545,0.12628865979381443,0.2576845275314917,0.7523328149300156
10.0,2.5,18.4,97.24,0.0,3.4,1.44,0.3,0.04891304347826087,batch,421000224,Round Robin,0.20689655172413793,0.15928571428571428,0.17949930510310866,0.1397783251231527,0.3266625615763547,0.7642857142857142
10.0,2.0,20,48,0.0,3.1,1.69,0.4,0.085,batch,421000225,Round Robin,0.23798265227741142,0.19783197831978316,0.2307259146024575,0.1431244153414406,0.29683357865611626,0.7588075880758808
10.0,2.5,24,66.8,0.0,3.4,1.04,0.6,0.06666666666666667,batch,421000226,Round Robin,0.2116634052814674,0.17500000000000002,0.19057706752055661,0.1332068311195446,0.30787476280834913,0.7541666666666667
10.0,1.25,18,51.4,0.0,3.2,1.56,0.4,0.06666666666666667,batch,421000227,Round Robin,0.2715645751456837,0.22125541880512234,0.22613695198486666,0.14463906581740976,0.27229299363057324,0.761081560283688
10.0,3.3333333333333335,18.4,90.84,0.0,2.2,0.96,0.4,0.07065217391304347,batch,421000228,Round Robin,0.32435223281664016,0.18877551020408165,0.15503513026619883,0.13819523269012485,0.31044267877412035,0.7554945054945055
10.0,2.0,17.2,70.16,0.0,2.9,0.89,0.4,0.0755813953488372,batch,421000229,Round Robin,0.2784816140723062,0.20892453883433557,0.2182389728630779,0.14289976133651552,0.2875894988066826,0.7666666666666666
10.0,2.0,18.3,60.81,0.0,3.9,0.89,0.4,0.07103825136612021,batch,421000230,Round Robin,0.25840601603300656,0.21218861209964412,0.2149070504523979,0.15186007773459187,0.31440866185452526,0.7575622775800712
10.0,1.4285714285714286,19.1,51.69,0.0,2.7,2.61,0.2,0.041884816753926704,batch,421000231,Round Robin,0.23401266596109002,0.20945945945945946,0.24948049768966676,0.14063992359121302,0.27602674307545366,0.7575075075075075
10.0,3.3333333333333335,24.3,56.41,0.0,2,1.4,0.7,0.102880658436214,batch,421000232,Round Robin,0.252192510950654,0.2214554437946855,0.20785932069052787,0.14092188599577762,0.2834271639690359,0.753945885005637
10.0,1.6666666666666667,18.5,91.65,0.0,2.8,1.76,0.4,0.08648648648648649,batch,421000233,Round Robin,0.23519208037825062,0.18416666666666667,0.21695921985815605,0.14184397163120566,0.30289598108747046,0.7575000000000001
10.0,3.3333333333333335,18,24,0.0,3.6,0.64,0.3,0.08333333333333333,batch,421000234,Round Robin,0.2499563350741325,0.2313722433403284,0.2652464876006105,0.1459227467811159,0.2852885073915117,0.7545592705167173
10.0,2.0,22.1,95.29,0.0,2.8,1.96,0.5,0.09502262443438914,batch,421000235,Round Robin,0.20505874886841932,0.16217583267676508,0.17268947559985443,0.142156862745098,0.3340017825311943,0.7547120418848168
10.0,2.0,18.2,36.56,0.0,3.5,1.25,0.3,0.06043956043956044,batch,421000236,Round Robin,0.2928364917294607,0.23617311134368746,0.2232875197778929,0.15000000000000002,0.2690355329949239,0.7667757774140753
10.0,2.5,22.2,129.76,0.0,3.3,1.61,0.5,0.09009009009009009,batch,421000237,Round Robin,0.32509574996642066,0.18196829590488772,0.21039417993312062,0.153751233958539,0.30231984205330703,0.7579260237780714
10.0,1.25,19.8,36.56,0.0,2.5,1.45,0.5,0.09090909090909091,batch,421000238,Round Robin,0.2704329436096811,0.225114854517611,0.26786884829032065,0.14690959409594095,0.2823871077112998,0.7557427258805514
10.0,3.3333333333333335,19.8,23.76,0.0,3.1,3.29,0.5,0.08585858585858586,batch,421000239,Round Robin,0.28009223868432714,0.22237762237762237,0.25115722219082487,0.144193960017014,0.2836027222458528,0.7625874125874126
10.0,2.0,19,19.4,0.0,3.2,2.36,0.5,0.08947368421052632,batch,421000240,Round Robin,0.21583982639759533,0.22607631778902498,0.24321857867674604,0.14099158919876054,0.28342186808322267,0.7618881118881119
10.0,2.0,19.3,79.61,0.0,3.2,1.96,0.4,0.07772020725388601,batch,421000241,Round Robin,0.21624047096908938,0.15311177705428394,0.16735360536758562,0.13425925925925927,0.34819688109161795,0.7566964285714286
10.0,2.0,23.4,74.64,0.0,3.2,1.56,0.6,0.1111111111111111,batch,421000242,Round Robin,0.23333478730475246,0.17851454267806477,0.153198153653026,0.136875,0.30895833333333333,0.7592223330009971
10.0,1.1111111111111112,16.1,46.09,0.0,3.1,2.09,0.3,0.055900621118012424,batch,421000243,SRTF,0.23461897942909082,0.16973646323957486,0.11440735373560508,0.13706793802145412,0.32449344457687723,0.7622302158273382
10.0,1.6666666666666667,20.7,51.01,0.0,3.6,1.24,0.3,0.04830917874396135,batch,421000244,Round Robin,0.23790556599413068,0.18633540372670807,0.22205420218745123,0.13496257155438132,0.285667107001321,0.7565217391304349
10.0,2.5,24.4,42.04,0.0,2.1,1.49,0.7,0.09016393442622951,batch,421000245,Round Robin,0.24040513518509185,0.22981927710843372,0.23576775722135404,0.14818688981868897,0.2717070052499688,0.7518072289156627
10.0,1.4285714285714286,23.1,38.09,0.0,2.2,1.56,0.7,0.12121212121212122,batch,421000246,Round Robin,0.2572072488795691,0.24139118457300276,0.27077785868641463,0.13955223880597017,0.2912313432835821,0.7534435261707989
10.0,2.5,24.4,66.04,0.0,3,1,0.6,0.09836065573770492,batch,421000247,Round Robin,0.23019006096937905,0.2034090909090909,0.2464724881141954,0.1393780442113151,0.27416635443986515,0.7528409090909092
10.0,2.0,20.4,87.84,0.0,2.5,1.85,0.5,0.09803921568627451,batch,421000248,Round Robin,0.2698204627403846,0.18168426996147202,0.16971404246794874,0.14599609375,0.3384744755900289,0.7557692307692307
10.0,1.4285714285714286,27.6,74.24,0.0,3.5,1.85,0.8,0.10869565217391304,batch,421000249,Round Robin,0.24289657869062184,0.21003950160737922,0.17880235350417678,0.14808074123097287,0.2943414956982131,0.7545411089866156
10.0,1.6666666666666667,21.6,83.84,0.0,2.9,2.29,0.5,0.09259259259259259,batch,421000250,Round Robin,0.262396674988501,0.22382071880681836,0.18317440756781764,0.1524102079395085,0.2870982986767486,0.7528129395218003
10.0,5.0,16.1,43.09,0.0,2.8,1.96,0.4,0.09316770186335403,batch,421000251,Round Robin,0.2320997987587099,0.17426710097719872,0.1952244474929445,0.14656771799628943,0.30689548546691403,0.756514657980456
10.0,1.4285714285714286,20.3,43.61,0.0,2.5,1.45,0.5,0.08866995073891626,batch,421000252,Round Robin,0.24409068348369392,0.2099427753934192,0.23261119747339487,0.1403628117913832,0.2876840806102366,0.7564377682403434
10.0,1.4285714285714286,24,55.4,0.0,2.9,1.49,0.4,0.075,batch,421000253,Round Robin,0.2061230839035445,0.1839139344262295,0.2402658097414281,0.12704139764527156,0.2672806684390429,0.7556352459016393
10.0,1.25,23,54,0.0,3,1.2,0.5,0.09565217391304348,batch,421000254,Round Robin,0.24503413473879856,0.2463107442859994,0.2253962348348719,0.14172604908946954,0.2693982581155978,0.7547879616963065
10.0,1.6666666666666667,21.9,62.69,0.0,2.8,1.56,0.6,0.1004566210045662,batch,421000255,Round Robin,0.27064449163747517,0.22195933185998468,0.23143667442128674,0.14279606669516887,0.2850577169730654,0.7564713896457766
10.0,2.0,22.6,73.04,0.0,3.2,1.96,0.6,0.07964601769911504,batch,421000256,Round Robin,0.19224838540218164,0.15323383084577114,0.16273291925465838,0.13747412008281573,0.32577064642282033,0.7587064676616915
10.0,1.4285714285714286,18.6,56.24,0.0,2.6,2.24,0.3,0.08064516129032258,batch,421000257,Round Robin,0.277380305101597,0.24144620331821287,0.1568240691756207,0.13920454545454544,0.3122417355371901,0.7507518796992481
10.0,2.0,18.7,69.81,0.0,3.2,2.16,0.5,0.0962566844919786,batch,421000258,Round Robin,0.20734230916378532,0.20952728530742412,0.22692069780496787,0.14763995609220637,0.30748224763897086,0.7666938110749186
10.0,2.0,21.8,56.36,0.0,3,1.6,0.5,0.10550458715596331,batch,421000259,Round Robin,0.2560148902821317,0.2156129219898256,0.25228143504005573,0.15193965517241378,0.3016789799285557,0.7610479797979798
10.0,1.6666666666666667,24.5,65.45,0.0,1.4,0.44,0.7,0.09387755102040816,batch,421000260,Round Robin,0.25260811580303894,0.25613733396584437,0.2732533890770322,0.143327239488117,0.2928569644658895,0.7520491803278688
10.0,2.5,21.9,49.49,0.0,4.1,1.09,0.4,0.0502283105022831,batch,421000261,Round Robin,0.2755210098701636,0.21414974619289337,0.23675821549552767,0.14834066373450622,0.2921831267493003,0.7661802030456852
10.0,1.1111111111111112,22.6,59.04,0.0,3.1,1.09,0.6,0.0752212389380531,batch,421000262,Round Robin,0.27839667977282656,0.24690778935105348,0.213739624290083,0.13499344692005238,0.30045871559633025,0.7591743119266054
10.0,2.0,18.6,62.24,0.0,2.3,1.61,0.3,0.053763440860215055,batch,421000263,Round Robin,0.21250640673427634,0.16280452397076964,0.18113991230506682,0.13675910821098425,0.3035617183251767,0.7568537859007833
10.0,1.4285714285714286,23.4,66.04,0.0,3.4,2.24,0.7,0.1111111111111111,batch,421000264,Round Robin,0.23854677128478222,0.19339370855863997,0.20280114370935354,0.13784003248071458,0.297097036134795,0.7605204872646734
10.0,1.25,23.1,75.29,0.0,3.2,1.16,0.7,0.11255411255411256,batch,421000265,Round Robin,0.2883590893729454,0.20823033392659743,0.18376388846488326,0.14421487603305785,0.32334710743801653,0.7642503097893432
10.0,1.6666666666666667,22.5,102.85,0.0,3.1,2.49,0.7,0.08444444444444445,batch,421000266,Round Robin,0.2112087540586527,0.18368700265251992,0.1706401835712181,0.15102707749766572,0.30718954248366015,0.7599469496021221
10.0,3.3333333333333335,22.9,35.49,0.0,3,1.4,0.7,0.11353711790393013,batch,421000267,Round Robin,0.26161883420931464,0.19967355821545157,0.2371705844432877,0.13890922401171305,0.30200611212485096,0.7573449401523396
10.0,1.4285714285714286,23.2,98.56,0.0,3.5,2.25,0.7,0.08620689655172414,batch,421000268,SRTF,0.2100869646336913,0.1827506449691106,0.09385857622621172,0.1293819188191882,0.28690036900369004,0.7660112359550562
10.0,1.4285714285714286,17.5,57.05,0.0,2.2,2.16,0.2,0.03428571428571429,batch,421000269,Round Robin,0.25328811779296995,0.19675759959827446,0.21091524213906832,0.14687675858187957,0.29931665735855306,0.7540783034257749
10.0,2.0,20.4,28.84,0.0,3.3,1.21,0.4,0.09803921568627451,batch,421000270,Round Robin,0.23597098741571104,0.2028894472361809,0.2824786324786325,0.1482905982905983,0.27565746437560745,0.7587939698492463
10.0,2.0,23.1,56.09,0.0,3.1,2.29,0.5,0.06060606060606061,batch,421000271,Round Robin,0.22828738053737488,0.20120769125294008,0.22850970311353774,0.1404279709591135,0.29833779136415745,0.754812834224599
10.0,2.5,21.9,61.89,0.0,3.1,2.49,0.6,0.0730593607305936,batch,421000272,Round Robin,0.22872724115030932,0.17711962833914055,0.18930019528378314,0.14061172472387423,0.308411214953271,0.755226480836237
10.0,1.4285714285714286,22.6,67.44,0.0,2.9,1.89,0.6,0.09292035398230089,batch,421000273,Round Robin,0.19684195199705729,0.1594059405940594,0.18585125181611648,0.1354489164086687,0.3418023638611874,0.7589108910891089
10.0,2.0,21.6,44.24,0.0,3.7,1.21,0.5,0.0787037037037037,batch,421000274,Round Robin,0.23556712952924475,0.2164776686727906,0.2517866076908721,0.13132171695707606,0.28058428029321436,0.7578231292517007
10.0,1.6666666666666667,23.7,84.61,0.0,2.2,1.36,0.5,0.08016877637130802,batch,421000275,Round Robin,0.22924262991139469,0.17696708577765843,0.2052898644938282,0.14712824547600317,0.3233674272226593,0.752997002997003
10.0,2.0,17.3,64.41,0.0,2.7,1.81,0.4,0.06358381502890173,batch,421000276,Round Robin,0.22716388262243487,0.17507088989441927,0.1665188705139862,0.138328530259366,0.31685878962536024,0.7552790346907994
10.0,2.0,24.2,31.36,0.0,2.7,1.61,0.7,0.10330578512396695,batch,421000277,Round Robin,0.20912656883342057,0.22511441647597258,0.23407404659445022,0.1416382252559727,0.3023890784982935,0.7517162471395882
10.0,1.6666666666666667,18.9,138.49,0.0,2.8,3.36,0.4,0.06878306878306878,batch,421000278,SRTF,0.23349925679344197,0.1371253185700765,0.10642317380352648,0.12926972909305062,0.3948763250883392,0.7562972292191436
10.0,1.6666666666666667,18.7,81.21,0.0,3.6,1.64,0.4,0.0855614973262032,batch,421000279,Round Robin,0.19656849039300336,0.13314917127071824,0.17764120955455645,0.13259109311740894,0.3577935222672065,0.7665745856353592
10.0,1.6666666666666667,25.8,73.36,0.0,2.4,1.24,0.8,0.13178294573643412,batch,421000280,Round Robin,0.25782430264612893,0.21464365256124723,0.2096230044990538,0.13916083916083916,0.29812464762207774,0.7527839643652561
10.0,2.5,22.6,80.04,0.0,3.2,1.76,0.5,0.061946902654867256,batch,421000281,Round Robin,0.2441306983233834,0.19017016145240165,0.22226719020420294,0.14473684210526314,0.3062753036437247,0.7598870056497176
10.0,2.0,23.3,64.21,0.0,2.8,1.56,0.7,0.0815450643776824,batch,421000282,Round Robin,0.24341388005984277,0.21250582057830986,0.20376572395205936,0.14540816326530612,0.29591217417099885,0.7547003525264395
10.0,1.6666666666666667,17.7,64.01,0.0,3.2,1.96,0.4,0.07344632768361582,batch,421000283,Round Robin,0.18504051675037536,0.14044943820224717,0.16783060632734423,0.12528801843317972,0.3197004608294931,0.7622893258426966
10.0,2.0,23.2,55.16,0.0,2.5,1.05,0.7,0.11637931034482758,batch,421000284,Round Robin,0.1966863603649346,0.18329718004338397,0.1784480100609202,0.13325608342989576,0.3004055619930475,0.7524403470715835
10.0,1.6666666666666667,22.9,114.09,0.0,2.6,1.44,0.6,0.09606986899563319,batch,421000285,Round Robin,0.26485383861609957,0.1861702127659574,0.177857981391468,0.1411308709530324,0.2919516643866849,0.7540675844806007
10.0,2.0,18.4,27.04,0.0,3,1,0.3,0.04891304347826087,batch,421000286,Round Robin,0.22867274956679198,0.2013888888888889,0.2643273433705683,0.13671685284118504,0.23837664664016453,0.7565586419753086
10.0,2.5,16.6,57.64,0.0,4,1,0.3,0.07228915662650602,batch,421000287,Round Robin,0.2862717990291168,0.19441790439792697,0.19109195402298848,0.12877833753148615,0.29093198992443325,0.7638888888888888
10.0,3.3333333333333335,26.4,96.84,0.0,3.1,1.89,0.6,0.08333333333333333,batch,421000288,Round Robin,0.23940698430132837,0.1813819577735125,0.24116582457747318,0.1448598130841121,0.29439252336448596,0.7571976967370442
10.0,1.6666666666666667,23.6,67.04,0.0,3.1,2.09,0.6,0.09322033898305085,batch,421000289,Round Robin,0.24636005094285363,0.17842323651452283,0.19822302483322127,0.14693069306930692,0.3076237623762376,0.7588174273858921
10.0,2.0,17.3,34.81,0.0,3.9,1.09,0.3,0.07514450867052024,batch,421000290,Round Robin,0.27749489535477284,0.2128948382126348,0.2115096231214473,0.14267483409903015,0.3011137330370918,0.7696969696969698
10.0,3.3333333333333335,26,89.2,0.0,3.1,2.29,0.7,0.10384615384615385,batch,421000291,Round Robin,0.20825089964391344,0.17101584342963655,0.1470259563430283,0.14288294797687862,0.30184248554913296,0.7565237651444547
10.0,1.4285714285714286,25.1,76.29,0.0,3.2,2.96,0.8,0.13147410358565736,batch,421000292,Round Robin,0.25463895090592165,0.2599263760288066,0.21176224265887414,0.14840093603744153,0.28203741382943176,0.759549795361528
10.0,2.0,18.2,55.16,0.0,3.7,1.21,0.3,0.03296703296703297,batch,421000293,Round Robin,0.25006666666666666,0.20720958555809818,0.22235346756152125,0.15184563758389258,0.2883277063634673,0.7827999999999999
10.0,2.5,17.7,53.41,0.0,2.9,1.49,0.3,0.05084745762711865,batch,421000294,Round Robin,0.26675758897185115,0.19089456869009586,0.2066242758105138,0.1456824512534819,0.28915140507552706,0.7531948881789137
10.0,1.25,20.8,85.76,0.0,3,2,0.5,0.08653846153846154,batch,421000295,Round Robin,0.24967334260097418,0.1888335704125178,0.20989960504763136,0.13660037878787876,0.2862215909090909,0.7564011379800853
10.0,2.0,23.7,94.61,0.0,2.2,1.56,0.5,0.08016877637130802,batch,421000296,Round Robin,0.27115387266843927,0.21232357196169507,0.20439834676209093,0.12342304457527337,0.28111858704793946,0.7534678436317781
10.0,1.0,17.7,54.21,0.0,3.4,2.04,0.4,0.06779661016949153,batch,421000297,Round Robin,0.22662102675480572,0.2062423729514233,0.18591918347916178,0.14223385689354276,0.2942907789741732,0.7652801358234296
10.0,1.6666666666666667,20.4,49.84,0.0,2.9,1.89,0.5,0.08823529411764706,batch,421000298,Round Robin,0.21644738027052826,0.18373115577889443,0.23437689581338456,0.13799283154121864,0.3192204301075269,0.7518844221105527
10.0,1.6666666666666667,20.8,86.36,0.0,2.5,1.05,0.4,0.04807692307692308,batch,421000299,Round Robin,0.33935546875000006,0.22647527910685802,0.19068083694677035,0.144775390625,0.2573573159639155,0.7531897926634769
10.0,2.5,21,27.4,0.0,2.7,2.41,0.6,0.09047619047619047,batch,421000300,Round Robin,0.2177753651796289,0.2274873840232254,0.24950122666516272,0.14052013422818793,0.27076342281879195,0.7514005602240896
10.0,2.5,18.2,53.76,0.0,2.9,1.09,0.4,0.09340659340659341,batch,421000301,Round Robin,0.2700073936807428,0.18861607142857142,0.223768811769991,0.14439203354297694,0.29900419287211744,0.7578125
10.0,1.6666666666666667,23.1,38.69,0.0,3.2,2.36,0.7,0.10822510822510822,batch,421000302,Round Robin,0.24256005753226123,0.23558658053879286,0.2562215215060083,0.14691679049034176,0.2884472511144131,0.7512315270935961
10.0,1.25,24.4,69.64,0.0,3,1.8,0.6,0.10245901639344263,batch,421000303,Round Robin,0.25125092774739327,0.21690734055354993,0.23151658111485854,0.14151696606786426,0.27852617204130886,0.7569193742478941
10.0,1.6666666666666667,20.1,96.89,0.0,3,1.4,0.5,0.0845771144278607,batch,421000304,Round Robin,0.24264225381064583,0.1851019707529416,0.1938568201341825,0.1309699655342196,0.3140156562997447,0.7549365303244006
10.0,1.1111111111111112,21.1,76.49,0.0,2.6,1.04,0.5,0.08530805687203792,batch,421000305,Round Robin,0.2683259928913615,0.22505730695925413,0.1682892906815021,0.13310185185185183,0.2951388888888889,0.756258692628651
10.0,2.0,25.6,41.44,0.0,3.4,1.24,0.8,0.1015625,batch,421000306,Round Robin,0.19745760522926237,0.21249999999999997,0.23274246984839822,0.1387180317254775,0.28981871155713823,0.7585106382978724
10.0,1.4285714285714286,23.5,64.25,0.0,2.4,0.84,0.6,0.11063829787234042,batch,421000307,Round Robin,0.21712459394605535,0.20663925585559156,0.2189208109872587,0.1437598736176935,0.2933806310068133,0.7540183696900115
10.0,1.6666666666666667,21.2,65.76,0.0,3.1,1.09,0.5,0.08962264150943396,batch,421000308,Round Robin,0.19908403262712507,0.18172951885565672,0.19628279010959768,0.13650580875781948,0.291331546023235,0.7545513654096229
10.0,1.4285714285714286,21.1,62.89,0.0,3,1.2,0.6,0.0947867298578199,batch,421000309,Round Robin,0.2552309321302381,0.22291021671826625,0.24731404007503996,0.14893122676579926,0.27927509293680297,0.7608359133126935
10.0,2.0,20.1,48.29,0.0,2.7,2.21,0.4,0.07462686567164178,batch,421000310,Round Robin,0.26239931250821313,0.20639943741209565,0.2558220171716817,0.14824236817761333,0.28422756706753005,0.7542194092827004
10.0,1.6666666666666667,17.6,59.04,0.0,3.2,1.36,0.3,0.05113636363636364,batch,421000311,Round Robin,0.2559410274294336,0.19825063482866612,0.1788526824477247,0.1392111368909513,0.308643607370764,0.7622699386503067
10.0,1.6666666666666667,20.4,40.64,0.0,3.1,1.69,0.6,0.10294117647058823,batch,421000312,Round Robin,0.2218566002558479,0.18687185929648242,0.2490061091188092,0.13663408414789632,0.29568635784105396,0.754396984924623
10.0,3.3333333333333335,21.7,57.41,0.0,2.1,2.29,0.6,0.10138248847926268,batch,421000313,Round Robin,0.23626214014991095,0.21767537826685004,0.2215522928643775,0.1450563746747615,0.28902862098872506,0.7527510316368637
10.0,1.4285714285714286,18.4,45.84,0.0,2.8,1.56,0.4,0.07065217391304347,batch,421000314,Round Robin,0.260113933213735,0.20420168067226893,0.2234192553425865,0.12707330123060462,0.2783574103798823,0.7516806722689076
10.0,1.6666666666666667,17.1,65.09,0.0,2.6,2.84,0.3,0.07602339181286549,batch,421000315,Round Robin,0.2700534306687976,0.2090408949202274,0.23570328936081844,0.14956467661691544,0.2947761194029851,0.7604355716878403
10.0,1.6666666666666667,23.9,60.69,0.0,3.1,1.69,0.5,0.07531380753138076,batch,421000316,Round Robin,0.23927061521046486,0.19199785177228787,0.23642318880414123,0.14571642349420127,0.3053629895088362,0.7561761546723953
10.0,2.5,21.1,82.29,0.0,2.7,1.01,0.5,0.08056872037914692,batch,421000317,Round Robin,0.2514816440853911,0.19873595505617977,0.19755030362358206,0.14360938247965532,0.28446625179511725,0.7524578651685394
10.0,1.4285714285714286,21.8,80.56,0.0,2.7,0.81,0.5,0.0779816513761468,batch,421000318,Round Robin,0.22584862837971187,0.21650436391002426,0.23118228557837792,0.13121669626998225,0.2753108348134991,0.7542735042735043
10.0,3.3333333333333335,21.1,84.49,0.0,3.3,1.41,0.6,0.08056872037914692,batch,421000319,Round Robin,0.2974373836134496,0.2070075578347866,0.17595773325571648,0.13808353808353807,0.3057739557739558,0.7555020632737277
10.0,2.5,18.3,64.41,0.0,2.8,2.96,0.3,0.06557377049180328,batch,421000320,Round Robin,0.21000529763051434,0.2229432514935541,0.275647755731073,0.146927374301676,0.2835195530726257,0.7560344827586207
10.0,2.0,21.1,74.69,0.0,2,2,0.6,0.0947867298578199,batch,421000321,Round Robin,0.28069314965252046,0.19539835164835168,0.19480667872191185,0.14418288818469896,0.31699864191942057,0.7527472527472527
10.0,2.0,19.5,74.05,0.0,3.4,1.64,0.4,0.07179487179487179,batch,421000322,Round Robin,0.2593675825723136,0.1743798733108489,0.1841413300746939,0.1471215351812367,0.3232942430703625,0.7613207547169811
10.0,2.0,21.8,89.36,0.0,3.1,3.29,0.6,0.10550458715596331,batch,421000323,Round Robin,0.23773789897748024,0.18405889884763127,0.20981977306264496,0.13371844244758235,0.3131151048352589,0.7602432778489117
10.0,1.4285714285714286,25.1,68.89,0.0,3.3,2.01,0.6,0.09561752988047809,batch,421000324,Round Robin,0.2349656567065305,0.22062068310999244,0.2476273491161396,0.12818590704647673,0.29329085457271364,0.7508720930232557
10.0,1.6666666666666667,21.3,55.21,0.0,2.5,2.25,0.3,0.03286384976525822,batch,421000325,Round Robin,0.26005532761407435,0.22130224691223546,0.24412964344426485,0.14860748476936464,0.2789382071366405,0.7562830687830688
10.0,1.4285714285714286,15.5,68.85,0.0,2.7,1.41,0.2,0.04516129032258064,batch,421000326,Round Robin,0.23408610356950715,0.19640138938871712,0.21211324083225944,0.14312226139091702,0.29437299035369774,0.7558365758754864
10.0,2.0,22.8,106.56,0.0,2.8,1.76,0.6,0.08771929824561403,batch,421000327,Round Robin,0.24349828388969583,0.17933484100812347,0.15693012600229095,0.13584212941716384,0.3085130793942175,0.7534364261168385
10.0,2.5,17.8,55.36,0.0,2.6,1.24,0.4,0.08426966292134831,batch,421000328,Round Robin,0.22572532548093444,0.20050335570469793,0.20689432893379767,0.14782850779510018,0.2875835189309577,0.7541946308724832
10.0,3.3333333333333335,22.6,29.04,0.0,2.8,1.36,0.6,0.07964601769911504,batch,421000329,Round Robin,0.24756308325758758,0.23104389462734506,0.2598903693014127,0.14472211861245804,0.2677172696754942,0.7530339805825244
10.0,2.5,18.5,61.85,0.0,2.7,2.61,0.5,0.0972972972972973,batch,421000330,Round Robin,0.30828523528815377,0.2196771501359414,0.2278667928223832,0.15984513274336282,0.2995022123893805,0.7561374795417348
10.0,1.25,27.9,32.89,0.0,2.6,2.04,0.9,0.12186379928315412,batch,421000331,Round Robin,0.18173020300878495,0.1976639712488769,0.17535172744169605,0.1398428405122235,0.2871071012805588,0.7549415992812218
10.0,2.0,18.4,59.64,0.0,2.7,2.61,0.3,0.05434782608695652,batch,421000332,Round Robin,0.2340246194894185,0.1934712245622193,0.2149248074707416,0.14618200836820083,0.301255230125523,0.7550724637681159
10.0,1.25,21.1,65.69,0.0,3,2,0.7,0.11374407582938388,batch,421000333,Round Robin,0.23843684569736368,0.2115689381933439,0.19104094609028266,0.1503649635036496,0.2665450121654501,0.7579239302694136
10.0,1.4285714285714286,19.6,123.44,0.0,2.7,1.21,0.3,0.05612244897959184,batch,421000334,Round Robin,0.2791922550213745,0.207374982609856,0.17810985460420034,0.13854715875805507,0.31080723186015,0.752827140549273
10.0,3.3333333333333335,22.5,58.85,0.0,2.5,2.05,0.7,0.09333333333333334,batch,421000335,Round Robin,0.25852963101211535,0.24009473654229985,0.2500027527370465,0.1430589184826473,0.2802768181191312,0.755457025920873
10.0,3.3333333333333335,20.9,53.49,0.0,3.4,0.64,0.5,0.08133971291866028,batch,421000336,Round Robin,0.29820968870581444,0.22822931785195935,0.24610874265267485,0.14225849139832378,0.2848478164975739,0.7659651669085632
10.0,2.0,18.8,71.56,0.0,3.3,2.61,0.4,0.09042553191489362,batch,421000337,Round Robin,0.28656216416787145,0.20340356564019452,0.23490721287468386,0.14308855291576675,0.2888768898488121,0.7532414910858996
10.0,1.25,22.8,51.36,0.0,3,1.2,0.5,0.07894736842105263,batch,421000338,Round Robin,0.25015790919331754,0.23588246518662542,0.2575960438186891,0.13669209152950623,0.3068044961862706,0.7520775623268698
10.0,2.0,18.2,90.36,0.0,2,1,0.3,0.054945054945054944,batch,421000339,Round Robin,0.2818863704424647,0.16893509021486858,0.1746797871278481,0.14104729729729729,0.32629504504504503,0.7534626038781164
10.0,3.3333333333333335,20,56.4,0.0,3.4,2.04,0.6,0.115,batch,421000340,Round Robin,0.22456554426265887,0.20125946945488324,0.14034969158561708,0.13963328631875882,0.30265632346027266,0.7685788787483703
10.0,2.0,17.4,86.84,0.0,3.3,1.01,0.3,0.06896551724137931,batch,421000341,Round Robin,0.1922838782617244,0.17179228579953226,0.17507149810796915,0.14048811013767204,0.3326172797397281,0.7647280966767371
10.0,2.0,17.7,58.41,0.0,3.5,2.05,0.3,0.04519774011299435,batch,421000342,Round Robin,0.24695411026487002,0.20731707317073172,0.24520327772809966,0.144358407079646,0.2743362831858407,0.7604529616724739
10.0,1.4285714285714286,20,73.6,0.0,2.9,3.09,0.3,0.055,batch,421000343,Round Robin,0.3266409836065574,0.23008872320596457,0.2665270491803278,0.15625000000000003,0.28406762295081966,0.7652
10.0,2.0,19.1,111.29,0.0,3.5,1.65,0.4,0.06806282722513089,batch,421000344,Round Robin,0.22415659353265469,0.15682788051209104,0.1608539930908352,0.1382488479262673,0.33150921658986177,0.7649359886201992
10.0,2.0,21.2,47.76,0.0,3.4,3.24,0.6,0.09905660377358491,batch,421000345,Round Robin,0.2503062814596466,0.20739014647137152,0.24802377600211015,0.1374891398783666,0.28909643788010425,0.7639813581890813
10.0,2.0,21.4,74.84,0.0,3,1.8,0.6,0.09813084112149532,batch,421000346,Round Robin,0.19724964985121793,0.19467863877737543,0.18517969319822492,0.1354852876592007,0.3259771629336847,0.7575662042875158
10.0,1.4285714285714286,23.6,58.24,0.0,2.9,1.69,0.8,0.13983050847457626,batch,421000347,Round Robin,0.23806937846946627,0.20310717223384125,0.19871763942399323,0.12603224537947305,0.29325599685410936,0.7549079754601227
10.0,1.6666666666666667,25.9,77.09,0.0,2.9,2.69,0.7,0.10424710424710425,batch,421000348,Round Robin,0.22750139779990947,0.19354234996468617,0.1690466535947161,0.13761788333915476,0.3044882989870765,0.7578422053231939
10.0,1.6666666666666667,20.6,73.44,0.0,2.7,1.61,0.6,0.10679611650485436,batch,421000349,Round Robin,0.3049441974913054,0.2109471236466909,0.1838905775075988,0.13782630184441497,0.29574838388861263,0.75
10.0,1.6666666666666667,20.3,89.61,0.0,3,1.8,0.3,0.059113300492610835,batch,421000350,Round Robin,0.25458689350015257,0.20657279736740342,0.22370704889888865,0.14183874139626354,0.2935103244837758,0.7586206896551724
10.0,1.6666666666666667,18.9,38.69,0.0,3.1,2.09,0.5,0.08465608465608465,batch,421000351,Round Robin,0.2818852418299932,0.25,0.24617923512951137,0.15118031140130586,0.2683032897121295,0.760989010989011
10.0,5.0,17.1,20.09,0.0,2.8,1.96,0.2,0.03508771929824561,batch,421000352,Round Robin,0.23995515780879237,0.2403116883116883,0.2349686168448447,0.1421905697445972,0.2662082514734774,0.7516233766233766
10.0,1.6666666666666667,25,77.2,0.0,2.9,1.69,0.8,0.112,batch,421000353,Round Robin,0.23301091868958154,0.17499513212082882,0.13687561214495592,0.1341554559043348,0.33060394104822843,0.7534280117531831
10.0,1.6666666666666667,20.2,73.76,0.0,3.7,1.81,0.5,0.09900990099009901,batch,421000354,Round Robin,0.2640106503264398,0.21539191012875222,0.15967283072546232,0.12692307692307692,0.311025641025641,0.757823613086771
10.0,2.5,19.7,51.81,0.0,2.1,1.89,0.5,0.06598984771573604,batch,421000355,Round Robin,0.25012634770889486,0.21226415094339623,0.23379005690326443,0.15054563492063489,0.292906746031746,0.7515723270440251
10.0,2.0,22.4,80.24,0.0,2.6,1.64,0.4,0.05357142857142857,batch,421000356,Round Robin,0.20116143623968302,0.18672787641221392,0.20616812548012653,0.14476518741921587,0.306104522601681,0.7547539149888143
10.0,1.6666666666666667,15.9,84.09,0.0,3.2,2.16,0.3,0.06289308176100629,batch,421000357,Round Robin,0.22493677691230252,0.17308236927983783,0.1800694546533061,0.1354595336076818,0.3196159122085048,0.7587873462214412
10.0,1.4285714285714286,23.2,107.76,0.0,3.6,1.64,0.6,0.08189655172413793,batch,421000358,SRTF,0.24493103598311794,0.1673176912509228,0.13196166731932296,0.14250886524822692,0.3486258865248227,0.7584355828220859
10.0,1.1111111111111112,22.9,51.29,0.0,3.3,2.01,0.6,0.08733624454148471,batch,421000359,Round Robin,0.21571227904071993,0.21778943672959902,0.1964533420873008,0.13429500203169442,0.25934579439252337,0.7601600985221675
10.0,2.5,27.4,68.24,0.0,3.6,1.24,0.7,0.0948905109489051,batch,421000360,Round Robin,0.24527333173256183,0.22614996933474948,0.23508891114351693,0.1465960179833012,0.27906229929351317,0.7601317122593718
10.0,1.6666666666666667,19.1,53.29,0.0,3.1,2.89,0.6,0.11518324607329843,batch,421000361,Round Robin,0.23910928386675734,0.2041734860883797,0.23430308642186226,0.14431106471816285,0.28470772442588727,0.7630932896890343
10.0,1.6666666666666667,19.4,65.44,0.0,3.1,1.69,0.4,0.08247422680412371,batch,421000362,Round Robin,0.2884560066160872,0.21305418719211827,0.2478695480205674,0.15302398331595413,0.28884254431699685,0.7705254515599342
10.0,2.5,21,37.4,0.0,3.4,1.04,0.7,0.12380952380952381,batch,421000363,Round Robin,0.2554657962386612,0.21326397919375814,0.22892487224501382,0.1438788388725284,0.28596970971813207,0.7607282184655397
10.0,1.6666666666666667,17.9,87.09,0.0,2.7,1.41,0.3,0.055865921787709494,batch,421000364,Round Robin,0.25432857845548446,0.18135759960649286,0.18779904306220097,0.12866043613707168,0.3053083923483606,0.7567783094098883
10.0,2.0,19.9,83.49,0.0,3.7,1.21,0.4,0.08040201005025126,batch,421000365,Round Robin,0.25341269610268646,0.16528132992327366,0.17770629283132228,0.14819396338446314,0.3210044532409698,0.7611892583120204
10.0,1.4285714285714286,18,93,0.0,3.6,2.04,0.4,0.07777777777777778,batch,421000366,SRTF,0.3189526370835201,0.24074592858210073,0.14116146894612902,0.1488526570048309,0.31823671497584544,0.7560137457044673
10.0,2.5,24.6,55.44,0.0,2.5,1.85,0.6,0.09349593495934959,batch,421000367,Round Robin,0.23072303020669835,0.23088052682431268,0.2582735623505725,0.14948830409356723,0.27759502923976603,0.7528312570781427
10.0,2.5,19.7,51.01,0.0,3.8,2.16,0.4,0.08121827411167512,batch,421000368,Round Robin,0.2582360994258218,0.21325757575757576,0.22760096089979187,0.14831953239162204,0.27922552362396497,0.7696969696969698
10.0,3.3333333333333335,24.2,56.16,0.0,2.6,1.84,0.7,0.10743801652892562,batch,421000369,Round Robin,0.22499919796604187,0.21178702479290204,0.21477607211889355,0.14550359712230215,0.28758992805755396,0.7533444816053512
10.0,2.0,22.2,22.36,0.0,2.9,1.49,0.5,0.08108108108108109,batch,421000370,Round Robin,0.23895349449538086,0.21875765254697058,0.27840495265841225,0.14493809176984704,0.29484637593589563,0.7519466073414905
10.0,1.6666666666666667,24.3,36.21,0.0,3.1,2.69,0.6,0.09053497942386832,batch,421000371,Round Robin,0.23560681965507085,0.2086483288967761,0.28494528768090366,0.14648782209671724,0.2599588808036605,0.7577639751552795
10.0,1.6666666666666667,26.3,66.21,0.0,2.8,1.96,0.7,0.11026615969581749,batch,421000372,Round Robin,0.21086208488311867,0.21647716085811977,0.22406302431218642,0.13675757002004485,0.28969654199011996,0.75
10.0,2.0,15.2,16.96,0.0,3.2,1.76,0.1,0.03289473684210526,batch,421000373,Round Robin,0.2819384000263756,0.23635626559690168,0.15397350993377484,0.142816091954023,0.278735632183908,0.759933774834437
10.0,1.25,18.9,74.69,0.0,2.8,1.56,0.6,0.10052910052910052,batch,421000374,Round Robin,0.2809669941209334,0.21039821194052316,0.23545333440285202,0.14119601328903658,0.29437606307812075,0.7544883303411132
10.0,2.0,25,44,0.0,3.5,1.05,0.8,0.132,batch,421000375,Round Robin,0.23261976144447127,0.20268052516411378,0.19029306515208555,0.13965044551062372,0.28204249485949284,0.7549234135667395
10.0,1.6666666666666667,19.3,54.81,0.0,3.6,1.44,0.3,0.05181347150259067,batch,421000376,Round Robin,0.2561503810849535,0.2057488653555219,0.25811679606158083,0.1455317024463305,0.28232856843387877,0.7621028744326778
10.0,1.25,29.7,39.41,0.0,3.8,1.36,0.9,0.12121212121212122,batch,421000377,Round Robin,0.20129329599580095,0.22051120736967453,0.16942470698599005,0.14693696359869785,0.2803344184670021,0.7674528301886793
10.0,1.6666666666666667,23.6,73.64,0.0,3.2,2.36,0.7,0.0847457627118644,batch,421000378,Round Robin,0.24565062814463395,0.237653489757004,0.24224453982041633,0.14478527607361963,0.26492842535787325,0.7555632823365785
10.0,1.6666666666666667,23.8,75.16,0.0,3.6,1.84,0.6,0.09243697478991597,batch,421000379,Round Robin,0.2512664764902617,0.20725368036332656,0.20978590975394043,0.14316490403446924,0.30389561933735393,0.7618778280542986
10.0,2.0,20.2,67.96,0.0,2.7,2.61,0.4,0.07920792079207921,batch,421000380,Round Robin,0.23981893134037907,0.18666219839142092,0.2415818470697503,0.14020270270270271,0.29971042471042475,0.7553619302949062
10.0,1.6666666666666667,20.6,70.44,0.0,3.5,1.25,0.6,0.09223300970873786,batch,421000381,Round Robin,0.2453365989999199,0.2169348925927873,0.21664725705842533,0.14060987415295262,0.29023879610762476,0.7710526315789474
10.0,1.6666666666666667,20.8,46.96,0.0,2.8,2.56,0.6,0.09134615384615384,batch,421000382,Round Robin,0.21590666970807493,0.22434971098265893,0.24798433591184593,0.13616652211621855,0.2824146538828385,0.7528901734104047
10.0,2.0,23,85,0.0,3.3,2.61,0.7,0.09130434782608696,batch,421000383,Round Robin,0.2507807916623529,0.207527911458142,0.19397683472592284,0.15365634813817855,0.32492148945715565,0.7568238213399503
10.0,3.3333333333333335,17.9,54.69,0.0,3.7,1.61,0.4,0.08379888268156424,batch,421000384,Round Robin,0.30219012645403315,0.19698410489568752,0.17697075701472495,0.13683634373289544,0.3126710454296661,0.7736389684813754
10.0,3.3333333333333335,25.6,50.64,0.0,2.6,1.64,0.6,0.078125,batch,421000385,Round Robin,0.22960970433747208,0.20688439567386938,0.23489454680093264,0.1426929392446634,0.28760262725779967,0.7538986354775828
10.0,2.5,20.4,96.04,0.0,2.9,2.09,0.5,0.07352941176470588,batch,421000386,Round Robin,0.26072953435776036,0.1649616368286445,0.18424230793447255,0.13952357802625182,0.32656781720952843,0.7570332480818414
10.0,1.25,20.2,85.16,0.0,3.7,1.61,0.4,0.08415841584158416,batch,421000387,Round Robin,0.2772179177709132,0.21036106750392466,0.2155559494269172,0.1454173067076293,0.29326676907322063,0.7664835164835164
10.0,2.0,21.3,51.61,0.0,2.6,1.44,0.5,0.09389671361502347,batch,421000388,Round Robin,0.2700915623551229,0.2221835883171071,0.18434389709039578,0.14100877192982456,0.27474876008236804,0.7534770514603616
10.0,3.3333333333333335,23.4,66.24,0.0,3.7,1.21,0.5,0.0811965811965812,batch,421000389,Round Robin,0.23727642276422767,0.24605157263385682,0.2486178861788618,0.14776422764227642,0.28577235772357723,0.7636666666666667
10.0,2.5,19.9,56.29,0.0,3.4,1.04,0.5,0.11055276381909548,batch,421000390,Round Robin,0.23968124709167055,0.18468208754729515,0.18532755433635906,0.13797114937180083,0.30956258724988367,0.7617283950617284
10.0,2.0,20.6,58.84,0.0,3.6,1.64,0.4,0.0825242718446602,batch,421000391,Round Robin,0.2666324886953934,0.20734265734265736,0.23928504428041897,0.14592969472710454,0.2779833487511563,0.7555944055944056
10.0,2.0,21.7,55.21,0.0,2.4,1.24,0.5,0.059907834101382486,batch,421000392,Round Robin,0.20917970917970916,0.20026366185628763,0.2225846049375461,0.14500205676676264,0.30080213903743314,0.7542735042735043
10.0,1.6666666666666667,23,72,0.0,2.7,2.21,0.8,0.10869565217391304,batch,421000393,Round Robin,0.21203610135271134,0.17046028819576095,0.15532745282743485,0.1403684421305567,0.33789831227024625,0.7525906735751295
10.0,1.4285714285714286,21.2,79.56,0.0,3.6,2.44,0.5,0.07547169811320754,batch,421000394,Round Robin,0.2941487288643722,0.20204190899209953,0.2103849856999382,0.14614312267657992,0.30529739776951675,0.7584005376344086
10.0,1.6666666666666667,18.5,27.05,0.0,2.8,1.96,0.4,0.07027027027027027,batch,421000395,Round Robin,0.24709975877610615,0.20056497175141244,0.2040563702151971,0.14442883895131087,0.29751872659176026,0.7563559322033898
10.0,1.4285714285714286,19.1,86.29,0.0,2.8,1.76,0.4,0.08900523560209424,batch,421000396,Round Robin,0.30782482772395886,0.23007590132827327,0.18074003795066412,0.1485568760611205,0.2833899264289757,0.7599620493358634
10.0,1.6666666666666667,23.4,63.64,0.0,3.3,2.41,0.7,0.1111111111111111,batch,421000397,Round Robin,0.24016291839130932,0.2253147950124794,0.21654582488530932,0.13769889840881272,0.29059567523459817,0.7595419847328244
10.0,1.6666666666666667,20.7,38.61,0.0,3.3,1.41,0.6,0.0966183574879227,batch,421000398,Round Robin,0.26887861063428486,0.24454828660436134,0.2645907636880315,0.15396825396825398,0.259750566893424,0.7589563862928349
10.0,3.3333333333333335,20,69,0.0,3.6,2.44,0.4,0.085,batch,421000399,Round Robin,0.2944696217165485,0.22972972972972974,0.27107905541015176,0.15905669844455594,0.2964124435524335,0.7744932432432432
10.0,1.4285714285714286,20.3,23.81,0.0,3.3,1.81,0.4,0.06896551724137931,batch,421000400,Round Robin,0.21629950747588386,0.2201834862385321,0.26613606628870473,0.13388573920628,0.26323950302142807,0.7584097859327217
10.0,1.6666666666666667,19.2,86.36,0.0,4.3,0.61,0.4,0.057291666666666664,batch,421000401,Round Robin,0.2835038582947819,0.1855478737584431,0.20219554064900755,0.1402073104200764,0.31573922531369336,0.7615606936416185
10.0,1.6666666666666667,21,56.2,0.0,3.2,1.96,0.6,0.07142857142857142,batch,421000402,Round Robin,0.2350760275462051,0.17992303727024805,0.2078442808929863,0.14405324173465006,0.337805925289824,0.7523501762632198
10.0,1.6666666666666667,18.3,53.01,0.0,2.8,1.36,0.4,0.08196721311475409,batch,421000403,Round Robin,0.1950930310076585,0.16457783641160947,0.15868767980037723,0.14079147640791478,0.33548959918822935,0.753957783641161
10.0,2.0,21.8,85.36,0.0,3.3,0.81,0.5,0.08256880733944955,batch,421000404,Round Robin,0.270291031448269,0.21914909309948077,0.23096763457858396,0.1484268125854993,0.2969676242590059,0.7616690240452617
10.0,1.6666666666666667,19.5,93.05,0.0,2,1.8,0.4,0.046153846153846156,batch,421000405,Round Robin,0.2969067328918322,0.2104166666666667,0.20428796897041593,0.14928256070640175,0.2814569536423841,0.7533333333333334
10.0,2.5,22.1,83.69,0.0,3,1.2,0.4,0.07239819004524888,batch,421000406,Round Robin,0.23292519768097059,0.18437585441493218,0.22056509652385925,0.15148063781321186,0.3156907662917399,0.757620164126612
10.0,2.0,18.8,68.76,0.0,2.1,0.89,0.5,0.09574468085106383,batch,421000407,Round Robin,0.2206087987386696,0.20670786846329442,0.15577190542420025,0.1330818965517241,0.31654094827586204,0.7552155771905424
10.0,1.6666666666666667,24.7,69.01,0.0,2.4,1.24,0.7,0.11740890688259109,batch,421000408,Round Robin,0.2922467345184281,0.2265159183560276,0.14778037383177572,0.13649851632047474,0.2770771513353116,0.7526285046728972
10.0,5.0,17.9,53.69,0.0,2.7,2.41,0.3,0.05027932960893855,batch,421000409,Round Robin,0.22712579443348674,0.1997795424689717,0.24425434372617472,0.14241001564945227,0.29851330203442883,0.7529585798816568
10.0,2.0,22.4,39.04,0.0,3.3,0.81,0.7,0.08928571428571429,batch,421000410,Round Robin,0.21035535336845382,0.2156401552337052,0.1731033335836829,0.1423183803096467,0.28359129414554285,0.7647420147420148
10.0,2.0,20.1,45.89,0.0,2.5,1.65,0.6,0.0845771144278607,batch,421000411,Round Robin,0.25550909371116665,0.21846776115294184,0.22334621519669717,0.14868603042876902,0.28257112558872466,0.7556417489421721
10.0,3.3333333333333335,21.9,65.29,0.0,3.2,2.36,0.4,0.0593607305936073,batch,421000412,Round Robin,0.2534191176470588,0.20437499999999997,0.2535294117647059,0.1403361344537815,0.2894957983193277,0.760625
10.0,2.5,20.2,38.56,0.0,2.5,2.45,0.3,0.04455445544554455,batch,421000413,Round Robin,0.26214918531456044,0.24675885782155949,0.2631873857671094,0.1458980044345898,0.2659645232815965,0.7543923865300146
10.0,5.0,20.8,88.36,0.0,3,1.6,0.5,0.07692307692307693,batch,421000414,Round Robin,0.2132501428949516,0.17044146748918454,0.15693841171983244,0.13865147198480532,0.3221747388414055,0.7587822014051522
10.0,2.0,22.2,72.36,0.0,2.9,1.49,0.6,0.11261261261261261,batch,421000415,Round Robin,0.2770884141384581,0.18628013777267508,0.17876217204575415,0.14400871459694992,0.3236383442265795,0.7560275545350172
10.0,2.5,21.9,75.29,0.0,3.2,1.16,0.4,0.0502283105022831,batch,421000416,Round Robin,0.31489919171737346,0.21728650137741048,0.27986785941331394,0.14747252747252748,0.2895120337938395,0.7610192837465565
10.0,2.5,20.7,91.21,0.0,3.3,3.01,0.5,0.10144927536231885,batch,421000417,Round Robin,0.34949791918378303,0.23957339933497349,0.27205128205128204,0.1594871794871795,0.2695019465700095,0.7639616055846422
10.0,1.6666666666666667,20,45,0.0,3.5,1.45,0.4,0.06,batch,421000418,Round Robin,0.20561616662534093,0.18367987820761433,0.22017681251825647,0.14307557885539537,0.30941459152468326,0.7635135135135136
10.0,1.6666666666666667,18.5,37.85,0.0,2.8,1.76,0.6,0.11351351351351352,batch,421000419,Round Robin,0.32571360450389936,0.2329935155607741,0.23121352912521687,0.1390471258415329,0.27852395669826935,0.7570132013201321
10.0,3.3333333333333335,21.3,94.01,0.0,3.7,2.21,0.5,0.10328638497652583,batch,421000420,Round Robin,0.2277595492777119,0.17800177712381676,0.16461111240391257,0.14240362811791385,0.3227891156462585,0.7636830102622577
10.0,2.5,24.6,53.04,0.0,3.3,1.81,0.7,0.09349593495934959,batch,421000421,Round Robin,0.2190031514067424,0.2509418425429962,0.21077532199614404,0.14590443686006827,0.29965870307167236,0.765142150803461
10.0,1.1111111111111112,24.5,69.45,0.0,2.9,2.09,0.7,0.08979591836734693,batch,421000422,Round Robin,0.22898720424915497,0.19991051927006268,0.1529719942056977,0.14105504587155962,0.2956804281345566,0.756578947368421
10.0,3.3333333333333335,21.2,68.16,0.0,3.7,2.61,0.6,0.09433962264150944,batch,421000423,Round Robin,0.2573300564314685,0.21394651578672177,0.23453996880650954,0.1434056007226739,0.30826558265582654,0.7678812415654521
10.0,3.3333333333333335,23.3,88.81,0.0,3,2.8,0.6,0.0944206008583691,batch,421000424,Round Robin,0.24709053846926635,0.2093628088426528,0.22156498049976067,0.14609408718170044,0.2819378506689685,0.7584525357607282
10.0,2.0,23.9,62.09,0.0,2.6,1.24,0.7,0.1087866108786611,batch,421000425,Round Robin,0.2230173589441324,0.21102096479670848,0.1628654970760234,0.1298257171254883,0.3029644268774704,0.75
10.0,1.4285714285714286,24.3,60.21,0.0,2.4,2.04,0.7,0.102880658436214,batch,421000426,Round Robin,0.2668107009284336,0.2327130992420944,0.2106169084475839,0.14008545011345253,0.3050771438823107,0.75
10.0,1.6666666666666667,25.3,66.41,0.0,2,2,0.6,0.09486166007905138,batch,421000427,Round Robin,0.2540354474765121,0.21565315315315314,0.2579129980369039,0.14621500172830973,0.31895955755271344,0.7539414414414414
10.0,2.5,20,73.6,0.0,3.2,2.96,0.5,0.095,batch,421000428,Round Robin,0.27124641277240996,0.18549506873691993,0.14641057934508814,0.1300995024875622,0.3534825870646766,0.7531486146095718
10.0,2.0,19.1,55.49,0.0,3.1,2.09,0.4,0.06806282722513089,batch,421000429,Round Robin,0.26597754887184366,0.20170015455950546,0.2146833130133984,0.14440993788819878,0.2782091097308489,0.7600463678516229
10.0,1.6666666666666667,19.1,85.89,0.0,3.5,2.05,0.5,0.07853403141361257,batch,421000430,Round Robin,0.2279050500072228,0.18443113885282997,0.1866433554549085,0.1466821885913853,0.31344586728754364,0.7671532846715328
10.0,2.5,20.2,98.56,0.0,3.3,1.61,0.5,0.07425742574257425,batch,421000431,Round Robin,0.24307285917047786,0.1801470588235294,0.19418171424065606,0.1455764075067024,0.29423592493297585,0.7636029411764707
10.0,2.0,19.3,64.01,0.0,3.4,1.84,0.4,0.05181347150259067,batch,421000432,Round Robin,0.22564902823095473,0.18984962406015038,0.19689317633706907,0.12695417789757413,0.2963611859838275,0.7567669172932331
10.0,3.3333333333333335,23.8,80.16,0.0,2.5,1.45,0.6,0.08403361344537816,batch,421000433,Round Robin,0.19301720576836498,0.17167167167167166,0.2042964525576581,0.14180834621329216,0.3353941267387945,0.754004004004004
10.0,2.5,18.7,87.21,0.0,2.7,1.61,0.5,0.09090909090909091,batch,421000434,Round Robin,0.27095822405395276,0.19526732436186006,0.19514411149554797,0.1440351841671248,0.2992028587135789,0.750796178343949
10.0,1.4285714285714286,13.4,26.84,0.0,3.6,1.24,0.1,0.03731343283582089,batch,421000435,Round Robin,0.28350515463917525,0.2238192055051611,0.17578920407248508,0.15022091310751104,0.2876358796423194,0.7706521739130434
10.0,1.4285714285714286,22.4,56.24,0.0,3.2,1.36,0.7,0.11607142857142858,batch,421000436,Round Robin,0.2261079094044916,0.18255568309538434,0.14409968323970532,0.12494912494912494,0.2951770451770452,0.7582690187431091
10.0,2.5,22.7,102.61,0.0,3,2.4,0.6,0.1013215859030837,batch,421000437,Round Robin,0.26667620439693585,0.21101231190150474,0.17343550099354874,0.14784821841739937,0.27545118000925495,0.7554719562243501
10.0,1.6666666666666667,19.8,48.76,0.0,3,2.2,0.4,0.05555555555555555,batch,421000438,Round Robin,0.23974291416930632,0.21855828220858894,0.2862952823517527,0.15307101727447214,0.24925079189383323,0.7584355828220859
10.0,1.6666666666666667,16.9,30.09,0.0,2.8,1.76,0.3,0.05917159763313609,batch,421000439,Round Robin,0.22681376729853905,0.1865130170983172,0.18233840337217436,0.13408259278619966,0.3095922634605332,0.7572714681440443
10.0,1.25,18.4,88.64,0.0,3.6,1.84,0.3,0.059782608695652176,batch,421000440,Round Robin,0.2541450665190867,0.16466165413533834,0.18666377229236933,0.14548591144335826,0.3201552616446234,0.762406015037594
10.0,1.6666666666666667,22.8,77.16,0.0,2.8,1.76,0.6,0.12280701754385964,batch,421000441,Round Robin,0.2819337520259319,0.23378053664397275,0.23391283427876822,0.12945705024311183,0.2996353322528363,0.75
10.0,2.5,21.8,65.96,0.0,2.5,2.25,0.6,0.07339449541284404,batch,421000442,Round Robin,0.2554311057451761,0.1969221105527638,0.23249585548544147,0.14350649350649353,0.30268146970371906,0.7537688442211055
10.0,1.4285714285714286,20.8,65.56,0.0,3.1,1.49,0.6,0.10576923076923077,batch,421000443,Round Robin,0.2614298051892861,0.19197707736389685,0.1683759243172694,0.12895927601809956,0.30027652086475615,0.755730659025788
10.0,3.3333333333333335,24.5,65.65,0.0,3,2,0.5,0.07755102040816327,batch,421000444,Round Robin,0.2603725626328531,0.23836405495846935,0.195610985224323,0.1494054468738013,0.2684119677790564,0.752375296912114
10.0,2.5,23.1,69.69,0.0,3.1,1.69,0.5,0.08658008658008658,batch,421000445,Round Robin,0.25398534083113405,0.19117199766879595,0.18823592881847503,0.1422108575924469,0.3432336742722266,0.7513340448239061
10.0,1.6666666666666667,21.5,61.85,0.0,2.5,2.45,0.4,0.08372093023255814,batch,421000446,Round Robin,0.27643892588111796,0.18675059952038367,0.19435440278226734,0.14933675652545997,0.3026315789473684,0.7541966426858513
10.0,1.4285714285714286,18.5,73.85,0.0,2.5,0.65,0.4,0.08648648648648649,batch,421000447,Round Robin,0.2579977196554784,0.20287958115183247,0.21973613293010869,0.14536478332419084,0.28933633476577714,0.7543630017452008
10.0,1.4285714285714286,20.9,53.09,0.0,2.3,2.21,0.6,0.10526315789473684,batch,421000448,Round Robin,0.207245603325683,0.16989987484355445,0.15846556606293744,0.13669391462306996,0.2931425976385104,0.7537546933667083
10.0,1.4285714285714286,15.9,43.09,0.0,2.9,1.69,0.2,0.0440251572327044,batch,421000449,Round Robin,0.24168134633532556,0.19117647058823525,0.19499423298731255,0.14242424242424243,0.2906060606060606,0.7569204152249135
10.0,2.5,19.2,63.36,0.0,4.2,0.36,0.4,0.057291666666666664,batch,421000450,Round Robin,0.23016394938921106,0.1929955290611028,0.2283949508914944,0.1405622489959839,0.2924196787148594,0.7637853949329358
10.0,1.25,23.4,69.84,0.0,2.6,2.04,0.4,0.05128205128205128,batch,421000451,Round Robin,0.20993979535588778,0.18832930556157615,0.22952266933094467,0.1444136291600634,0.300122611563092,0.7567934782608696
10.0,1.6666666666666667,21.9,41.29,0.0,3.4,2.04,0.5,0.0593607305936073,batch,421000452,Round Robin,0.24621483286616846,0.21203014499906733,0.19476927609699582,0.14786395686437165,0.2827664869348818,0.7618623962040332
10.0,1.6666666666666667,21.9,39.69,0.0,3.1,1.69,0.6,0.0730593607305936,batch,421000453,Round Robin,0.24474295499744575,0.2187910643889619,0.2504088366548969,0.1466992665036675,0.269559902200489,0.7519710906701709
10.0,2.0,24.3,108.41,0.0,3.3,1.81,0.6,0.0823045267489712,batch,421000454,Round Robin,0.29171834171834166,0.22312887669316722,0.21183846183846183,0.13939393939393938,0.28748097553732505,0.7641570141570142
10.0,1.4285714285714286,21.2,59.16,0.0,2.6,1.64,0.5,0.07547169811320754,batch,421000455,Round Robin,0.29003406239928214,0.22742871027135203,0.24904195552297478,0.1534934497816594,0.28406113537117905,0.7557887120115774
10.0,2.0,21.5,75.25,0.0,3.1,2.49,0.6,0.11162790697674418,batch,421000456,Round Robin,0.2687324385492273,0.228797624073854,0.22051830429929897,0.13692377909630304,0.30773619351894116,0.7566371681415929
10.0,2.0,22.2,125.56,0.0,3.6,2.24,0.5,0.08108108108108109,batch,421000457,Round Robin,0.26174951385512885,0.21697801807770573,0.1931970102090423,0.1497326203208556,0.2913223140495868,0.7720588235294117
10.0,3.3333333333333335,20.1,63.49,0.0,3.1,1.09,0.6,0.10945273631840796,batch,421000458,Round Robin,0.2721037970084176,0.21795103916890216,0.2149480467002928,0.1438526630164261,0.30926527348244376,0.7614985163204748
10.0,2.5,23.8,73.36,0.0,2.8,1.76,0.5,0.06722689075630252,batch,421000459,Round Robin,0.2835828559478374,0.19585253456221197,0.22614115050526926,0.14080226904376014,0.30262707902419966,0.7546082949308756
10.0,2.0,26.6,56.64,0.0,3.1,1.69,0.9,0.10902255639097744,batch,421000460,SRTF,0.20165092692926406,0.20323741007194243,0.11335717916350149,0.12703804347826086,0.29245923913043476,0.7530832476875642
10.0,2.0,23.7,118.01,0.0,2.4,2.04,0.5,0.0759493670886076,batch,421000461,Round Robin,0.24923479583679994,0.18629107990548244,0.15895701805902213,0.13107014388489205,0.3188610443420964,0.7545351473922903
10.0,1.6666666666666667,23.4,60.64,0.0,3.3,2.01,0.5,0.07264957264957266,batch,421000462,Round Robin,0.25854798406159246,0.2141776031930882,0.22046869723779294,0.14901960784313728,0.29470588235294115,0.7611940298507462
10.0,2.5,21.3,46.61,0.0,3.4,1.04,0.4,0.051643192488262914,batch,421000463,Round Robin,0.2457542745959868,0.1942124105011933,0.22568971947292069,0.14243820695433596,0.29377880184331795,0.7670047732696897
10.0,1.6666666666666667,20,73.2,0.0,2.9,1.89,0.3,0.05,batch,421000464,Round Robin,0.23887599988125877,0.17910101290625347,0.1651108518086348,0.12646771037181992,0.300880626223092,0.7572928821470245
10.0,2.5,15.1,24.29,0.0,2.9,2.49,0.3,0.07947019867549669,batch,421000465,Round Robin,0.2576265258568188,0.21965826164226293,0.24449538602081258,0.15079834417504434,0.2943524541691307,0.7593283582089552
10.0,1.6666666666666667,22.9,65.89,0.0,3.3,1.21,0.6,0.1091703056768559,batch,421000466,Round Robin,0.23632646763866388,0.1756152125279642,0.20758208963256783,0.13933440256615878,0.3268605920720997,0.7539149888143177
10.0,2.0,22.9,67.69,0.0,2.4,1.64,0.5,0.06550218340611354,batch,421000467,Round Robin,0.19374077956363073,0.18644535689719288,0.20426906203897816,0.13954402515723272,0.3100183235796444,0.7536008230452675
10.0,2.0,21,68.8,0.0,3.8,1.76,0.5,0.09047619047619047,batch,421000468,Round Robin,0.2195516415076001,0.19652023125863274,0.15500988169381952,0.1414141414141414,0.32479557479557475,0.770077720207254
10.0,1.6666666666666667,24.1,90.49,0.0,2.3,1.21,0.6,0.1037344398340249,batch,421000469,Round Robin,0.2518259241905216,0.2147239263803681,0.21465934775589282,0.12920459042342702,0.31206677826863466,0.753680981595092
10.0,2.0,19.9,23.29,0.0,3.5,1.85,0.5,0.07035175879396985,batch,421000470,Round Robin,0.2564595666818464,0.23858447488584478,0.274932614555256,0.1495956873315364,0.2531210640541217,0.7648401826484018
10.0,2.5,22.3,45.41,0.0,3.7,1.21,0.5,0.08968609865470852,batch,421000471,Round Robin,0.21816770683545827,0.22428759588439362,0.2389220668988881,0.14016489988221437,0.2855319984295249,0.7619196988707654
10.0,2.0,26.5,67.65,0.0,3.3,1.61,0.8,0.10943396226415095,batch,421000472,Round Robin,0.21047841722384408,0.17879464285714283,0.1789558647064837,0.1422214897824654,0.3039907256102004,0.7600446428571428
10.0,1.6666666666666667,20.5,55.05,0.0,1.9,1.69,0.4,0.05853658536585366,batch,421000473,Round Robin,0.251980589585332,0.23630672926447574,0.25584979638732536,0.14308318264014463,0.2730725807097667,0.7546948356807512
10.0,1.6666666666666667,15.8,28.16,0.0,3.2,1.36,0.3,0.06962025316455696,batch,421000474,Round Robin,0.2959471124641656,0.2266734279918864,0.2585709566150272,0.14477524810274373,0.2657618213660245,0.75
10.0,2.5,21.3,69.21,0.0,2.7,1.01,0.4,0.06103286384976526,batch,421000475,Round Robin,0.24886397919223457,0.20927152317880796,0.20945331808017245,0.13777089783281732,0.2785272003538257,0.7552980132450331
10.0,1.6666666666666667,19,29.2,0.0,1.9,1.69,0.4,0.07368421052631578,batch,421000476,Round Robin,0.2530227385318678,0.22036474164133743,0.24287609520287934,0.1453734147487083,0.277242837012682,0.7530395136778115
10.0,1.4285714285714286,21.9,90.69,0.0,2.3,2.41,0.7,0.0867579908675799,batch,421000477,Round Robin,0.21409103016275394,0.2211690363349131,0.17580550350857854,0.14777131782945738,0.27737403100775193,0.7555292259083728
10.0,1.4285714285714286,25.2,65.16,0.0,3,2.2,0.6,0.08333333333333333,batch,421000478,Round Robin,0.21421305389480044,0.19543879907621245,0.2291790593770909,0.14149532710280374,0.26906542056074767,0.7583718244803694
10.0,2.0,19.2,24.56,0.0,2.6,2.04,0.3,0.057291666666666664,batch,421000479,Round Robin,0.23287381596752368,0.21952130749147414,0.24768102330686906,0.1418269230769231,0.2790646853146853,0.7554127198917455
10.0,1.6666666666666667,22,62,0.0,3.4,2.84,0.6,0.07272727272727272,batch,421000480,Round Robin,0.22664671553658805,0.18499491265169068,0.18932318883726149,0.1436665317685148,0.3167745851881829,0.7610795454545455
10.0,1.1111111111111112,20.8,89.56,0.0,3.3,2.61,0.4,0.0673076923076923,batch,421000481,Round Robin,0.2299562682215743,0.18258017492711368,0.20622409581593254,0.13411078717201166,0.3018085415852069,0.7536443148688047
10.0,2.5,23.8,69.36,0.0,2.4,3.04,0.6,0.08403361344537816,batch,421000482,Round Robin,0.26373147015837983,0.2091346153846154,0.21036990599965086,0.14773167894532765,0.2881930981000388,0.7554086538461539
10.0,1.4285714285714286,22.9,76.89,0.0,3.6,1.84,0.6,0.08296943231441048,batch,421000483,Round Robin,0.2615910634807438,0.22185746217961547,0.18347287715258212,0.12956740865182692,0.30753884922301555,0.7620805369127517
10.0,1.25,26.4,65.44,0.0,2.8,1.36,0.8,0.0946969696969697,batch,421000484,Round Robin,0.2231648694480382,0.20168954593453006,0.13534739666871817,0.12701072386058979,0.2987418457490564,0.7521119324181627
10.0,1.6666666666666667,17.6,50.84,0.0,2.9,1.89,0.3,0.05113636363636364,batch,421000485,Round Robin,0.21898021145377194,0.19337944743233174,0.14632276999144778,0.13653637350705755,0.30130293159609123,0.7521520803443329
10.0,2.0,23.7,57.41,0.0,3.2,1.36,0.6,0.10126582278481013,batch,421000486,Round Robin,0.24430803530315603,0.18445287107258937,0.22975467228993682,0.1428031734038534,0.29323625363995304,0.7589382448537378
10.0,2.0,19,49.2,0.0,2.9,0.49,0.5,0.10526315789473684,batch,421000487,Round Robin,0.22266948610965154,0.20641350374294395,0.2126603688376756,0.14187866927592954,0.3055283757338552,0.7550798258345428
10.0,1.6666666666666667,22,71,0.0,2.8,2.36,0.5,0.07272727272727272,batch,421000488,Round Robin,0.22377972094347678,0.19782183499288764,0.22472563001281376,0.14666188125860186,0.30770964833183045,0.75
10.0,3.3333333333333335,19.2,123.16,0.0,3.6,1.64,0.4,0.08854166666666667,batch,421000489,SJF,0.25712041478646513,0.12802071346375143,0.1330794791895631,0.14438202247191012,0.37387640449438203,0.7638089758342923
10.0,1.25,24.9,32.69,0.0,3.1,2.69,0.8,0.12048192771084337,batch,421000490,Round Robin,0.25445915843876776,0.22184684684684686,0.17146237116859242,0.13142563399588758,0.2697052775873886,0.7561936936936937
10.0,1.25,26.2,90.36,0.0,2.7,2.61,0.7,0.08778625954198473,batch,421000491,Round Robin,0.2765732190778811,0.23604060913705585,0.25281788800186294,0.14280429152793192,0.2820014798372179,0.7538071065989848
10.0,2.5,16.9,62.49,0.0,2.6,2.44,0.3,0.0650887573964497,batch,421000492,Round Robin,0.2074569934123413,0.18090589854720415,0.198241688506486,0.13962375073486183,0.3120223398001176,0.7538940809968847
10.0,2.0,21.6,31.24,0.0,2.6,1.44,0.6,0.0787037037037037,batch,421000493,Round Robin,0.22616665853777498,0.21089901477832512,0.23562486156646575,0.140990099009901,0.2804950495049505,0.7573891625615763
10.0,2.0,23.5,72.25,0.0,4,1.4,0.7,0.08936170212765958,batch,421000494,Round Robin,0.271645370848391,0.25102329690937286,0.17883826650605172,0.12919463087248323,0.2850251677852349,0.7564102564102564
10.0,2.0,18.5,46.65,0.0,2.8,2.16,0.3,0.06486486486486487,batch,421000495,Round Robin,0.23279356911432386,0.2008616120008529,0.17191320210188135,0.14646464646464646,0.29898989898989903,0.7526954177897573
10.0,2.0,15.9,60.09,0.0,2.9,1.09,0.3,0.07547169811320754,batch,421000496,Round Robin,0.24787184017157124,0.2315207524727682,0.2365186869381903,0.14495657982631932,0.30527826018720705,0.763157894736842
10.0,1.6666666666666667,21.3,154.01,0.0,3.5,2.85,0.4,0.056338028169014086,batch,421000497,Round Robin,0.23681854357341825,0.1692200557103064,0.17795820805172177,0.14947600661886373,0.32308328736900166,0.7646239554317549
10.0,1.4285714285714286,14.7,65.01,0.0,3.2,2.36,0.2,0.04081632653061224,batch,421000498,Round Robin,0.29533615054148704,0.2210059400236758,0.1952771631205674,0.14710252600297175,0.27823179791976227,0.7618203309692672
10.0,2.5,21.2,59.56,0.0,2.6,1.44,0.5,0.07075471698113207,batch,421000499,Round Robin,0.2607439694097036,0.2269025292948315,0.27108526154101,0.1483784984451355,0.2777654375832963,0.7507062146892656
8.0,0.8,26,159,0.0,3.75,1.4375,0.25,0.009615384615384616,cpu_intensive,422000000,Round Robin,0.26516613527701866,0.19730005287658825,0.1401799100449775,0.13835701050030882,0.3423409512044472,0.7638680659670165
8.0,0.8888888888888888,33.25,153.4375,0.0,3.375,2.234375,0.375,0.018796992481203006,cpu_intensive,422000001,Round Robin,0.2550581434428984,0.20897537521312531,0.22717090956655386,0.1514935988620199,0.3162568796951206,0.7535121328224776
8.0,1.1428571428571428,28.25,143.9375,0.0,3.375,2.234375,0.375,0.022123893805309734,cpu_intensive,422000002,SRTF,0.3001843334421147,0.2221511506106269,0.1373601043377488,0.15077098800685323,0.34137635636778985,0.7581845238095238
8.0,1.6,30,169.25,0.0,3,2.5,0.375,0.020833333333333332,cpu_intensive,422000003,Round Robin,0.2511462355212355,0.20390160196309928,0.20533348474524946,0.14652888182299947,0.2909434941409557,0.7626488095238095
8.0,0.6153846153846154,39.25,150.6875,0.0,3.625,1.734375,0.75,0.03184713375796178,cpu_intensive,422000004,Round Robin,0.21718681909237003,0.20606699735933057,0.18768645565455838,0.14712599923867528,0.302912066996574,0.7601809954751131
8.0,1.1428571428571428,26.25,89.4375,0.0,3.75,1.4375,0.25,0.023809523809523808,cpu_intensive,422000005,Round Robin,0.1986033358964593,0.1716523161775324,0.19209431345353675,0.11787564766839378,0.2958549222797927,0.7631761442441054
8.0,2.0,24.875,62.109375,0.0,2.625,2.234375,0.25,0.010050251256281407,cpu_intensive,422000006,Round Robin,0.21862686948594617,0.19435215946843853,0.2343160570772511,0.14753157290470723,0.2871227664726764,0.7583056478405316
8.0,4.0,29.875,150.859375,0.0,2.875,1.109375,0.375,0.012552301255230125,cpu_intensive,422000007,Round Robin,0.24936443119292484,0.17759168428884708,0.18628799402871402,0.1360153256704981,0.32375478927203066,0.7531328320802004
8.0,0.8,26.625,163.234375,0.0,2.375,2.484375,0.25,0.018779342723004695,cpu_intensive,422000008,Round Robin,0.26586602328876424,0.1842327150084317,0.18382955117233307,0.15043695380774033,0.3013473735087842,0.7516863406408094
8.0,0.8,27.125,110.859375,0.0,3.25,1.9375,0.375,0.02304147465437788,cpu_intensive,422000009,Round Robin,0.25286463143546856,0.2168310233692779,0.13313609467455623,0.1286329386437029,0.2863293864370291,0.7629437869822485
8.0,0.6153846153846154,29.875,186.359375,0.0,3.375,1.484375,0.375,0.029288702928870293,cpu_intensive,422000010,Round Robin,0.22545928462297865,0.19933018969700161,0.17415035775504653,0.13743815283122596,0.29288070368334246,0.7658850226928895
8.0,1.0,33.625,202.984375,0.0,1.75,1.6875,0.625,0.03717472118959108,cpu_intensive,422000011,Round Robin,0.2636344596711687,0.20628456650505986,0.19976054730949264,0.14658058345289335,0.3327355332376853,0.7537931034482759
8.0,1.0,30.625,138.984375,0.0,2.625,1.484375,0.375,0.02040816326530612,cpu_intensive,422000012,Round Robin,0.26675606667421675,0.21238728171518584,0.15499306518723993,0.14342523860021208,0.286633128829088,0.7572815533980582
8.0,1.0,29.625,290.234375,0.0,3.125,2.359375,0.5,0.029535864978902954,cpu_intensive,422000013,SRTF,0.2665482648755705,0.14591836734693878,0.12120898992508397,0.14208860759493672,0.35727848101265824,0.7612244897959184
8.0,0.8888888888888888,28.375,148.734375,0.0,2.5,2,0.5,0.030837004405286344,cpu_intensive,422000014,Round Robin,0.2733552402556293,0.1579330422125182,0.19183801487220015,0.12013348164627363,0.3236929922135706,0.7540029112081514
8.0,0.7272727272727273,27.25,192.9375,0.0,2.625,1.484375,0.375,0.03211009174311927,cpu_intensive,422000015,SRTF,0.21721778429449645,0.16119397182365505,0.10039370078740158,0.11970979443772672,0.33675937122128174,0.7559055118110236
8.0,0.7272727272727273,35.375,132.984375,0.0,3.125,2.359375,0.625,0.0353356890459364,cpu_intensive,422000016,Round Robin,0.19939460770710016,0.17511933174224345,0.18257062774046734,0.13109895120839032,0.2839717282261742,0.7592482100238663
8.0,1.0,30.125,117.609375,0.0,2.75,2.6875,0.5,0.024896265560165973,cpu_intensive,422000017,Round Robin,0.2574843833369025,0.18203866195135693,0.22254116955286074,0.1379910492292392,0.28729487817006466,0.7598540145985402
8.0,0.8888888888888888,29,180,0.0,2.375,1.484375,0.375,0.03017241379310345,cpu_intensive,422000018,Round Robin,0.3148566007385077,0.22570602332680859,0.1880593296630923,0.14717403469501958,0.26818690542809176,0.7549283154121864
8.0,0.8,38.375,96.984375,0.0,3.375,2.234375,0.875,0.05863192182410423,cpu_intensive,422000019,SRTF,0.22568333052560646,0.21936714483069333,0.11383928571428571,0.13443396226415094,0.2549135220125786,0.7639508928571428
8.0,0.8,36.75,65.9375,0.0,2.75,2.6875,0.75,0.047619047619047616,cpu_intensive,422000020,Round Robin,0.22999844541580552,0.21662216288384512,0.2064624979424621,0.13375190258751904,0.2880517503805175,0.7513351134846462
8.0,0.6153846153846154,24.875,95.359375,0.0,3.5,1.75,0.125,0.010050251256281407,cpu_intensive,422000021,SRTF,0.291804756311831,0.27775625662687525,0.14595128866971863,0.15780875540922937,0.3110034207525656,0.7545909849749582
8.0,1.1428571428571428,32.125,110.859375,0.0,3.375,1.734375,0.5,0.023346303501945526,cpu_intensive,422000022,Round Robin,0.2570786343006464,0.23033282904689864,0.2616097885747865,0.1650309917355372,0.2753099173553719,0.7685325264750378
8.0,1.1428571428571428,31.75,200.4375,0.0,3.375,1.734375,0.5,0.031496062992125984,cpu_intensive,422000023,Round Robin,0.1720227338204866,0.1338100102145046,0.14782614389355964,0.12913752913752913,0.3525641025641026,0.7584269662921348
8.0,0.8888888888888888,30.5,215.5,0.0,3,1.75,0.25,0.01639344262295082,cpu_intensive,422000024,Round Robin,0.29502501389660923,0.2076,0.22382901612006673,0.15147304057809893,0.2591228460255698,0.7536
8.0,1.6,35.125,193.359375,0.0,2.25,2.6875,0.625,0.02491103202846975,cpu_intensive,422000025,Round Robin,0.24676631505230448,0.21217936251970926,0.23372390248172625,0.1421505376344086,0.29021505376344087,0.7547489823609226
8.0,1.3333333333333333,35.875,92.109375,0.0,3.875,0.859375,0.625,0.0313588850174216,cpu_intensive,422000026,Round Robin,0.20436701728024043,0.20148809523809524,0.24073226895822325,0.13692712246431255,0.3069120961682945,0.7607142857142857
8.0,0.7272727272727273,32.875,124.109375,0.0,3.5,1.5,0.5,0.030418250950570342,cpu_intensive,422000027,Round Robin,0.2695606719845298,0.1998730964467005,0.1894960116026106,0.1530952380952381,0.2928571428571428,0.7658629441624365
8.0,2.0,30.875,165.859375,0.0,2.875,1.359375,0.75,0.03643724696356275,cpu_intensive,422000028,Round Robin,0.24724217705137283,0.21546052631578946,0.21489445657304695,0.13901345291479822,0.3234927752864972,0.7549342105263157
8.0,0.7272727272727273,30.125,142.859375,0.0,3,1.5,0.375,0.016597510373443983,cpu_intensive,422000029,Round Robin,0.2690877233700238,0.20424526770386162,0.2135400254012898,0.14278776104905294,0.28521126760563376,0.7573746312684366
8.0,1.3333333333333333,38,246.5,0.0,2.625,1.734375,0.625,0.039473684210526314,cpu_intensive,422000030,Round Robin,0.21731174808319653,0.18961848285740548,0.2012647521033589,0.1381760757994473,0.2995459928938018,0.7538377192982456
8.0,0.8,32.375,121.484375,0.0,2.75,1.6875,0.5,0.03088803088803089,cpu_intensive,422000031,Round Robin,0.24225014216228222,0.1740395809080326,0.19747780926092698,0.13270440251572327,0.34035639412997903,0.7549476135040745
8.0,1.1428571428571428,31.875,123.359375,0.0,2.875,1.859375,0.375,0.027450980392156862,cpu_intensive,422000032,Round Robin,0.23375747272984843,0.20819361314432194,0.2434008763335776,0.13238419039524013,0.28548661283467913,0.7556666666666667
8.0,0.5714285714285714,29.875,85.359375,0.0,3.125,2.109375,0.375,0.03765690376569038,cpu_intensive,422000033,Round Robin,0.3295835046844638,0.256450768482854,0.272610065896285,0.17209045780474352,0.2782378616985186,0.7685512367491166
8.0,1.3333333333333333,35.25,174.9375,0.0,3,1.5,0.75,0.03900709219858156,cpu_intensive,422000034,Round Robin,0.2212692266408728,0.19851532057613616,0.1704274307273398,0.1329958582604694,0.2697890709912243,0.7597184986595173
8.0,0.8,36.625,197.984375,0.0,3.125,2.359375,0.625,0.030716723549488054,cpu_intensive,422000035,Round Robin,0.2010989219197029,0.18236301369863014,0.19636763674946472,0.13049792531120333,0.295850622406639,0.754566210045662
8.0,1.0,26.5,141.5,0.0,2.875,1.359375,0.25,0.02358490566037736,cpu_intensive,422000036,Round Robin,0.3223404374523778,0.20988805970149255,0.2557953475863924,0.14624624624624624,0.27612612612612614,0.7583955223880596
8.0,1.0,39,182.5,0.0,2.5,2.25,0.75,0.04487179487179487,cpu_intensive,422000037,Round Robin,0.2589304271853589,0.2193939393939394,0.20472570929323583,0.1441578148710167,0.29040212443095603,0.7536363636363637
8.0,1.0,30,213,0.0,4.125,1.609375,0.5,0.041666666666666664,cpu_intensive,422000038,SRTF,0.23708122698529968,0.16477943700152997,0.116183879093199,0.12153579676674364,0.32650115473441105,0.7638539042821159
8.0,0.8888888888888888,23.5,57,0.0,2.375,1.984375,0.25,0.010638297872340425,cpu_intensive,422000039,Round Robin,0.2346018624539584,0.16165419755499907,0.18100511073253833,0.13266545233758348,0.28309046751669703,0.7576660988074957
8.0,1.0,33.25,203.9375,0.0,3.375,2.234375,0.5,0.022556390977443608,cpu_intensive,422000040,Round Robin,0.2889670246693326,0.18570451436388508,0.21891566996490303,0.14823348694316435,0.3017153097798259,0.7554719562243501
8.0,1.6,31.375,106.484375,0.0,2.625,2.484375,0.375,0.02390438247011952,cpu_intensive,422000041,Round Robin,0.23043194284771232,0.19992467793365218,0.24111652834537525,0.14514672686230248,0.2971102336147108,0.7558859975216852
8.0,1.0,28.5,142.75,0.0,2.375,1.234375,0.375,0.03070175438596491,cpu_intensive,422000042,Round Robin,0.23761094674556216,0.19877811695399447,0.23352235371466143,0.13808760683760685,0.29914529914529914,0.7551775147928994
8.0,1.1428571428571428,33.25,152.6875,0.0,2.875,1.609375,0.75,0.03007518796992481,cpu_intensive,422000043,Round Robin,0.3110653732851675,0.2432644105087461,0.21557846675955242,0.14855072463768115,0.29913949275362317,0.7551928783382789
8.0,1.0,29.625,144.734375,0.0,3,2.25,0.375,0.016877637130801686,cpu_intensive,422000044,Round Robin,0.2497667760406614,0.1794512210648285,0.21922477734579646,0.1326963906581741,0.3243099787685775,0.755050505050505
8.0,1.0,26.625,79.484375,0.0,3,2.75,0.5,0.051643192488262914,cpu_intensive,422000045,Round Robin,0.2371339735192097,0.22278720172741914,0.246072218651902,0.14098919840818647,0.2788106752095524,0.7640398550724637
8.0,1.0,26.625,189.734375,0.0,3.5,2,0.25,0.018779342723004695,cpu_intensive,422000046,Round Robin,0.2416770634972749,0.17761219374452825,0.1900951036399851,0.14225053078556263,0.3069709837225761,0.761168384879725
8.0,1.3333333333333333,25.875,123.859375,0.0,2.75,1.9375,0.25,0.024154589371980676,cpu_intensive,422000047,Round Robin,0.2872420425942125,0.2168058357284396,0.2108127267549127,0.15942928039702234,0.2829810283197687,0.760341726618705
8.0,1.0,28.25,43.9375,0.0,3.5,2.5,0.25,0.022123893805309734,cpu_intensive,422000048,Round Robin,0.2404746517305759,0.2318181818181818,0.2097618212172011,0.160336268714664,0.26316482359136384,0.7617424242424242
8.0,1.0,30,131.5,0.0,3.375,2.234375,0.5,0.0375,cpu_intensive,422000049,Round Robin,0.2648374829235109,0.21588534659584033,0.14839097867414536,0.1278882321332617,0.303465878559914,0.7600297176820208
8.0,1.1428571428571428,29,146.5,0.0,2.375,1.984375,0.5,0.034482758620689655,cpu_intensive,422000050,Round Robin,0.18536277232369852,0.17655571635311143,0.19361833613642584,0.13486486486486488,0.30486486486486486,0.7543415340086831
8.0,0.6666666666666666,33.75,179.9375,0.0,3.375,1.484375,0.5,0.03333333333333333,cpu_intensive,422000051,Round Robin,0.18064320931574251,0.1751592356687898,0.14187541653265784,0.12493492972410203,0.26119208745445077,0.7668789808917198
8.0,0.8888888888888888,31.625,96.484375,0.0,2.625,1.234375,0.5,0.03162055335968379,cpu_intensive,422000052,Round Robin,0.22610869211813728,0.19673731097557914,0.1893644617380026,0.12421100090171326,0.27186654643823266,0.75810635538262
8.0,1.6,29.75,115.4375,0.0,2.5,2,0.625,0.037815126050420166,cpu_intensive,422000053,Round Robin,0.23882545767702865,0.17702019552354,0.17602439092146568,0.1352112676056338,0.3396713615023474,0.754733727810651
8.0,1.0,35.75,49.4375,0.0,4,1,0.875,0.04895104895104895,cpu_intensive,422000054,Round Robin,0.21579309250542128,0.21291450009122423,0.21173928980763562,0.13420955201777118,0.2810995927434284,0.7567733990147782
8.0,0.6666666666666666,24.375,31.984375,0.0,3.25,2.1875,0.125,0.015384615384615385,cpu_intensive,422000055,Round Robin,0.2610775221525741,0.22022018126470178,0.25205840098332927,0.16156953260242354,0.2808713214079631,0.7632705479452055
8.0,1.0,38.125,152.859375,0.0,3.5,1.75,0.625,0.03934426229508197,cpu_intensive,422000056,Round Robin,0.22726045607935372,0.20939393939393938,0.23696594743838836,0.13554555680539931,0.3148668916385452,0.753030303030303
8.0,1.3333333333333333,34,165.75,0.0,3.125,1.859375,0.625,0.029411764705882353,cpu_intensive,422000057,Round Robin,0.2457795037997318,0.19311645415653048,0.21156096334376398,0.1510952168082253,0.2924675905230219,0.7615624999999999
8.0,1.0,34.625,115.984375,0.0,3.25,1.9375,0.5,0.02527075812274368,cpu_intensive,422000058,Round Robin,0.18987088561556645,0.19166665052014406,0.21463902527732315,0.14358974358974358,0.29576703788627023,0.7570921985815603
8.0,1.3333333333333333,25.375,103.734375,0.0,3,2.75,0.25,0.019704433497536946,cpu_intensive,422000059,Round Robin,0.28307038834951453,0.22238372093023256,0.24644961229176718,0.1416868932038835,0.2563888386031994,0.75
8.0,1.0,33.375,170.734375,0.0,4.5,0.5,0.75,0.04119850187265917,cpu_intensive,422000060,Round Robin,0.23111848547492111,0.22337485946396837,0.17038461538461538,0.1272984441301273,0.3094059405940594,0.755
8.0,1.1428571428571428,23.875,143.859375,0.0,3.375,1.734375,0.25,0.020942408376963352,cpu_intensive,422000061,Round Robin,0.3001874501083362,0.16934121621621623,0.16668660548296707,0.14064697609001406,0.3319268635724332,0.7639358108108107
8.0,1.6,34.875,178.609375,0.0,2.75,2.6875,0.625,0.04659498207885305,cpu_intensive,422000062,Round Robin,0.25981008232813646,0.18702003254700486,0.1980564311930369,0.136547811993517,0.348257698541329,0.7533185840707964
8.0,1.1428571428571428,34.625,123.734375,0.0,3.125,2.109375,0.625,0.05054151624548736,cpu_intensive,422000063,Round Robin,0.21655431300485445,0.2049432057644287,0.21757371948374898,0.13255439161966157,0.32272360999194194,0.7525673940949935
8.0,1.0,27.625,68.734375,0.0,2.625,2.234375,0.25,0.027149321266968326,cpu_intensive,422000064,Round Robin,0.2831022967355006,0.2325870646766169,0.22104159567459505,0.1589041095890411,0.2686301369863014,0.7562189054726368
8.0,1.6,24.25,177.1875,0.0,1.125,0.109375,0.25,0.020618556701030927,cpu_intensive,422000065,Round Robin,0.28144911766944736,0.2148388700079255,0.2257118125157625,0.13387423935091278,0.2993576741041244,0.7544150110375276
8.0,0.8,30.5,101.25,0.0,2.625,1.984375,0.5,0.028688524590163935,cpu_intensive,422000066,Round Robin,0.23890239197530863,0.21645934840627612,0.250126350308642,0.13925925925925925,0.29074074074074074,0.755859375
8.0,0.8,42.375,42.234375,0.0,3.125,1.859375,0.875,0.04424778761061947,cpu_intensive,422000067,Round Robin,0.20554566797704701,0.23846316066103665,0.21328521838774747,0.14094159713945173,0.27980399964841834,0.7565172054223149
8.0,1.1428571428571428,28.25,205.6875,0.0,3.625,1.984375,0.375,0.02654867256637168,cpu_intensive,422000068,Round Robin,0.2717180023923445,0.18174342105263158,0.19704554122460302,0.1541501976284585,0.2971611712086541,0.7652138157894737
8.0,0.6153846153846154,26.75,107.9375,0.0,3,1.75,0.25,0.02336448598130841,cpu_intensive,422000069,Round Robin,0.2284539941248934,0.18442622950819673,0.19510328816450298,0.12167630057803468,0.2841040462427746,0.7602459016393442
8.0,1.0,30.875,198.859375,0.0,2.75,0.9375,0.5,0.024291497975708502,cpu_intensive,422000070,Round Robin,0.2209097954255474,0.1812590448625181,0.1870627424451314,0.134861932938856,0.3173076923076923,0.7514471780028944
8.0,1.6,37,188.75,0.0,3.25,2.6875,0.5,0.030405405405405407,cpu_intensive,422000071,Round Robin,0.23565061685249278,0.17782969885773625,0.19736122815907675,0.1467631684760756,0.3115199034981906,0.7609034267912773
8.0,1.1428571428571428,36.875,186.109375,0.0,2.875,2.609375,0.75,0.03728813559322034,cpu_intensive,422000072,Round Robin,0.24450572916117805,0.21756225425950196,0.18668715275448594,0.14705882352941177,0.28343207786711805,0.7565530799475754
8.0,1.0,33.5,167.75,0.0,2.375,1.484375,0.625,0.033582089552238806,cpu_intensive,422000073,Round Robin,0.2916573851907953,0.23507913899651525,0.2571154841952873,0.14347040216900137,0.2683009489380931,0.755868544600939
8.0,1.1428571428571428,31.625,115.984375,0.0,2.875,2.109375,0.5,0.039525691699604744,cpu_intensive,422000074,Round Robin,0.3004654581087702,0.2521180854895348,0.19336569579288027,0.12224399804017638,0.27034446754161057,0.752831715210356
8.0,1.3333333333333333,35.125,86.859375,0.0,3.125,1.609375,0.625,0.028469750889679714,cpu_intensive,422000075,Round Robin,0.2443167667117437,0.21834242342169116,0.2601197152971229,0.15137614678899083,0.2760114379857898,0.7625
8.0,1.0,21.625,86.234375,0.0,2.625,1.734375,0.125,0.005780346820809248,cpu_intensive,422000076,Round Robin,0.25062822451521083,0.19432829406411165,0.1906550213485145,0.14024787997390736,0.3064253098499674,0.7566287878787878
8.0,1.3333333333333333,33.625,186.734375,0.0,3.25,1.9375,0.375,0.01858736059479554,cpu_intensive,422000077,Round Robin,0.24438208553148502,0.2166996594914819,0.21542100283822138,0.15423728813559323,0.28341404358353506,0.7625827814569537
8.0,0.8888888888888888,30,116.25,0.0,3.5,1.5,0.375,0.025,cpu_intensive,422000078,Round Robin,0.24279500357846803,0.2047204587991394,0.21895823730917732,0.16324878575283325,0.2988397193739881,0.771101573676681
8.0,1.3333333333333333,30.625,158.484375,0.0,3,0.75,0.625,0.04081632653061224,cpu_intensive,422000079,Round Robin,0.24573997559758193,0.2327764924176479,0.1901066219289002,0.14524291497975708,0.2730263157894737,0.7542808219178082
8.0,0.8,35.25,241.4375,0.0,3.5,1.75,0.625,0.031914893617021274,cpu_intensive,422000080,Round Robin,0.2681397978185688,0.22172619047619047,0.15025775260586713,0.14398171660741493,0.2665058405281869,0.7671130952380952
8.0,0.8,29,127.25,0.0,2,0.75,0.625,0.03879310344827586,cpu_intensive,422000081,Round Robin,0.2171846227017183,0.19015748031496063,0.18954609571583622,0.13267940113577698,0.30678884873515744,0.7531496062992127
8.0,1.1428571428571428,31.125,124.859375,0.0,1.875,1.859375,0.375,0.024096385542168676,cpu_intensive,422000082,Round Robin,0.2588036113317956,0.20897260765482428,0.18576180955421198,0.13535173642030277,0.29407836153161176,0.7540431266846361
8.0,0.8,28.375,164.984375,0.0,3.125,1.859375,0.375,0.030837004405286344,cpu_intensive,422000083,Round Robin,0.2795323627984918,0.24409693129451196,0.19121220519246837,0.1495601173020528,0.32859237536656893,0.75625
8.0,1.0,31.375,183.234375,0.0,3.5,2.5,0.5,0.027888446215139442,cpu_intensive,422000084,Round Robin,0.2758492264156341,0.24758220502901354,0.2336398624249906,0.1552901023890785,0.27417519908987487,0.7698259187620891
8.0,0.8,31.5,105.5,0.0,4,1.25,0.5,0.03571428571428571,cpu_intensive,422000085,Round Robin,0.2897981305253674,0.24003322259136212,0.2556330422451621,0.15154006419280364,0.26598062953995155,0.75
8.0,1.3333333333333333,25.875,143.109375,0.0,2.875,0.609375,0.375,0.033816425120772944,cpu_intensive,422000086,Round Robin,0.24093571846380835,0.20651248247832796,0.14001507539103325,0.13389513108614232,0.284019975031211,0.7508741258741258
8.0,0.8,24.5,146,0.0,3.5,3,0.25,0.02040816326530612,cpu_intensive,422000087,Round Robin,0.2944030581054534,0.20926674092849842,0.165054202182829,0.15495988871407412,0.2913862718707941,0.7661579892280073
8.0,0.6666666666666666,21,45,0.0,3.5,1.75,0.125,0.011904761904761904,cpu_intensive,422000088,Round Robin,0.3094573024740623,0.22726533703610197,0.17380646962311913,0.16799680766161212,0.2327529808288434,0.7569742489270386
8.0,0.8888888888888888,31.375,111.484375,0.0,3.5,2,0.625,0.03187250996015936,cpu_intensive,422000089,Round Robin,0.23705113488694446,0.2138695095352566,0.20492198722736438,0.16754201680672268,0.2933298319327731,0.7555228276877761
8.0,1.0,29.375,101.484375,0.0,2.375,1.234375,0.25,0.02127659574468085,cpu_intensive,422000090,Round Robin,0.27804901853970326,0.23064770932069512,0.22422418332697788,0.14319923371647508,0.2617337164750958,0.7503949447077409
8.0,0.8,29.75,81.1875,0.0,3.375,1.734375,0.375,0.02100840336134454,cpu_intensive,422000091,Round Robin,0.24699872897253508,0.22894324785801246,0.18511730205278593,0.14177545691906004,0.3030026109660574,0.7569648093841642
8.0,0.8,24.125,80.609375,0.0,2.75,1.9375,0.25,0.02072538860103627,cpu_intensive,422000092,Round Robin,0.2456898607839252,0.18965042081522634,0.16010032070334573,0.1371061843640607,0.30280046674445743,0.7574685534591195
8.0,1.1428571428571428,34.75,177.4375,0.0,2.75,0.6875,0.375,0.02158273381294964,cpu_intensive,422000093,Round Robin,0.25504162084095333,0.20536569933646306,0.18978554094415231,0.12461266046923418,0.31485170429393533,0.7568615751789975
8.0,0.6666666666666666,37.625,139.234375,0.0,3,2,0.875,0.046511627906976744,cpu_intensive,422000094,Round Robin,0.2843854804607757,0.20731581729367163,0.17505787037037038,0.14173228346456693,0.2885826771653543,0.7563657407407407
8.0,0.8888888888888888,28.75,89.4375,0.0,4,1.75,0.5,0.043478260869565216,cpu_intensive,422000095,Round Robin,0.2658770277940865,0.18923865300146414,0.23713401879429333,0.15030504714364948,0.29021075984470324,0.7697657393850659
8.0,0.6666666666666666,37.125,151.609375,0.0,2.25,2.1875,0.75,0.04713804713804714,cpu_intensive,422000096,Round Robin,0.2600484757225128,0.24849862445342386,0.18363787958197997,0.13652754362454791,0.3070286195286195,0.75
8.0,1.1428571428571428,34.25,211.9375,0.0,2.875,2.359375,0.375,0.01824817518248175,cpu_intensive,422000097,Round Robin,0.2746328044347243,0.22287666254060295,0.24917420103375568,0.14196047204567805,0.2756908462867012,0.75
8.0,0.8,36.5,127.75,0.0,3.625,2.234375,0.5,0.0273972602739726,cpu_intensive,422000098,Round Robin,0.23541998231653405,0.20532544378698225,0.28195402298850575,0.16482758620689655,0.24278718628851254,0.7562130177514793
8.0,1.6,28.625,126.484375,0.0,2.625,0.484375,0.375,0.026200873362445413,cpu_intensive,422000099,Round Robin,0.24410240433094474,0.18103279242731576,0.15051607521532445,0.13685289595079447,0.3268836494105587,0.753921568627451
8.0,1.6,27.375,117.234375,0.0,2.25,1.4375,0.125,0.0091324200913242,cpu_intensive,422000100,Round Robin,0.2587863160313149,0.23389069970815207,0.270463112547119,0.14808831448572968,0.25806998214614474,0.7546374367622259
8.0,1.6,23.5,97.25,0.0,2.5,1.25,0.125,0.015957446808510637,cpu_intensive,422000101,Round Robin,0.23094337158207884,0.1770417495607162,0.19891638301771294,0.14612015018773467,0.31977471839799754,0.757398753894081
8.0,1.3333333333333333,32.875,202.109375,0.0,2.25,2.1875,0.625,0.04182509505703422,cpu_intensive,422000102,Round Robin,0.28829802565211127,0.20227632881564675,0.15026816980359667,0.13675213675213677,0.29653371320037986,0.754863813229572
8.0,1.0,31.75,101.6875,0.0,2.375,1.984375,0.5,0.03937007874015748,cpu_intensive,422000103,Round Robin,0.23851939763233618,0.2204693992991701,0.264822557994991,0.14751899865891818,0.29045596781403665,0.7584865629420086
8.0,1.0,29.25,157.6875,0.0,3.125,1.109375,0.5,0.042735042735042736,cpu_intensive,422000104,Round Robin,0.29388834005286624,0.22093023255813954,0.26927027438066464,0.15327210103329506,0.23392597619360359,0.7584973166368516
8.0,1.3333333333333333,27.875,150.359375,0.0,2.25,1.1875,0.25,0.026905829596412557,cpu_intensive,422000105,Round Robin,0.26689989785495405,0.21954545454545454,0.24060776302349338,0.14662921348314606,0.2730337078651685,0.7518181818181818
8.0,1.1428571428571428,27.375,85.234375,0.0,3.125,2.109375,0.375,0.0228310502283105,cpu_intensive,422000106,Round Robin,0.26828109322668625,0.2208211338834176,0.2880848748639826,0.15995647442872687,0.2845528383477241,0.7646103896103896
8.0,1.3333333333333333,38.125,163.109375,0.0,2.375,1.484375,0.625,0.029508196721311476,cpu_intensive,422000107,Round Robin,0.22468930932601985,0.1892778594803715,0.20974577875189981,0.13733228097868982,0.25167329245558473,0.7535971223021583
8.0,1.1428571428571428,34.75,173.4375,0.0,3.5,1.25,0.625,0.039568345323741004,cpu_intensive,422000108,Round Robin,0.259620925914068,0.2244423811658236,0.17268041237113402,0.12681159420289856,0.26231884057971017,0.7573637702503682
8.0,1.1428571428571428,28.625,139.734375,0.0,4.375,1.734375,0.625,0.039301310043668124,cpu_intensive,422000109,Round Robin,0.331083809365462,0.23465135136151283,0.24293906082554617,0.168944099378882,0.34937888198757766,0.7672084130019121
8.0,1.0,27.75,45.6875,0.0,3.375,2.234375,0.5,0.03153153153153153,cpu_intensive,422000110,Round Robin,0.22526822082669862,0.23930776565768475,0.2744037714919579,0.1497504159733777,0.250767090691142,0.7661290322580645
8.0,1.1428571428571428,29.375,173.984375,0.0,2.75,1.6875,0.5,0.029787234042553193,cpu_intensive,422000111,Round Robin,0.29380570427800856,0.224178105744663,0.254665274696594,0.1475501113585746,0.26188658836790824,0.7562836624775584
8.0,2.0,27.875,131.109375,0.0,2.25,1.4375,0.25,0.017937219730941704,cpu_intensive,422000112,Round Robin,0.1974366479315657,0.1774628879892038,0.14699651633556163,0.13220424671385236,0.3043478260869565,0.7533738191632928
8.0,0.8,30.625,79.984375,0.0,3.125,1.859375,0.5,0.04081632653061224,cpu_intensive,422000113,SRTF,0.22860985089263655,0.182095006090134,0.14007187057805948,0.14052143172779497,0.3052364118426867,0.7573081607795371
8.0,1.3333333333333333,24.25,29.6875,0.0,3.25,1.4375,0.125,0.010309278350515464,cpu_intensive,422000114,Round Robin,0.27775451263537904,0.24219862067730338,0.25684115523465706,0.16114285714285714,0.2651428571428572,0.7685018050541517
8.0,0.8888888888888888,35.75,228.4375,0.0,1.875,1.859375,0.5,0.03146853146853147,cpu_intensive,422000115,Round Robin,0.27224210013337435,0.21052631578947367,0.25349482471192997,0.15092592592592594,0.27523148148148147,0.7548476454293629
8.0,1.0,36.125,141.859375,0.0,3.5,1.25,0.75,0.031141868512110725,cpu_intensive,422000116,Round Robin,0.22041929440621996,0.19108092735350585,0.20814001130110238,0.12740294006784772,0.32519788918205805,0.7568886337543054
8.0,0.7272727272727273,27.5,106.5,0.0,3,1.75,0.5,0.03636363636363636,cpu_intensive,422000117,Round Robin,0.22867567729825844,0.17845659163987138,0.23624214461154341,0.12987369577155408,0.30601317957166396,0.757636655948553
8.0,1.3333333333333333,29.625,111.984375,0.0,2.625,2.234375,0.375,0.02531645569620253,cpu_intensive,422000118,Round Robin,0.2260777279395646,0.1879032258064516,0.21016537949176267,0.1372190277051751,0.2933873497124935,0.7524193548387097
8.0,1.0,28,141.25,0.0,2.875,0.859375,0.375,0.026785714285714284,cpu_intensive,422000119,Round Robin,0.2265304121333654,0.20296024964866438,0.22840311786169049,0.1406333870101986,0.29186795491143314,0.7538593481989708
8.0,1.1428571428571428,32,126,0.0,2.25,1.9375,0.375,0.01953125,cpu_intensive,422000120,Round Robin,0.24659018563063925,0.18496420047732698,0.1894638382482539,0.13950941743320192,0.30363008512060513,0.7565632458233891
8.0,1.1428571428571428,33,147,0.0,2.625,2.234375,0.625,0.045454545454545456,cpu_intensive,422000121,Round Robin,0.22320547472742502,0.2198296180118102,0.21287472460952622,0.1466731423020884,0.2839970859640602,0.7565217391304349
8.0,0.8,28.25,80.9375,0.0,3.375,0.734375,0.25,0.01327433628318584,cpu_intensive,422000122,Round Robin,0.2501241664351209,0.2305084745762712,0.26152142956376767,0.14293032786885246,0.26485655737704916,0.7605932203389831
8.0,0.8,30.5,206.75,0.0,2.875,2.359375,0.5,0.040983606557377046,cpu_intensive,422000123,SRTF,0.2825170402812641,0.2010517799352751,0.14728631943514212,0.15566886622675466,0.2871925614877025,0.76415857605178
8.0,1.1428571428571428,36,133.5,0.0,3.25,1.4375,0.625,0.03819444444444445,cpu_intensive,422000124,Round Robin,0.2584368147653053,0.22775987960218363,0.29105571847507333,0.15228320067029744,0.2530346203086907,0.7643129770992366
8.0,0.8888888888888888,22.25,81.1875,0.0,2.875,2.359375,0.25,0.028089887640449437,cpu_intensive,422000125,Round Robin,0.256488567108097,0.22505307855626328,0.16662313461332842,0.14136690647482014,0.2715827338129497,0.7643312101910829
8.0,1.1428571428571428,29,125.25,0.0,3.375,2.234375,0.5,0.04310344827586207,cpu_intensive,422000126,Round Robin,0.32105910956440337,0.2523337854997595,0.19359205776173286,0.14705882352941177,0.3037214885954382,0.7617328519855595
8.0,1.0,35,159,0.0,2.5,2,0.625,0.02857142857142857,cpu_intensive,422000127,Round Robin,0.2571485981525252,0.22205916981927135,0.1726881714587416,0.1466182478438493,0.2808502321678261,0.7536041939711664
8.0,1.3333333333333333,34.625,122.734375,0.0,3.375,1.234375,0.625,0.036101083032490974,cpu_intensive,422000128,Round Robin,0.24007250852796003,0.22982746141026528,0.21975328736860264,0.1431211498973306,0.28305954825462015,0.7567750677506775
8.0,0.8,31,100.5,0.0,2.875,1.859375,0.375,0.028225806451612902,cpu_intensive,422000129,Round Robin,0.2758686518645731,0.233984375,0.2607948969578017,0.15824337585868498,0.2563075012266928,0.758984375
8.0,0.8888888888888888,35.25,112.4375,0.0,2.5,1.25,0.75,0.04609929078014184,cpu_intensive,422000130,Round Robin,0.2503010717549306,0.21174380968673034,0.20491873719019219,0.13167549938850387,0.265898899306971,0.7553981106612686
8.0,0.8,27.5,144.5,0.0,2.375,0.984375,0.375,0.022727272727272728,cpu_intensive,422000131,Round Robin,0.2012244842751254,0.18783762028147444,0.22592188961284887,0.14168618266978922,0.30474238875878223,0.7545379537953796
8.0,1.0,38.75,109.1875,0.0,2.5,2.5,0.75,0.04516129032258064,cpu_intensive,422000132,Round Robin,0.21733258520799625,0.21308523409363744,0.15540346573411976,0.13103502270473405,0.2785326086956522,0.75
8.0,2.0,24.5,41.75,0.0,3.375,1.734375,0.125,0.00510204081632653,cpu_intensive,422000133,Round Robin,0.2768918073796123,0.2242592824618628,0.2714957928739886,0.17354596622889307,0.23689007903329998,0.7676419965576592
8.0,1.3333333333333333,35.375,154.984375,0.0,3.875,1.609375,0.625,0.045936395759717315,cpu_intensive,422000134,Round Robin,0.30659506084567073,0.22600468264812804,0.26033824374719605,0.16038582323912068,0.3002467474203679,0.7620442708333333
8.0,0.8,19.375,38.734375,0.0,2.625,1.984375,0.125,0.0064516129032258064,cpu_intensive,422000135,Round Robin,0.2359878306509673,0.19693798311226948,0.19693798311226948,0.14110871130309574,0.2942764578833693,0.7575268817204301
8.0,1.1428571428571428,34.25,260.9375,0.0,3.625,1.234375,0.625,0.025547445255474453,cpu_intensive,422000136,Round Robin,0.2678840859030837,0.170625,0.15959740577581988,0.13999021047479196,0.3275819872736172,0.7584375
8.0,0.8888888888888888,39.125,181.609375,0.0,2.375,1.484375,0.75,0.04472843450479233,cpu_intensive,422000137,Round Robin,0.27614795918367346,0.25331840053094407,0.2515277829610957,0.14481946624803768,0.2861137327256169,0.7510302197802198
8.0,0.7272727272727273,27.125,97.859375,0.0,2.25,0.9375,0.5,0.02304147465437788,cpu_intensive,422000138,Round Robin,0.2158014047928968,0.1706408345752608,0.2073523678369082,0.13686708860759494,0.3074894514767933,0.7552160953800298
8.0,0.8,27.75,92.6875,0.0,3.25,1.6875,0.625,0.04954954954954955,cpu_intensive,422000139,Round Robin,0.23340774448355797,0.18474714518760196,0.15804546712076548,0.12368421052631579,0.2865497076023392,0.7610114192495921
8.0,1.1428571428571428,25,115.25,0.0,2.25,1.6875,0.375,0.025,cpu_intensive,422000140,Round Robin,0.2972193166223299,0.2237417943107221,0.24342452222711078,0.15393916790741446,0.2663115845539281,0.75
8.0,0.8888888888888888,26.75,118.4375,0.0,2.375,1.984375,0.375,0.028037383177570093,cpu_intensive,422000141,Round Robin,0.2090301876486087,0.18890692944969262,0.15412369063684853,0.12580128205128205,0.31009615384615385,0.7560150375939849
8.0,1.3333333333333333,40.125,84.859375,0.0,2.125,1.109375,0.75,0.040498442367601244,cpu_intensive,422000142,Round Robin,0.22639706968986845,0.21327885282363077,0.23680861435944087,0.13078437807679685,0.2816312417929957,0.75
8.0,1.3333333333333333,37.25,197.4375,0.0,3.375,1.734375,0.625,0.03355704697986577,cpu_intensive,422000143,SRTF,0.23355110940826607,0.1925085490132815,0.12557603686635946,0.1312759097190235,0.2721958782000585,0.7595046082949308
8.0,1.1428571428571428,27.375,137.984375,0.0,2.375,2.484375,0.375,0.0319634703196347,cpu_intensive,422000144,Round Robin,0.251906985661659,0.20966228893058161,0.2441249777461278,0.13503649635036497,0.3196238068500842,0.7523452157598499
8.0,1.1428571428571428,33.375,243.984375,0.0,3.25,0.9375,0.5,0.026217228464419477,cpu_intensive,422000145,Round Robin,0.31016412143271616,0.24747845080813466,0.24790705238011335,0.1301498127340824,0.3047752808988764,0.755281690140845
8.0,1.0,35.375,193.734375,0.0,3.125,3.109375,0.625,0.03180212014134275,cpu_intensive,422000146,SRTF,0.22958139228486057,0.20045634318897068,0.09454314720812183,0.12512242899118511,0.2558765915768854,0.7614213197969544
8.0,0.8,29.75,238.9375,0.0,4.5,0.25,0.5,0.04201680672268908,cpu_intensive,422000147,Round Robin,0.2567621958121109,0.17934668930390493,0.1804444444444444,0.1338426711941143,0.33021002848440867,0.752
8.0,1.3333333333333333,30.375,209.984375,0.0,3.125,1.359375,0.375,0.02880658436213992,cpu_intensive,422000148,Round Robin,0.30705594835134675,0.21849228158153658,0.21625433999416252,0.16330532212885154,0.30619152924327625,0.7647744945567652
8.0,1.6,29.125,146.359375,0.0,3,2,0.375,0.02145922746781116,cpu_intensive,422000149,Round Robin,0.2405613168373757,0.20940514469453375,0.22816273077660187,0.1443156732891832,0.27097130242825607,0.7616559485530547
8.0,1.6,29.25,214.6875,0.0,3.125,1.859375,0.375,0.02564102564102564,cpu_intensive,422000150,Round Robin,0.2656339294718795,0.20518879040314936,0.22549545998327508,0.16021573604060912,0.2924714881911092,0.7607615894039734
8.0,1.1428571428571428,35.125,169.109375,0.0,3.5,1.75,0.5,0.028469750889679714,cpu_intensive,422000151,Round Robin,0.22375719715889458,0.19165659008464328,0.2220183088180983,0.14203331909440411,0.2933746081404577,0.7602781136638452
8.0,0.8888888888888888,40.5,154.25,0.0,2.25,1.6875,0.875,0.043209876543209874,cpu_intensive,422000152,SRTF,0.22819562146892652,0.21452468940941893,0.13159554075867635,0.13626373626373625,0.28076923076923077,0.7550317796610169
8.0,0.8888888888888888,26.125,102.609375,0.0,3.875,0.859375,0.25,0.019138755980861243,cpu_intensive,422000153,Round Robin,0.21534139212055572,0.1883252396091721,0.16595744680851063,0.1174055829228243,0.3041871921182266,0.7595744680851064
8.0,0.8,29.625,137.984375,0.0,2.625,2.234375,0.625,0.046413502109704644,cpu_intensive,422000154,Round Robin,0.21596253485856926,0.20884933719875182,0.20497516165051294,0.13383060508658154,0.2865071534287124,0.75
8.0,0.8888888888888888,37.25,156.6875,0.0,2.875,1.859375,0.75,0.040268456375838924,cpu_intensive,422000155,Round Robin,0.24269435544098872,0.17756259914969222,0.1944096461008456,0.15033085194375517,0.29662513177313937,0.7572815533980582
8.0,0.8,30.875,245.609375,0.0,2.75,1.9375,0.5,0.024291497975708502,cpu_intensive,422000156,Round Robin,0.23256065857885613,0.20637222688255014,0.19728081387533297,0.13807047949162335,0.27038012843469117,0.7592429577464789
8.0,0.8888888888888888,31.125,174.859375,0.0,3.5,1.5,0.5,0.028112449799196786,cpu_intensive,422000157,Round Robin,0.24509934997784014,0.19089821243906044,0.1925,0.13417786970010342,0.30816959669079624,0.7585714285714286
8.0,0.8,37.875,130.109375,0.0,3.375,2.484375,0.875,0.036303630363036306,cpu_intensive,422000158,Round Robin,0.2529664297241935,0.2142585942254767,0.2050907751434355,0.15389369592089,0.2844046147507211,0.7618764845605701
8.0,0.6666666666666666,26.625,91.484375,0.0,3.125,1.609375,0.25,0.014084507042253521,cpu_intensive,422000159,Round Robin,0.25169574795982746,0.21697247706422018,0.2708568207440812,0.1386696730552424,0.2632743088236815,0.7532110091743119
8.0,0.8888888888888888,30.75,130.1875,0.0,3.5,1.75,0.625,0.04878048780487805,cpu_intensive,422000160,Round Robin,0.1892738695814649,0.18497757847533633,0.17359515134529147,0.12760416666666666,0.29802052785923755,0.7645739910313901
8.0,1.0,26.75,84.6875,0.0,2.625,1.734375,0.375,0.014018691588785047,cpu_intensive,422000161,Round Robin,0.24285338094530035,0.23525555594251749,0.2884387936132466,0.153163808397398,0.25815822117598225,0.7581573896353166
8.0,1.6,29,112.5,0.0,3.25,2.4375,0.375,0.02586206896551724,cpu_intensive,422000162,Round Robin,0.21991189966810637,0.1684486720628766,0.19645455517174518,0.1277602523659306,0.3390040558810275,0.7607270560190703
8.0,0.7272727272727273,34.375,196.984375,0.0,3.5,1.5,0.625,0.025454545454545455,cpu_intensive,422000163,SRTF,0.1919857472863654,0.17396157245190788,0.09939439345695199,0.13533834586466165,0.3580200501253133,0.7609727164887308
8.0,0.8,31,114.5,0.0,3.5,1.25,0.5,0.03225806451612903,cpu_intensive,422000164,Round Robin,0.2915182839927117,0.19037037037037038,0.25156897764788655,0.1480759863614223,0.2952995616171456,0.7577777777777778
8.0,1.6,30.75,110.4375,0.0,3,1.5,0.375,0.028455284552845527,cpu_intensive,422000165,Round Robin,0.25873387189634384,0.18535031847133757,0.2274494415388438,0.13035204567078973,0.2787821122740248,0.7614649681528662
8.0,1.0,27.25,150.1875,0.0,2.625,1.984375,0.375,0.022935779816513763,cpu_intensive,422000166,Round Robin,0.21350463508839462,0.1907497796317408,0.22554657758075392,0.13940628637951105,0.3025107879170546,0.7584269662921348
8.0,0.8,28.75,91.6875,0.0,3.5,1.5,0.5,0.034782608695652174,cpu_intensive,422000167,Round Robin,0.21743292127652084,0.17384370015948963,0.231565614638834,0.13012618296529968,0.31677181913774977,0.7627591706539074
8.0,1.1428571428571428,23.5,53.75,0.0,2.75,2.4375,0.125,0.005319148936170213,cpu_intensive,422000168,Round Robin,0.26696660049797644,0.2180938917459306,0.15450264389551052,0.14678326046221113,0.28029356652092446,0.7542808219178082
8.0,0.7272727272727273,32.5,248.5,0.0,4,0.75,0.375,0.026923076923076925,cpu_intensive,422000169,Round Robin,0.2245826425347702,0.1574404761904762,0.1247006539559731,0.12040618955512572,0.32495164410058025,0.7586309523809525
8.0,0.8,33.625,148.734375,0.0,2.75,1.9375,0.625,0.03717472118959108,cpu_intensive,422000170,Round Robin,0.25254882010168966,0.24636249616001146,0.21291243022838735,0.12933526011560695,0.2865065954989409,0.7572078907435509
8.0,0.6153846153846154,25.875,71.109375,0.0,3.125,2.359375,0.375,0.043478260869565216,cpu_intensive,422000171,Round Robin,0.29262951520912545,0.23577032011985838,0.19412428707224336,0.15625,0.2790625,0.7671102661596958
8.0,1.0,44.125,148.859375,0.0,2.875,1.359375,0.75,0.039660056657223795,cpu_intensive,422000172,Round Robin,0.2672980381089218,0.24402308018188323,0.2438355939837621,0.14399744572158366,0.28144955300127716,0.7530691964285714
8.0,0.8,36.25,109.9375,0.0,2.625,2.734375,0.625,0.03793103448275862,cpu_intensive,422000173,Round Robin,0.18993525993525995,0.21518507781306417,0.21740337740337742,0.14444444444444443,0.2691919191919192,0.7586872586872586
8.0,0.7272727272727273,28.875,85.859375,0.0,3.375,0.984375,0.25,0.021645021645021644,cpu_intensive,422000174,Round Robin,0.26184418022618117,0.21283783783783783,0.18451307937904396,0.1460028721876496,0.2753709909047391,0.7537537537537538
8.0,0.8888888888888888,24.375,47.234375,0.0,2.875,2.609375,0.125,0.010256410256410256,cpu_intensive,422000175,Round Robin,0.2589521733206159,0.21061880389947327,0.1990280237997911,0.1458100558659218,0.2846368715083799,0.7617886178861788
8.0,0.8888888888888888,43.25,62.4375,0.0,2.875,2.359375,0.875,0.04335260115606936,cpu_intensive,422000176,Round Robin,0.20695259805731017,0.20514636449480642,0.19469862200940946,0.12450411962160512,0.2681568507781507,0.7554296506137865
8.0,1.1428571428571428,32.875,163.109375,0.0,3.25,3.1875,0.5,0.026615969581749048,cpu_intensive,422000177,Round Robin,0.25692373526055534,0.21414685230422767,0.23655651377246653,0.14045454545454544,0.2834090909090909,0.7646443514644352
8.0,0.7272727272727273,30.75,50.1875,0.0,2.625,1.234375,0.625,0.04065040650406504,cpu_intensive,422000178,Round Robin,0.23507317185062848,0.20938229102104705,0.21941806587760346,0.14037985136251033,0.2904624277456647,0.7546296296296297
8.0,2.0,31.25,200.4375,0.0,3.25,2.1875,0.5,0.028,cpu_intensive,422000179,Round Robin,0.18996950803258544,0.1773972602739726,0.19296246692369207,0.1267204556241101,0.2991219743711438,0.7523972602739726
8.0,2.6666666666666665,24.125,40.859375,0.0,3.375,1.484375,0.125,0.0051813471502590676,cpu_intensive,422000180,Round Robin,0.24513880297305785,0.21494519847834212,0.2379959458302007,0.15288788221970556,0.2788788221970555,0.7626050420168067
8.0,1.0,34.5,239.5,0.0,3.375,1.234375,0.5,0.028985507246376812,cpu_intensive,422000181,Round Robin,0.30524760807127305,0.19635627530364372,0.20600294863520024,0.16397288842544316,0.28642206151658434,0.7624831309041835
8.0,1.1428571428571428,28.625,115.984375,0.0,3.125,1.859375,0.5,0.03056768558951965,cpu_intensive,422000182,Round Robin,0.2262259665104327,0.1805750350631136,0.1653942964976353,0.13939551849921833,0.3068004168837936,0.7542075736325387
8.0,1.0,25.125,81.359375,0.0,3.125,2.359375,0.25,0.01990049751243781,cpu_intensive,422000183,Round Robin,0.2478880603645659,0.22958483800376686,0.2682567726737338,0.1413427561837456,0.2581857595578368,0.7601547388781431
8.0,1.0,28.625,105.734375,0.0,2.625,1.234375,0.5,0.034934497816593885,cpu_intensive,422000184,Round Robin,0.2544685732908566,0.2217241674008285,0.17256544127752765,0.13728986245542538,0.2828639921391358,0.754442649434572
8.0,1.0,27.125,52.609375,0.0,2.875,2.859375,0.375,0.03225806451612903,cpu_intensive,422000185,Round Robin,0.24995750775309358,0.24020004334410644,0.26335324663986176,0.15194252261841404,0.26410324640766364,0.7521815008726003
8.0,1.1428571428571428,33.625,97.734375,0.0,3.25,2.6875,0.75,0.03345724907063197,cpu_intensive,422000186,Round Robin,0.25789146641893396,0.22296348314606743,0.2368688508894053,0.15637954859511746,0.27763703362505754,0.7622893258426966
8.0,0.8888888888888888,30.5,139.25,0.0,2.5,1.25,0.625,0.040983606557377046,cpu_intensive,422000187,Round Robin,0.2741270939923115,0.2108010718995819,0.21689570565068134,0.1404833836858006,0.27895266868076535,0.7573529411764706
8.0,0.8,32.375,134.734375,0.0,2.25,2.6875,0.625,0.03861003861003861,cpu_intensive,422000188,Round Robin,0.25720101437136017,0.2203505647168326,0.19746852348949023,0.13610251878038002,0.29463102076889086,0.7511194029850746
8.0,1.3333333333333333,33.875,94.609375,0.0,2.75,2.6875,0.5,0.025830258302583026,cpu_intensive,422000189,Round Robin,0.26331928755272754,0.220494923857868,0.18670818903678735,0.15757042253521128,0.27926936619718307,0.756979695431472
8.0,1.3333333333333333,35.625,185.734375,0.0,2.75,2.6875,0.625,0.042105263157894736,cpu_intensive,422000190,Round Robin,0.2939287379109708,0.2392283678806758,0.24730948372193748,0.16043307086614172,0.2718996062992126,0.7585592011412268
8.0,1.0,32.5,232,0.0,3.75,2.6875,0.5,0.026923076923076925,cpu_intensive,422000191,Round Robin,0.22922897226251138,0.19933351730865498,0.19321134258698888,0.13530368763557485,0.29853579175704986,0.7662721893491125
8.0,1.1428571428571428,27.75,35.4375,0.0,2.875,1.109375,0.375,0.02702702702702703,cpu_intensive,422000192,Round Robin,0.273265620622023,0.25455860160965793,0.26152503702517715,0.1472289156626506,0.2628479365968859,0.7616279069767442
8.0,1.6,30.5,73.25,0.0,3.75,2.1875,0.5,0.028688524590163935,cpu_intensive,422000193,Round Robin,0.22064307370553302,0.20071801566579633,0.17168392022622087,0.15415617128463477,0.2879856873964467,0.7627284595300261
8.0,0.8888888888888888,35.375,132.984375,0.0,2.5,1,0.75,0.04946996466431095,cpu_intensive,422000194,Round Robin,0.22396440668554612,0.20043103448275862,0.21452391501929977,0.13506441223832527,0.30615942028985504,0.7561576354679803
8.0,4.0,26.25,139.4375,0.0,3.75,0.9375,0.375,0.0380952380952381,cpu_intensive,422000195,Round Robin,0.16461336372256488,0.16258965290796434,0.19810879228902248,0.11880290205562273,0.3050181378476421,0.7636690647482014
8.0,0.6666666666666666,36.5,163.25,0.0,3.125,2.359375,0.75,0.0410958904109589,cpu_intensive,422000196,Round Robin,0.2504736054508406,0.22180853604177278,0.18689903846153846,0.14735099337748345,0.32545839109045327,0.7512019230769231
8.0,0.8888888888888888,39.625,90.984375,0.0,1.75,0.6875,0.875,0.04416403785488959,cpu_intensive,422000197,SRTF,0.19850919810505202,0.20063222564173497,0.10251046025104603,0.1196625344352617,0.2726417744165847,0.7528765690376569
8.0,0.8888888888888888,26,42.25,0.0,2.5,1.75,0.25,0.014423076923076924,cpu_intensive,422000198,Round Robin,0.25389071301995075,0.23542402826855124,0.24200323059091278,0.14458831984611537,0.26296111665004984,0.75
8.0,1.6,33.875,117.859375,0.0,2.875,1.109375,0.625,0.033210332103321034,cpu_intensive,422000199,Round Robin,0.23220476523228817,0.22203655138437745,0.2409867463666825,0.14178482068390325,0.2793994995829858,0.7604729729729729
8.0,0.8,27.875,56.609375,0.0,3.625,1.234375,0.375,0.02242152466367713,cpu_intensive,422000200,Round Robin,0.26416643097788883,0.22006502111096596,0.25289321409784327,0.14360862703840085,0.2803370610546021,0.7591943957968477
8.0,0.7272727272727273,37,140.25,0.0,3.5,0.75,0.625,0.02702702702702703,cpu_intensive,422000201,Round Robin,0.26053349400944914,0.20965616185195993,0.17527190227179787,0.1408745247148289,0.2960076045627376,0.755720823798627
8.0,2.0,31.125,145.609375,0.0,2.375,1.984375,0.5,0.0321285140562249,cpu_intensive,422000202,Round Robin,0.24224641410637965,0.20277361319340328,0.24508268253932736,0.1471950591868245,0.2709654782144189,0.7548725637181409
8.0,0.7272727272727273,39.625,91.984375,0.0,3.25,2.1875,0.75,0.031545741324921134,cpu_intensive,422000203,Round Robin,0.2387229094604366,0.21436948048788837,0.23134275273103905,0.1420824295010846,0.29410701373825016,0.7562162162162163
8.0,1.3333333333333333,25.375,62.984375,0.0,2.875,1.859375,0.125,0.014778325123152709,cpu_intensive,422000204,Round Robin,0.22838482911718405,0.2148833481341941,0.23725905559223173,0.14560133630289532,0.28619153674832964,0.7593648208469055
8.0,1.6,33.875,160.359375,0.0,3.125,1.859375,0.625,0.04428044280442804,cpu_intensive,422000205,Round Robin,0.27609443628828106,0.2125496766416806,0.1812707302484911,0.15959119496855345,0.30765199161425577,0.75
8.0,0.6666666666666666,29.375,141.234375,0.0,3.25,1.6875,0.25,0.02127659574468085,cpu_intensive,422000206,Round Robin,0.2676311179465247,0.2202680067001675,0.2060116457903264,0.14648117839607203,0.2977359519912711,0.7625628140703518
8.0,0.8,34.375,91.234375,0.0,3.875,1.609375,0.625,0.04,cpu_intensive,422000207,Round Robin,0.24804829496278344,0.20314465408805032,0.2537014598118978,0.15871559633027524,0.29288990825688077,0.769811320754717
8.0,1.3333333333333333,29.125,68.359375,0.0,2.875,1.859375,0.5,0.030042918454935622,cpu_intensive,422000208,Round Robin,0.20049429565067467,0.1833545918367347,0.21731611441819945,0.13383726100489107,0.3006891951978657,0.7576530612244898
8.0,0.8888888888888888,28.5,226,0.0,2.625,1.484375,0.25,0.021929824561403508,cpu_intensive,422000209,Round Robin,0.3153473846244931,0.2181488326066639,0.1745292859750691,0.16339066339066338,0.2896191646191646,0.754302925989673
8.0,0.8888888888888888,34.375,87.984375,0.0,3.75,2.1875,0.875,0.04727272727272727,cpu_intensive,422000210,Round Robin,0.20959399016257685,0.19767441860465115,0.18857546171090714,0.12509293680297398,0.30799256505576206,0.7656058751529988
8.0,0.8888888888888888,30.75,189.9375,0.0,1.375,0.234375,0.5,0.032520325203252036,cpu_intensive,422000211,Round Robin,0.25492801318104963,0.22249491654173006,0.17622752838066322,0.13148614609571788,0.27418136020151135,0.7529965753424658
8.0,0.6666666666666666,26.75,62.1875,0.0,2.125,1.859375,0.25,0.02336448598130841,cpu_intensive,422000212,Round Robin,0.24435797133165552,0.21114864864864866,0.23568805394463288,0.14119433198380565,0.2884615384615385,0.7538006756756757
8.0,1.0,35.5,239.25,0.0,3,1,0.625,0.03169014084507042,cpu_intensive,422000213,Round Robin,0.26814687813375804,0.15740901502055948,0.13598759048603928,0.12353959324967546,0.36683254002596277,0.7536194415718718
8.0,0.7272727272727273,30.5,158.75,0.0,3.875,1.609375,0.625,0.04918032786885246,cpu_intensive,422000214,Round Robin,0.202919373710626,0.19219230496483278,0.16849347230347628,0.13138297872340426,0.29601063829787233,0.7655571635311142
8.0,1.1428571428571428,36.875,69.859375,0.0,3.625,1.984375,0.75,0.03389830508474576,cpu_intensive,422000215,Round Robin,0.2093705188512177,0.19055777498602686,0.20639692663791073,0.1625380269448066,0.2734680573663624,0.7659691629955947
8.0,0.7272727272727273,31.25,136.6875,0.0,2.375,1.734375,0.625,0.04,cpu_intensive,422000216,Round Robin,0.2820059826551904,0.24889446679528204,0.2627274061032864,0.1554512258737611,0.26486697965571204,0.7582465277777778
8.0,0.7272727272727273,34.75,103.9375,0.0,2.5,2,0.625,0.04316546762589928,cpu_intensive,422000217,SRTF,0.2101514775450932,0.2231213331473566,0.1419070675232207,0.14598084131611827,0.278846473085343,0.7566709021601017
8.0,0.8,35.5,206.25,0.0,2.875,2.359375,0.5,0.035211267605633804,cpu_intensive,422000218,Round Robin,0.23619581778186474,0.20779479762452613,0.1641085627738411,0.12455035971223022,0.27742805755395683,0.7606516290726817
8.0,1.6,28.5,105.25,0.0,3.125,2.359375,0.375,0.017543859649122806,cpu_intensive,422000219,Round Robin,0.21546100089378084,0.18482912599494697,0.17890835579514824,0.1339425587467363,0.30561357702349873,0.7597708894878706
8.0,0.6153846153846154,24.125,60.359375,0.0,3.625,1.984375,0.375,0.03626943005181347,cpu_intensive,422000220,Round Robin,0.23249625742862742,0.1852189781021898,0.2466822355961238,0.16517549896765313,0.28165863730213353,0.770529197080292
8.0,2.6666666666666665,35.5,212.5,0.0,3.5,2,0.625,0.04225352112676056,cpu_intensive,422000221,Round Robin,0.18636447352477883,0.18317365967996255,0.14860947534229976,0.14155555555555555,0.31758621000944653,0.7570883315158125
8.0,1.3333333333333333,35.5,151,0.0,2.5,2.5,0.625,0.035211267605633804,cpu_intensive,422000222,Round Robin,0.2520320579628813,0.2057549504950495,0.18480077764861505,0.13765182186234817,0.2793522267206478,0.7506188118811881
8.0,0.8888888888888888,33.5,207.75,0.0,2.875,1.359375,0.625,0.026119402985074626,cpu_intensive,422000223,SRTF,0.2751974082518582,0.1766945302105545,0.13023242100160448,0.13820960698689957,0.3609170305676856,0.7583579154375615
8.0,1.1428571428571428,38,164.5,0.0,3.5,2,0.625,0.023026315789473683,cpu_intensive,422000224,Round Robin,0.2954586228220564,0.24286508945530993,0.21503696441925607,0.16901718818862935,0.27468047598060824,0.7562172774869109
8.0,1.3333333333333333,30.75,101.1875,0.0,3.625,1.734375,0.5,0.032520325203252036,cpu_intensive,422000225,Round Robin,0.22204311860003054,0.1867866972942355,0.22833835505774983,0.13814484126984128,0.267609126984127,0.7723521320495186
8.0,1.6,38.125,119.859375,0.0,3,2,0.875,0.04590163934426229,cpu_intensive,422000226,Round Robin,0.23638579657825876,0.25,0.1881115650018568,0.13604919292851653,0.2654742678492776,0.7535112359550562
8.0,0.8,23.875,101.609375,0.0,2.75,1.6875,0.375,0.041884816753926704,cpu_intensive,422000227,Round Robin,0.2216744106005851,0.1589765100671141,0.16896618482188952,0.14006410256410257,0.3192307692307692,0.7554530201342282
8.0,0.8,26.25,78.4375,0.0,2.5,1.75,0.25,0.023809523809523808,cpu_intensive,422000228,Round Robin,0.2393871526232475,0.213657370405393,0.20085348698804306,0.13540995823537935,0.279543126378633,0.75
8.0,0.7272727272727273,24.75,124.4375,0.0,3.125,1.109375,0.25,0.030303030303030304,cpu_intensive,422000229,Round Robin,0.25652375888810125,0.1806083650190114,0.20661478808188868,0.13347457627118645,0.2687752019969582,0.7628326996197718
8.0,0.8,38.375,220.484375,0.0,2.375,1.484375,0.75,0.035830618892508145,cpu_intensive,422000230,Round Robin,0.2941272219695146,0.21845316137318382,0.16162514827995256,0.14452798663324978,0.2947911538867083,0.7529655990510082
8.0,1.1428571428571428,36.875,136.609375,0.0,2,1.75,0.625,0.030508474576271188,cpu_intensive,422000231,Round Robin,0.28131479320961794,0.23366727686427186,0.2122166639752191,0.13692973918349546,0.2919449081803005,0.75
8.0,0.7272727272727273,25.625,89.234375,0.0,3.75,1.9375,0.25,0.01951219512195122,cpu_intensive,422000232,Round Robin,0.29374932903918416,0.206802552378,0.2169296833064949,0.1367283950617284,0.2780864197530864,0.7695652173913043
8.0,1.3333333333333333,38.25,165.9375,0.0,2.875,1.609375,0.625,0.032679738562091505,cpu_intensive,422000233,Round Robin,0.23484526030440794,0.22228126348883206,0.23758701466495202,0.14164598842018197,0.2758478081058726,0.7551703163017032
8.0,0.6153846153846154,27.25,102.9375,0.0,3,1.5,0.5,0.03669724770642202,cpu_intensive,422000234,Round Robin,0.2597009046740678,0.199490662139219,0.173624098653401,0.1345821325648415,0.2814121037463977,0.7606112054329373
8.0,1.6,37.625,160.984375,0.0,3.875,1.109375,0.75,0.03986710963455149,cpu_intensive,422000235,Round Robin,0.22962106989797854,0.2222371280308108,0.16184932870633748,0.13984526112185686,0.27243713733075436,0.758578431372549
8.0,1.1428571428571428,36.125,47.359375,0.0,3.5,0.75,0.75,0.03460207612456748,cpu_intensive,422000236,Round Robin,0.21817759919166285,0.22172682291621493,0.25185970508462635,0.13730569948186527,0.29283246977547495,0.7545351473922903
8.0,1.0,33,154.5,0.0,2.625,1.484375,0.625,0.041666666666666664,cpu_intensive,422000237,Round Robin,0.2676251871167125,0.2009005436201832,0.22347771500313873,0.1418948283355063,0.29737070838765756,0.7566137566137566
8.0,1.6,29.125,138.859375,0.0,2.375,1.984375,0.5,0.04291845493562232,cpu_intensive,422000238,Round Robin,0.2252244650924257,0.15827114427860697,0.19041619215695146,0.1382011116725619,0.3250378979282466,0.7555970149253731
8.0,1.0,33.625,161.484375,0.0,3.125,1.359375,0.5,0.01858736059479554,cpu_intensive,422000239,Round Robin,0.25265569276458566,0.23564593301435408,0.2768773875851916,0.14301503094606544,0.27674624226348365,0.7547846889952153
8.0,0.8888888888888888,37.625,253.984375,0.0,2.5,3,0.75,0.036544850498338874,cpu_intensive,422000240,Round Robin,0.24931529860588575,0.20199758800826645,0.18702066043419951,0.15265981224854716,0.30453732677693335,0.7574534161490682
8.0,1.0,34.375,105.484375,0.0,3.25,2.1875,0.625,0.04,cpu_intensive,422000241,Round Robin,0.23816233721491076,0.24841521394611726,0.26190863363880657,0.14956521739130435,0.26521739130434785,0.7567353407290016
8.0,1.0,30.25,111.9375,0.0,2.75,2.1875,0.5,0.0371900826446281,cpu_intensive,422000242,Round Robin,0.2829343362103893,0.227746259165789,0.2565370661395474,0.1418525703200776,0.3060822074027958,0.7583069620253164
8.0,0.7272727272727273,28.5,254.75,0.0,3.375,1.734375,0.375,0.021929824561403508,cpu_intensive,422000243,Round Robin,0.22450344444515383,0.15595611285266459,0.17047955146662921,0.14426340801086218,0.3172097759674134,0.7590125391849529
8.0,1.6,25,88.75,0.0,2.625,2.484375,0.25,0.015,cpu_intensive,422000244,Round Robin,0.250252273294179,0.1901913875598086,0.16863855567397598,0.14069905213270142,0.2944312796208531,0.7603668261562999
8.0,0.8,33.25,118.9375,0.0,3.125,1.359375,0.5,0.02631578947368421,cpu_intensive,422000245,Round Robin,0.29164479440069996,0.22795039220761606,0.18341220948045694,0.13932633420822396,0.31452318460192474,0.7564935064935066
8.0,1.6,31.125,155.859375,0.0,3.375,1.484375,0.5,0.03614457831325301,cpu_intensive,422000246,Round Robin,0.26856150531961664,0.2077727952167414,0.23449809937380825,0.15026737967914439,0.28342245989304815,0.7668161434977578
8.0,0.6153846153846154,34,156,0.0,3,2.25,0.5,0.029411764705882353,cpu_intensive,422000247,Round Robin,0.18925729128489194,0.1680887372013652,0.16116086317555117,0.11644766651563207,0.2789986406887177,0.7579635949943118
8.0,0.8,26.875,112.859375,0.0,3,2.75,0.375,0.023255813953488372,cpu_intensive,422000248,Round Robin,0.2504669030607144,0.21937305091714382,0.22010424876279566,0.14863258026159334,0.2789324390720577,0.7625223613595706
8.0,1.1428571428571428,30.125,69.609375,0.0,3.875,1.109375,0.5,0.03734439834024896,cpu_intensive,422000249,Round Robin,0.20471534569501423,0.1695736434108527,0.1914136842593882,0.12713035467526485,0.28111282164548584,0.7603359173126615
8.0,2.0,27.75,80.4375,0.0,3.75,0.9375,0.375,0.02702702702702703,cpu_intensive,422000250,Round Robin,0.2387499629201151,0.1965742453697897,0.21101420901189524,0.14977307110438728,0.3135400907715582,0.7598039215686274
8.0,0.8888888888888888,28.75,162.4375,0.0,3.5,2,0.5,0.02608695652173913,cpu_intensive,422000251,Round Robin,0.20972353825097387,0.17105263157894737,0.2048931145375714,0.14048008728859793,0.31137479541734864,0.7635233918128654
8.0,0.8888888888888888,36.625,195.984375,0.0,2.625,0.484375,0.625,0.034129692832764506,cpu_intensive,422000252,Round Robin,0.27823237590131694,0.24201878139395344,0.22794812585662358,0.14144329896907218,0.2734226011901515,0.7528901734104047
8.0,2.0,28.375,100.234375,0.0,3,1,0.5,0.03524229074889868,cpu_intensive,422000253,Round Robin,0.2230486192396064,0.22196202199908652,0.19955455846013787,0.13707081545064378,0.2677038626609442,0.7584175084175084
8.0,0.8888888888888888,33,203,0.0,3,1.75,0.5,0.030303030303030304,cpu_intensive,422000254,Round Robin,0.2610165506942616,0.2104847414750763,0.21161557222809982,0.17092561044860874,0.2854911981828507,0.7609329446064139
8.0,1.6,32.25,224.1875,0.0,3.625,1.484375,0.625,0.03875968992248062,cpu_intensive,422000255,Round Robin,0.20257684444931187,0.16709853406630018,0.1508863981164386,0.13778337531486146,0.337503519989666,0.7596618357487923
8.0,1.0,21.375,60.484375,0.0,2.875,2.859375,0.125,0.017543859649122806,cpu_intensive,422000256,Round Robin,0.3036850035343739,0.20094754744635107,0.17295022204546961,0.15070921985815602,0.28992841519188706,0.7556074766355141
8.0,0.6666666666666666,31.75,147.4375,0.0,3.875,0.609375,0.5,0.03937007874015748,cpu_intensive,422000257,Round Robin,0.2340425190576395,0.17328690465475857,0.21616492239286877,0.11568007230004519,0.3012878445549028,0.7588757396449703
8.0,1.1428571428571428,29.75,187.1875,0.0,2.5,1.25,0.375,0.025210084033613446,cpu_intensive,422000258,Round Robin,0.24355210630523316,0.21232876712328766,0.2602820211515864,0.12397179788484136,0.25074700593982907,0.7564212328767124
8.0,1.0,31,87,0.0,2.75,1.4375,0.75,0.05241935483870968,cpu_intensive,422000259,Round Robin,0.2227170960265176,0.1870814515041144,0.21520745239104005,0.1324535679374389,0.2763560396592655,0.7602691218130311
8.0,2.6666666666666665,34.375,120.234375,0.0,3.875,0.859375,0.75,0.05090909090909091,cpu_intensive,422000260,Round Robin,0.2740982563795555,0.2,0.2200820385780298,0.1439328743545611,0.30938037865748713,0.758695652173913
8.0,1.3333333333333333,28.125,120.109375,0.0,3,1.25,0.375,0.04,cpu_intensive,422000261,Round Robin,0.25787073750991274,0.20510002381519413,0.24258128469468676,0.13737113402061857,0.31881443298969075,0.7538461538461538
8.0,1.1428571428571428,33.875,250.609375,0.0,2.5,2.75,0.625,0.04059040590405904,cpu_intensive,422000262,Round Robin,0.2764292894780355,0.2071991724121638,0.22103881806572784,0.15242669362992922,0.3023255813953488,0.7594066570188134
8.0,0.8,32.125,234.359375,0.0,2.125,2.109375,0.375,0.019455252918287938,cpu_intensive,422000263,Round Robin,0.2539204426027685,0.21693334754480265,0.23775854847765154,0.14293006636038796,0.28065070534039666,0.7581699346405228
8.0,0.8888888888888888,29.625,214.484375,0.0,3.375,1.734375,0.5,0.04219409282700422,cpu_intensive,422000264,Round Robin,0.32064875409010823,0.2103102189781022,0.2224418761827521,0.16602809706257982,0.28192848020434225,0.7696167883211679
8.0,1.6,27.625,97.984375,0.0,3.5,1.25,0.25,0.013574660633484163,cpu_intensive,422000265,Round Robin,0.23567322273272526,0.20419254658385094,0.22909162703172842,0.14367516918271733,0.2880010411244144,0.7639751552795031
8.0,1.0,37.125,43.859375,0.0,3.125,1.359375,0.75,0.04377104377104377,cpu_intensive,422000266,Round Robin,0.24771714733223385,0.23366394399066512,0.251594974132937,0.15069967707212056,0.26449031795085476,0.7622520420070011
8.0,2.6666666666666665,37.125,177.609375,0.0,2.25,1.1875,0.75,0.030303030303030304,cpu_intensive,422000267,Round Robin,0.274372358980098,0.19170392975357042,0.19421623035127986,0.1405819897758553,0.3152772316162013,0.7522497187851518
8.0,1.1428571428571428,31.375,138.234375,0.0,2.625,1.984375,0.375,0.02390438247011952,cpu_intensive,422000268,Round Robin,0.2468703797746139,0.22825993833493757,0.26305080697599525,0.14021641118124437,0.2957619477006312,0.7581903276131046
8.0,1.3333333333333333,33.875,207.859375,0.0,2.875,1.609375,0.625,0.04428044280442804,cpu_intensive,422000269,SRTF,0.23034411808190824,0.1852480779656005,0.1104368932038835,0.1304568527918782,0.30431472081218275,0.758495145631068
8.0,1.6,28.75,98.1875,0.0,3.125,2.109375,0.375,0.017391304347826087,cpu_intensive,422000270,Round Robin,0.2267411004378111,0.17426367461430575,0.2441800376946848,0.1401991614255765,0.29061844863731656,0.761570827489481
8.0,0.8888888888888888,33.125,150.359375,0.0,2.5,1.75,0.5,0.03018867924528302,cpu_intensive,422000271,Round Robin,0.2611152625938405,0.2086230876216968,0.22974135523897915,0.1534416826003824,0.2775106440034497,0.7548678720445063
8.0,2.6666666666666665,38.5,110.5,0.0,3.25,2.4375,0.875,0.03571428571428571,cpu_intensive,422000272,SRTF,0.22650983797333246,0.21330028422587552,0.1172539489671932,0.12893583100836986,0.28646871263451573,0.7566828675577157
8.0,0.6666666666666666,41.5,175.5,0.0,3.125,1.609375,0.75,0.03313253012048193,cpu_intensive,422000273,Round Robin,0.2344448249022303,0.23258641546143993,0.23000773061943544,0.14740282077743377,0.28439972480220155,0.7595046082949308
8.0,0.8888888888888888,27,156,0.0,1.875,0.859375,0.5,0.037037037037037035,cpu_intensive,422000274,Round Robin,0.25039324157696535,0.19414414414414413,0.21765803736411282,0.14118372379778052,0.3082614056720099,0.7572072072072071
8.0,0.8888888888888888,38.375,106.234375,0.0,3.125,2.359375,0.625,0.035830618892508145,cpu_intensive,422000275,Round Robin,0.2636870100655613,0.2365242611439538,0.2641935591203042,0.1514919663351186,0.23961212998639295,0.7571856287425149
8.0,1.3333333333333333,39,82.75,0.0,3.125,1.359375,0.875,0.060897435897435896,cpu_intensive,422000276,Round Robin,0.20627470883641413,0.19158163265306122,0.14521628022936925,0.13176265270506107,0.2763525305410122,0.7602040816326531
8.0,0.8,28.625,182.484375,0.0,3.625,0.484375,0.375,0.021834061135371178,cpu_intensive,422000277,Round Robin,0.23119615351542416,0.1845718901453958,0.19991053410589907,0.13420158550396377,0.29388448471121176,0.7548465266558966
8.0,0.8,30.75,130.9375,0.0,3.5,2.25,0.5,0.032520325203252036,cpu_intensive,422000278,Round Robin,0.2137284354739828,0.1962719298245614,0.21781852880200578,0.15399239543726237,0.29794894832355995,0.7624269005847953
8.0,1.0,32.875,207.859375,0.0,3.25,3.1875,0.375,0.026615969581749048,cpu_intensive,422000279,Round Robin,0.27509731013209116,0.2030988304690236,0.18389247491522354,0.15532994923857868,0.29646911646785096,0.7582304526748971
8.0,0.8,36.5,108.75,0.0,2.75,1.9375,0.625,0.0273972602739726,cpu_intensive,422000280,Round Robin,0.24145554028472888,0.2076923076923077,0.2127251366450858,0.13214739517153748,0.2574226191307331,0.7570861678004535
8.0,0.7272727272727273,24.5,90.5,0.0,3,2.5,0.125,0.015306122448979591,cpu_intensive,422000281,Round Robin,0.31079234972677594,0.27559129020147666,0.16698473282442747,0.1564207650273224,0.30424331539648775,0.7504770992366412
8.0,1.1428571428571428,34.875,127.859375,0.0,3,2.75,0.625,0.043010752688172046,cpu_intensive,422000282,Round Robin,0.26552819225550317,0.22799649197851296,0.1884418827490121,0.1347103726986978,0.2906376290974405,0.7540983606557377
8.0,0.7272727272727273,39.375,100.484375,0.0,2.25,0.9375,0.75,0.044444444444444446,cpu_intensive,422000283,Round Robin,0.20036675234612894,0.1783349624498695,0.16883429672447015,0.12456506610995129,0.27157272094641616,0.7538535645472062
8.0,1.3333333333333333,36.625,187.234375,0.0,3.625,2.734375,0.625,0.034129692832764506,cpu_intensive,422000284,Round Robin,0.24417827543870274,0.255314303067112,0.1930118048103024,0.1528943879805568,0.2789375992806061,0.7696793002915452
8.0,1.0,28.75,167.1875,0.0,3.125,2.359375,0.5,0.030434782608695653,cpu_intensive,422000285,Round Robin,0.2982790778891594,0.21225577264653642,0.24331286126273605,0.16656230432060112,0.2769254852849092,0.7650976909413854
8.0,1.0,26.25,183.9375,0.0,3.25,1.4375,0.375,0.03333333333333333,cpu_intensive,422000286,Round Robin,0.17225584605293337,0.16444866214027842,0.16559440404666378,0.1383183568677792,0.3250962772785623,0.7613636363636364
8.0,1.1428571428571428,34,85.75,0.0,2.875,2.109375,0.625,0.029411764705882353,cpu_intensive,422000287,Round Robin,0.26193924667084284,0.20609756097560974,0.23015008992260594,0.14685169842584922,0.2912178956089478,0.7579268292682927
8.0,1.1428571428571428,34.625,158.984375,0.0,3,2,0.625,0.04332129963898917,cpu_intensive,422000288,Round Robin,0.2213212340416371,0.17821158690176322,0.2102623307283257,0.1346153846153846,0.30299145299145297,0.7581863979848866
8.0,0.8888888888888888,28.25,121.9375,0.0,3.5,0.75,0.5,0.030973451327433628,cpu_intensive,422000289,Round Robin,0.31194530443756446,0.20087719298245615,0.2276831785345717,0.12911764705882353,0.3026470588235294,0.7552631578947369
8.0,1.1428571428571428,28.125,140.859375,0.0,2.625,1.234375,0.5,0.04,cpu_intensive,422000290,Round Robin,0.21387169754488575,0.172475106685633,0.16070358835195256,0.14223385689354276,0.3108338384074763,0.7603129445234709
8.0,1.6,29.75,146.4375,0.0,2.875,2.359375,0.375,0.025210084033613446,cpu_intensive,422000291,Round Robin,0.3178893874532527,0.22007366482504603,0.2568348406682167,0.1381697772426249,0.2671583383503913,0.7504604051565378
8.0,1.0,32.5,164,0.0,3.125,2.109375,0.5,0.026923076923076925,cpu_intensive,422000292,Round Robin,0.2233503628976798,0.19388906228509156,0.1991933942582875,0.14868224763799104,0.29482285112848017,0.7623005319148937
8.0,1.3333333333333333,30.375,213.984375,0.0,3.375,1.234375,0.375,0.0205761316872428,cpu_intensive,422000293,Round Robin,0.2483513400283785,0.18872975833844413,0.23223017479694685,0.1423573735199139,0.32265877287405814,0.7585227272727273
8.0,1.0,30.625,195.484375,0.0,3.125,1.859375,0.5,0.0326530612244898,cpu_intensive,422000294,Round Robin,0.2537684728708885,0.21600163866572894,0.14343168003457785,0.13947927736450585,0.3148246546227418,0.7598371777476255
8.0,1.0,28.375,112.484375,0.0,3.125,1.359375,0.25,0.01762114537444934,cpu_intensive,422000295,Round Robin,0.25425490397921396,0.17899214659685864,0.21446174082930508,0.1408661025385764,0.304006968641115,0.7604712041884817
8.0,1.6,37,125.25,0.0,2.625,2.734375,0.75,0.05067567567567568,cpu_intensive,422000296,Round Robin,0.2587215644925222,0.2206601466992665,0.20108467654712664,0.14094216775181923,0.27451168134814247,0.7524449877750612
8.0,1.3333333333333333,29,189.75,0.0,3.25,0.9375,0.375,0.02586206896551724,cpu_intensive,422000297,Round Robin,0.28490110465922347,0.21634816778596117,0.24976191751071386,0.1447596988998263,0.28503184713375795,0.7526408450704225
8.0,1.6,31.875,203.359375,0.0,3,1.25,0.375,0.03137254901960784,cpu_intensive,422000298,Round Robin,0.23887552338372012,0.20418277871575624,0.17214974344501605,0.1444155844155844,0.29649350649350653,0.7575136612021858
8.0,0.8,29.625,92.484375,0.0,3.5,1.5,0.375,0.029535864978902954,cpu_intensive,422000299,Round Robin,0.3320875301901587,0.2223950233281493,0.2112895288917232,0.1409561360275998,0.27341054706752094,0.7558320373250389
8.0,2.0,32.625,104.984375,0.0,2.25,1.9375,0.625,0.038314176245210725,cpu_intensive,422000300,Round Robin,0.232642943507604,0.21010638297872342,0.20320959013292134,0.13396715643906656,0.28694900605012963,0.75
8.0,1.1428571428571428,33.375,110.734375,0.0,3.25,1.6875,0.625,0.033707865168539325,cpu_intensive,422000301,Round Robin,0.24230400195491947,0.20893561103810776,0.20638205738503168,0.152461257976299,0.2759799453053783,0.764126149802891
8.0,0.8,29.375,89.484375,0.0,3.25,1.6875,0.375,0.02553191489361702,cpu_intensive,422000302,Round Robin,0.23717327011267167,0.2026755116661422,0.2049737378817087,0.14261168384879724,0.29791730955703183,0.7591463414634146
8.0,1.0,30.125,105.609375,0.0,3.5,2.25,0.375,0.029045643153526972,cpu_intensive,422000303,Round Robin,0.23600941446655344,0.1952436390948066,0.19097801757636987,0.1415362731152205,0.30124891220933064,0.7639068564036222
8.0,0.8,33.875,232.109375,0.0,3.125,1.109375,0.375,0.02214022140221402,cpu_intensive,422000304,Round Robin,0.2979370724464554,0.19787241342818118,0.21446477670539008,0.1485592820028342,0.2929853566367501,0.7572314049586777
8.0,0.8888888888888888,31.5,185.75,0.0,2.25,1.6875,0.5,0.03571428571428571,cpu_intensive,422000305,Round Robin,0.28485675571041424,0.1852981029810298,0.1794110306291691,0.13690476190476192,0.30333333333333334,0.7544037940379404
8.0,1.3333333333333333,32.875,116.609375,0.0,3,1,0.5,0.019011406844106463,cpu_intensive,422000306,Round Robin,0.2650997336237532,0.23804185351270554,0.2450346532943488,0.14227458087902128,0.2620072496601722,0.7623318385650224
8.0,0.8888888888888888,27.5,60.75,0.0,2.25,0.9375,0.5,0.04090909090909091,cpu_intensive,422000307,Round Robin,0.2416514626012542,0.1944888178913738,0.24444983797701567,0.13499745287824758,0.2619714722363729,0.7535942492012779
8.0,1.3333333333333333,27.75,117.9375,0.0,3.75,1.6875,0.375,0.03153153153153153,cpu_intensive,422000308,SRTF,0.2442341503969307,0.174579464893011,0.14084499895890729,0.15485183033120278,0.32844276583381754,0.7574385510996119
8.0,1.6,35.125,176.359375,0.0,3,1.5,0.75,0.05338078291814947,cpu_intensive,422000309,Round Robin,0.2628148167450587,0.2193661971830986,0.18670082474495447,0.1537927844588344,0.26524701051215893,0.7598591549295775
8.0,0.8,35.375,106.734375,0.0,2.5,2.5,0.75,0.038869257950530034,cpu_intensive,422000310,Round Robin,0.23074119646339586,0.2012413345087172,0.1924309167567831,0.13035569927243332,0.26941762513181716,0.7566204287515763
8.0,0.8888888888888888,32.5,65,0.0,2.5,2.25,0.625,0.038461538461538464,cpu_intensive,422000311,Round Robin,0.2459969943334853,0.20130236422073328,0.1766176290291065,0.13924818108326598,0.29057901030027883,0.7577014218009479
8.0,1.1428571428571428,37.125,55.859375,0.0,3,1.5,0.625,0.030303030303030304,cpu_intensive,422000312,Round Robin,0.21474600421623075,0.20585671511516726,0.1857513883779191,0.13596796657381616,0.27158774373259054,0.7589098532494759
8.0,0.7272727272727273,25.625,46.484375,0.0,3.125,3.109375,0.25,0.014634146341463415,cpu_intensive,422000313,Round Robin,0.25309112506471276,0.19984326018808776,0.2395129631923469,0.14285714285714285,0.28495440729483285,0.7547021943573669
8.0,1.1428571428571428,27.25,104.4375,0.0,2.75,1.6875,0.375,0.027522935779816515,cpu_intensive,422000314,Round Robin,0.26216328458444016,0.23924366849594947,0.2470749050251921,0.1609568812758417,0.2712640283520378,0.7622950819672132
8.0,0.8,43.25,128.9375,0.0,3.25,0.6875,0.75,0.02601156069364162,cpu_intensive,422000315,Round Robin,0.22951775864009907,0.2204127284499446,0.18767396290667568,0.1283244680851064,0.2820811170212766,0.7526455026455026
8.0,0.6666666666666666,38.625,74.484375,0.0,3.875,0.609375,0.875,0.038834951456310676,cpu_intensive,422000316,Round Robin,0.211437908496732,0.25485529322162986,0.21143591582974652,0.1402439024390244,0.27248724693129284,0.7571895424836601
8.0,0.8888888888888888,35,94.25,0.0,1.875,1.859375,0.625,0.02857142857142857,cpu_intensive,422000317,Round Robin,0.229632800608828,0.21875,0.27568693423055357,0.13375190258751904,0.2992770167427702,0.7546052631578948
8.0,2.0,33.75,110.1875,0.0,3.5,2.5,0.625,0.025925925925925925,cpu_intensive,422000318,Round Robin,0.1914083997338813,0.18044237485448195,0.1783657487061647,0.14212108200944612,0.29917809053573574,0.7630966239813737
8.0,0.6153846153846154,32,100.5,0.0,3,1.25,0.375,0.01953125,cpu_intensive,422000319,Round Robin,0.22869250084650017,0.21080201282657304,0.2428500707913783,0.1282389108476065,0.28140096618357485,0.7545801526717557
8.0,0.7272727272727273,37.625,130.234375,0.0,3.125,2.859375,0.625,0.026578073089700997,cpu_intensive,422000320,Round Robin,0.30946461840441813,0.24379229215995002,0.27423093131057735,0.15170670037926676,0.2728484651895225,0.7559210526315789
8.0,0.7272727272727273,25.75,142.1875,0.0,2.875,0.359375,0.25,0.014563106796116505,cpu_intensive,422000321,Round Robin,0.36190053285968027,0.21925758925171732,0.18184035770545762,0.14564831261101244,0.3227546791363082,0.7563775510204082
8.0,0.8,37.25,99.9375,0.0,2.375,0.734375,0.625,0.03691275167785235,cpu_intensive,422000322,Round Robin,0.24658804420566552,0.21052631578947367,0.1874427703677587,0.12247569184741958,0.28443565807028,0.7505720823798627
8.0,0.8888888888888888,26.5,127.25,0.0,3.25,1.4375,0.375,0.02358490566037736,cpu_intensive,422000323,Round Robin,0.19027074460947377,0.1751065311770796,0.19301456307251166,0.1365473441108545,0.32130484988452657,0.7587920489296636
8.0,1.0,27.125,70.109375,0.0,3.5,1.75,0.375,0.027649769585253458,cpu_intensive,422000324,Round Robin,0.3187495320893148,0.22164461247637052,0.25022459712890005,0.14665841584158415,0.2722772277227723,0.7613421550094518
8.0,0.8,29.375,68.484375,0.0,3.375,2.234375,0.5,0.03404255319148936,cpu_intensive,422000325,Round Robin,0.22254067850266163,0.20516933232534687,0.26503314515422344,0.13711641500243546,0.2814174378957623,0.7625607779578606
8.0,1.1428571428571428,27.5,94.75,0.0,2,1,0.125,0.00909090909090909,cpu_intensive,422000326,Round Robin,0.23361813773611736,0.19280750660320958,0.2025065963060686,0.1206174777603349,0.2793040293040293,0.7532981530343008
8.0,0.8888888888888888,27.875,88.609375,0.0,2.75,0.9375,0.375,0.03587443946188341,cpu_intensive,422000327,Round Robin,0.3004030326038081,0.22132825034275547,0.26106911447084236,0.13525917926565875,0.26626873263108236,0.757679180887372
8.0,1.6,20.75,57.6875,0.0,2.375,1.484375,0.125,0.018072289156626505,cpu_intensive,422000328,Round Robin,0.27399435426958363,0.22931612015997782,0.19965301027878052,0.15747103937100093,0.2682960365875185,0.7574626865671642
8.0,1.1428571428571428,38,144.25,0.0,3.5,1.75,0.75,0.03618421052631579,cpu_intensive,422000329,Round Robin,0.24673042655696592,0.19115844177888455,0.20123095143479172,0.1359870317002882,0.3231268011527378,0.7589967284623773
8.0,1.3333333333333333,32,176,0.0,3.125,2.109375,0.625,0.03515625,cpu_intensive,422000330,Round Robin,0.2695714744826318,0.21389494653376365,0.1741745328422818,0.14410364886303542,0.28331570597567424,0.7604011887072808
8.0,1.1428571428571428,29,159.25,0.0,2.875,2.359375,0.375,0.02586206896551724,cpu_intensive,422000331,Round Robin,0.23219821061331516,0.19784637781064526,0.20933103585263096,0.1510356731875719,0.29675968683411497,0.7580398162327718
8.0,0.8888888888888888,32,80.5,0.0,3.375,1.484375,0.75,0.05078125,cpu_intensive,422000332,Round Robin,0.21023597180294523,0.2337962962962963,0.195308357948951,0.14241893076248904,0.28264680105170903,0.7534722222222222
8.0,1.3333333333333333,28.5,140.25,0.0,3.25,1.4375,0.625,0.039473684210526314,cpu_intensive,422000333,Round Robin,0.22655594257072464,0.19151722338623065,0.14553132584141712,0.1331645569620253,0.33835443037974683,0.7614093959731544
8.0,0.7272727272727273,28.5,162,0.0,2.625,1.484375,0.375,0.03070175438596491,cpu_intensive,422000334,Round Robin,0.21564966466282257,0.1973605072463768,0.2234258162064226,0.14008506113769273,0.2965178096757044,0.7596153846153846
8.0,0.6666666666666666,24.375,136.984375,0.0,3,2,0.375,0.035897435897435895,cpu_intensive,422000335,Round Robin,0.31506332572425766,0.24011223465289727,0.2519799754981888,0.15581565471836137,0.2723116313094367,0.7644578313253012
8.0,0.7272727272727273,36.125,224.609375,0.0,3.125,1.859375,0.625,0.031141868512110725,cpu_intensive,422000336,Round Robin,0.21070861952379538,0.18249402656528793,0.16946213165390137,0.13263977830468082,0.32031332831796877,0.75
8.0,1.6,34.75,195.4375,0.0,3.375,2.484375,0.5,0.03237410071942446,cpu_intensive,422000337,Round Robin,0.18372448276449427,0.15718562874251496,0.14698241221203828,0.12063615205585726,0.32059736229635377,0.7552395209580838
8.0,2.0,28.625,158.484375,0.0,3.625,1.484375,0.375,0.034934497816593885,cpu_intensive,422000338,Round Robin,0.28967114573758773,0.1876622313818149,0.22382416365592817,0.14596774193548387,0.3206989247311828,0.7611940298507462
8.0,0.8888888888888888,32.875,70.609375,0.0,2.75,3.1875,0.625,0.03802281368821293,cpu_intensive,422000339,Round Robin,0.2374435979216322,0.22015111549497257,0.2527973373559807,0.1387295985884429,0.27955447728275257,0.7606310013717421
8.0,1.1428571428571428,38.25,159.4375,0.0,3.5,2.25,0.625,0.029411764705882353,cpu_intensive,422000340,Round Robin,0.24229583975346689,0.21368038740920098,0.2270930714350455,0.14021571648690292,0.2744607087827427,0.7630145278450363
8.0,0.8,28.5,103.75,0.0,2.875,1.109375,0.5,0.05263157894736842,cpu_intensive,422000341,Round Robin,0.30344836265700115,0.21111656472601875,0.22501483401517755,0.13983488132094943,0.29901960784313725,0.7560975609756098
8.0,2.0,35,129.5,0.0,3.375,1.234375,0.75,0.05,cpu_intensive,422000342,Round Robin,0.29814932284563417,0.22499640028356677,0.20233908153074362,0.14567627494456764,0.2925720620842572,0.7535760728218466
8.0,2.0,34.375,55.234375,0.0,2.375,1.984375,0.75,0.04363636363636364,cpu_intensive,422000343,Round Robin,0.21566275646939942,0.22253086419753088,0.25624786848348047,0.14511664689600634,0.28222617635429026,0.754320987654321
8.0,2.6666666666666665,30.625,194.984375,0.0,2.875,1.609375,0.5,0.04081632653061224,cpu_intensive,422000344,Round Robin,0.2597569865059019,0.2106331168831169,0.23028043964322195,0.14533622559652928,0.2860629067245119,0.7609577922077921
8.0,0.7272727272727273,39.625,133.484375,0.0,3.125,1.609375,0.75,0.050473186119873815,cpu_intensive,422000345,Round Robin,0.2556470130735899,0.2304590570719603,0.2478843376171253,0.13973880597014926,0.260634328358209,0.7580645161290323
8.0,1.0,39.625,146.484375,0.0,3.625,2.234375,0.875,0.050473186119873815,cpu_intensive,422000346,Round Robin,0.27588072119503076,0.22772300206255308,0.2172029702970297,0.14017823988117342,0.31405495729669514,0.7543316831683169
8.0,1.3333333333333333,27.125,153.609375,0.0,2.875,2.859375,0.375,0.027649769585253458,cpu_intensive,422000347,Round Robin,0.25840768183880236,0.2122549019607843,0.24296209486365242,0.14620822622107968,0.2728149100257069,0.7617647058823529
8.0,0.7272727272727273,27.125,67.609375,0.0,3,1.5,0.375,0.02304147465437788,cpu_intensive,422000348,Round Robin,0.2526583429090847,0.22264648320962316,0.25831949178682856,0.13500403991897295,0.2729513132595095,0.75
8.0,1.1428571428571428,35.5,68.25,0.0,2.625,2.734375,0.5,0.035211267605633804,cpu_intensive,422000349,Round Robin,0.24309284116331098,0.24685510720653425,0.22093422380137737,0.13380872483221476,0.2514681208053691,0.7522875816993464
8.0,0.8888888888888888,36.875,123.609375,0.0,3,2,0.75,0.03389830508474576,cpu_intensive,422000350,Round Robin,0.23336294824280843,0.22145545796737767,0.18139252930667268,0.14104046242774568,0.2863925884792527,0.760978670012547
8.0,0.6153846153846154,38.375,122.734375,0.0,2.5,2,0.75,0.03908794788273615,cpu_intensive,422000351,Round Robin,0.2322042518563727,0.20052750021769417,0.21122469738582036,0.12334070796460177,0.29609144542772864,0.7560344827586207
8.0,0.7272727272727273,31,77.25,0.0,3.875,1.859375,0.375,0.028225806451612902,cpu_intensive,422000352,Round Robin,0.24363310241033065,0.22475959889199343,0.23570015050205648,0.16180981595092025,0.2815073471054996,0.7643960674157304
8.0,1.1428571428571428,29.875,182.359375,0.0,2.5,1.25,0.375,0.03347280334728033,cpu_intensive,422000353,Round Robin,0.22632385126752652,0.19249238655405781,0.16556918728494183,0.13497899159663865,0.29963235294117646,0.7510445682451253
8.0,0.7272727272727273,29,202.25,0.0,3.25,1.4375,0.5,0.02586206896551724,cpu_intensive,422000354,SRTF,0.22158183559273795,0.1401468788249694,0.12301648226772981,0.13688430698739978,0.3588201603665521,0.7530599755201959
8.0,2.6666666666666665,36.5,141.25,0.0,3.25,1.6875,0.625,0.030821917808219176,cpu_intensive,422000355,Round Robin,0.24299232736572893,0.21339173967459324,0.2665143929912391,0.15934782608695652,0.281304347826087,0.7625156445556946
8.0,0.8888888888888888,32.625,107.984375,0.0,3.125,2.109375,0.625,0.034482758620689655,cpu_intensive,422000356,Round Robin,0.21808028542263194,0.21893491124260356,0.2320981748078558,0.1494473810667948,0.2670591061989428,0.7636834319526626
8.0,1.0,27.25,149.4375,0.0,3.25,1.9375,0.375,0.022935779816513763,cpu_intensive,422000357,Round Robin,0.26741987192866745,0.2528617725913938,0.2508762812003418,0.14989939637826963,0.2653321689668805,0.7660788381742738
8.0,0.8888888888888888,34.625,245.484375,0.0,2.875,1.359375,0.5,0.02888086642599278,cpu_intensive,422000358,Round Robin,0.24738947873099976,0.16982309141024304,0.15266720168088652,0.13166144200626959,0.3460591133004926,0.7565858798735511
8.0,0.8888888888888888,43.625,76.984375,0.0,2.75,1.4375,0.875,0.045845272206303724,cpu_intensive,422000359,Round Robin,0.23034259353646097,0.2324750134541775,0.20841280019681396,0.13864222285877972,0.27594775718221987,0.7544731610337971
8.0,0.8,26.875,227.859375,0.0,2.75,2.1875,0.25,0.013953488372093023,cpu_intensive,422000360,Round Robin,0.22196865653094283,0.15783227848101267,0.17059334907398677,0.14759647935003387,0.3285375761679079,0.7606803797468354
8.0,0.8888888888888888,30.375,154.484375,0.0,2.625,2.234375,0.5,0.03292181069958848,cpu_intensive,422000361,Round Robin,0.26955683089076654,0.19854650035232438,0.23044478527607362,0.1290832455216017,0.27397260273972607,0.7595858895705521
8.0,1.1428571428571428,37.25,87.9375,0.0,2.875,2.109375,0.75,0.0436241610738255,cpu_intensive,422000362,Round Robin,0.24779565295783823,0.24951221281960584,0.2549052537907208,0.14966367713004483,0.2750373692077728,0.756485084306096
8.0,0.6666666666666666,33.75,179.1875,0.0,3.125,2.359375,0.375,0.014814814814814815,cpu_intensive,422000363,Round Robin,0.32173339771207843,0.208409309300584,0.21649581538156787,0.15589622641509435,0.29056603773584905,0.7601706036745407
8.0,1.6,30.25,135.1875,0.0,3.25,1.1875,0.625,0.05371900826446281,cpu_intensive,422000364,Round Robin,0.2861757486499754,0.2051422058184976,0.21201505805217458,0.13721158566519392,0.30940108001963673,0.7582142857142857
8.0,0.8,31,167.25,0.0,3.75,1.9375,0.625,0.04032258064516129,cpu_intensive,422000365,Round Robin,0.286182064955524,0.2384074695533274,0.23002156595622092,0.15619645916619074,0.3088235294117647,0.7650976909413854
8.0,1.0,37.375,133.734375,0.0,3.875,0.859375,0.625,0.026755852842809364,cpu_intensive,422000366,Round Robin,0.22713991534235486,0.19292846576278064,0.21553767235113813,0.1271961932650073,0.3305270863836018,0.7595066803699897
8.0,1.0,23,35.75,0.0,2.375,1.484375,0.25,0.03260869565217391,cpu_intensive,422000367,Round Robin,0.27314009476122286,0.204179063289019,0.2548293625241468,0.14745653573728268,0.2420042643923241,0.7585287846481876
8.0,1.0,34.5,120.75,0.0,3.25,1.4375,0.5,0.021739130434782608,cpu_intensive,422000368,Round Robin,0.25953269884016283,0.2120451693851945,0.18050207421052616,0.13760162601626016,0.28434959349593497,0.7565872020075282
8.0,0.8888888888888888,28.625,144.984375,0.0,2.75,0.9375,0.375,0.026200873362445413,cpu_intensive,422000369,Round Robin,0.24281873142055513,0.2062599866315819,0.17470693988096678,0.13553113553113552,0.2893460705960706,0.7579787234042553
8.0,1.6,30.5,156.5,0.0,3.875,1.359375,0.625,0.03278688524590164,cpu_intensive,422000370,SRTF,0.26039475641107357,0.2403228376569571,0.08364140480591498,0.1235632183908046,0.26264367816091955,0.7675600739371534
8.0,0.8,32.75,220.4375,0.0,3.25,0.9375,0.375,0.026717557251908396,cpu_intensive,422000371,Round Robin,0.2739902291745911,0.18572443181818182,0.22517621957017878,0.14827405857740586,0.28973499534130603,0.7571022727272727
8.0,2.0,29.75,162.6875,0.0,3.125,2.859375,0.375,0.02100840336134454,cpu_intensive,422000372,Round Robin,0.21597572774692916,0.22539919749298953,0.23429559986538784,0.13392857142857142,0.29375,0.7601590106007068
8.0,0.8888888888888888,34.875,234.609375,0.0,3,1.25,0.5,0.02867383512544803,cpu_intensive,422000373,Round Robin,0.28715814543279333,0.19270166453265045,0.15885454001651186,0.1274131274131274,0.2833011583011583,0.7612035851472472
8.0,0.8888888888888888,26.875,155.609375,0.0,3,1.75,0.25,0.018604651162790697,cpu_intensive,422000374,Round Robin,0.3060835494861884,0.21810506566604126,0.2417667137359905,0.1508803885853066,0.2709471766848816,0.7664165103189493
8.0,1.0,26.75,59.4375,0.0,3,0.5,0.375,0.028037383177570093,cpu_intensive,422000375,Round Robin,0.2638969864465813,0.22419928825622776,0.25974388581812674,0.14707446808510638,0.275531914893617,0.7615658362989324
8.0,0.8,31.25,80.1875,0.0,2.625,1.484375,0.5,0.028,cpu_intensive,422000376,Round Robin,0.22714528111199456,0.21513341922999552,0.18442077230359522,0.12972122302158273,0.27445409180368463,0.7569906790945407
8.0,0.8,32.25,145.1875,0.0,3.25,2.6875,0.5,0.03488372093023256,cpu_intensive,422000377,Round Robin,0.23961939362793033,0.17670006643255773,0.18181080077943768,0.1289447731755424,0.32914201183431957,0.7542219541616405
8.0,0.8888888888888888,34.125,165.609375,0.0,4.125,1.109375,0.5,0.03663003663003663,cpu_intensive,422000378,Round Robin,0.24011802342394448,0.199055330634278,0.2115824416811259,0.13080357142857144,0.3111607142857143,0.7543859649122807
8.0,2.0,25.25,55.4375,0.0,2.125,1.609375,0.375,0.01485148514851485,cpu_intensive,422000379,Round Robin,0.22710257342544338,0.19394618834080718,0.16861228941946432,0.13426089766896943,0.30486486486486486,0.75
8.0,1.3333333333333333,33.125,261.609375,0.0,3.125,2.359375,0.5,0.022641509433962263,cpu_intensive,422000380,SRTF,0.23807028831730456,0.2108746720246427,0.10046943281882731,0.13638663967611336,0.3150303643724696,0.7611524163568772
8.0,0.8888888888888888,36.375,154.984375,0.0,3.125,2.359375,0.75,0.03436426116838488,cpu_intensive,422000381,Round Robin,0.2569973298579801,0.20233812949640287,0.19776658087985236,0.16079597438243368,0.2849954254345837,0.7604916067146283
8.0,1.0,33.75,151.9375,0.0,2.75,2.6875,0.75,0.025925925925925925,cpu_intensive,422000382,Round Robin,0.2369748657018483,0.19445672205324904,0.1840424205946542,0.1555968416163493,0.32083139804923366,0.7589950372208436
8.0,1.0,30.5,178.75,0.0,3.25,2.6875,0.375,0.020491803278688523,cpu_intensive,422000383,Round Robin,0.20692781022616105,0.17095509030686712,0.20195365637644497,0.13140726933830382,0.3212954333643989,0.7593167701863355
8.0,0.8888888888888888,36.875,209.859375,0.0,3.75,0.6875,0.625,0.04406779661016949,cpu_intensive,422000384,Round Robin,0.25456380228750114,0.21340044227693739,0.18336186925475675,0.132317562149158,0.3090790093854839,0.7567039106145251
8.0,0.8,34.125,175.359375,0.0,2.625,1.484375,0.625,0.029304029304029304,cpu_intensive,422000385,SRTF,0.24421492204899778,0.1959403645391275,0.13442101598678896,0.13608017817371937,0.3096881959910913,0.7571875
8.0,0.6666666666666666,30.25,113.6875,0.0,3.5,0.5,0.5,0.028925619834710745,cpu_intensive,422000386,Round Robin,0.25283890954837923,0.25209278604340335,0.2560980903980477,0.13710681541499714,0.27078403227683595,0.75
8.0,0.8,35.875,174.609375,0.0,3.125,1.859375,0.75,0.04878048780487805,cpu_intensive,422000387,SRTF,0.18546178946372838,0.18234536082474226,0.10170599640593966,0.13194043790787857,0.3036697247706422,0.75
8.0,0.8888888888888888,31.75,63.1875,0.0,3.75,2.1875,0.625,0.03543307086614173,cpu_intensive,422000388,Round Robin,0.21838153203339417,0.20877487531153213,0.255213094133487,0.137462876537972,0.29857870173949935,0.7649051490514905
8.0,4.0,30.875,154.109375,0.0,2.5,2.5,0.375,0.016194331983805668,cpu_intensive,422000389,Round Robin,0.2499363343971559,0.21137535295127208,0.14901477832512317,0.12471343420449335,0.30960568546538286,0.7543103448275862
8.0,1.3333333333333333,35.875,113.109375,0.0,3.25,2.6875,0.75,0.027874564459930314,cpu_intensive,422000390,Round Robin,0.27027105758407205,0.22591145833333334,0.2101060237645399,0.15238497256226255,0.28271422541156604,0.7610677083333333
8.0,2.0,25,44,0.0,2.125,1.609375,0.25,0.02,cpu_intensive,422000391,Round Robin,0.24141840595324596,0.19937694704049844,0.22674220975002715,0.1423592493297587,0.28485254691689005,0.7531152647975078
8.0,1.6,34.125,112.109375,0.0,3.125,2.359375,0.625,0.040293040293040296,cpu_intensive,422000392,Round Robin,0.2061306159609543,0.1714046822742475,0.15690372768137642,0.12675418741511996,0.2711744580894121,0.7597547380156076
8.0,1.0,36.375,191.234375,0.0,3.625,2.734375,0.625,0.030927835051546393,cpu_intensive,422000393,Round Robin,0.23627596997658654,0.21985743944964845,0.18860338679361288,0.1575212866603595,0.27412488174077576,0.7622679045092838
8.0,1.0,36.875,270.609375,0.0,3.625,0.984375,0.5,0.01694915254237288,cpu_intensive,422000394,Round Robin,0.20983179104970467,0.18016431924882628,0.207984304253323,0.13115432354158046,0.3108191973520894,0.7564553990610329
8.0,1.3333333333333333,41.875,101.859375,0.0,2.875,1.859375,0.75,0.029850746268656716,cpu_intensive,422000395,Round Robin,0.23809478100141065,0.23273589562641533,0.2359883829420921,0.14502470007057164,0.26658433309809454,0.7565288356909685
8.0,0.8,36.75,116.6875,0.0,3.25,1.6875,0.75,0.05102040816326531,cpu_intensive,422000396,Round Robin,0.22669390694293556,0.25,0.2559599173408908,0.13590538968592478,0.26876899876440913,0.7532798833819242
8.0,1.6,30.25,143.4375,0.0,2,1,0.25,0.01652892561983471,cpu_intensive,422000397,Round Robin,0.2860975363088337,0.21251819505094613,0.20741811593652612,0.14913151364764268,0.2699104857538713,0.754730713245997
8.0,0.7272727272727273,29.625,129.484375,0.0,2.5,2.5,0.375,0.02109704641350211,cpu_intensive,422000398,Round Robin,0.2728532506576475,0.22199939294076834,0.21474358974358973,0.12316798196166856,0.2725479143179256,0.7528044871794872
8.0,0.6666666666666666,27.875,131.859375,0.0,2.625,1.734375,0.5,0.026905829596412557,cpu_intensive,422000399,Round Robin,0.19436131830901554,0.16137005649717515,0.1650200672600274,0.13418001104362232,0.31709000552181116,0.7588276836158192
8.0,1.0,35.875,184.359375,0.0,2.5,1.75,0.625,0.03832752613240418,cpu_intensive,422000400,Round Robin,0.24869478987993138,0.19524923716329967,0.19147727272727275,0.12864493996569468,0.3085334476843911,0.75125
8.0,1.1428571428571428,40.875,135.359375,0.0,3.875,1.859375,0.875,0.03058103975535168,cpu_intensive,422000401,Round Robin,0.2510975415851751,0.22329387958327113,0.20426570649564468,0.14484827099505998,0.3302752293577982,0.7602663706992231
8.0,1.3333333333333333,39.75,109.4375,0.0,2.75,1.9375,0.75,0.040880503144654086,cpu_intensive,422000402,Round Robin,0.2524426508071368,0.23485301831012778,0.2611832611832612,0.14862914862914864,0.2692390255060022,0.7552570093457944
8.0,0.7272727272727273,31,139.5,0.0,3.625,1.984375,0.25,0.012096774193548387,cpu_intensive,422000403,Round Robin,0.314891846921797,0.23289902280130292,0.26104226397914443,0.1733222407099279,0.26096277286679276,0.7618078175895766
8.0,1.1428571428571428,36,269,0.0,2.875,1.859375,0.5,0.024305555555555556,cpu_intensive,422000404,Round Robin,0.30264941987658855,0.19055068836045055,0.21732550167219153,0.1490814884597268,0.29333490343853036,0.7600125156445556
8.0,0.7272727272727273,23.25,47.1875,0.0,2.75,1.4375,0.375,0.016129032258064516,cpu_intensive,422000405,Round Robin,0.2468916912749512,0.2326753642832938,0.16254578754578755,0.13215859030837004,0.28211682467413446,0.7591575091575091
8.0,1.0,38,302,0.0,3.125,1.609375,0.625,0.03289473684210526,cpu_intensive,422000406,Round Robin,0.20270641118274785,0.19857132408966366,0.17856199977767898,0.16064547206165702,0.30178227360308285,0.7608173076923077
8.0,1.0,30.75,120.9375,0.0,3.25,2.1875,0.5,0.036585365853658534,cpu_intensive,422000407,Round Robin,0.2559171748909304,0.18135655340879123,0.17156010729291993,0.1511627906976744,0.3104145601617796,0.7635903919089759
8.0,0.8,40.375,149.234375,0.0,3.25,1.4375,0.75,0.03715170278637771,cpu_intensive,422000408,Round Robin,0.2150375939849624,0.20730337078651687,0.18265819041986991,0.13703007518796992,0.2780075187969925,0.7573033707865169
8.0,1.3333333333333333,27.875,102.859375,0.0,3.875,1.859375,0.375,0.03139013452914798,cpu_intensive,422000409,Round Robin,0.196060093858205,0.17403314917127072,0.18361121201291283,0.13997879109225875,0.3197242841993637,0.7662292817679558
8.0,0.7272727272727273,29.5,135.25,0.0,2.375,0.984375,0.25,0.025423728813559324,cpu_intensive,422000410,Round Robin,0.199471651703045,0.16461159062885328,0.17081541097391545,0.11746522411128285,0.2997166409067491,0.7546239210850801
8.0,0.8888888888888888,29.75,107.6875,0.0,4,0.75,0.375,0.01680672268907563,cpu_intensive,422000411,Round Robin,0.20876142892271926,0.1850426388992428,0.15457771667449086,0.12522522522522522,0.3184684684684685,0.7565136476426799
8.0,0.8,33.75,244.9375,0.0,2.875,2.359375,0.625,0.044444444444444446,cpu_intensive,422000412,Round Robin,0.2232263747263474,0.2288175381073084,0.21248121098223266,0.1376101860920666,0.27426451363343857,0.75
8.0,0.6153846153846154,28.875,117.109375,0.0,3.5,1.75,0.5,0.021645021645021644,cpu_intensive,422000413,Round Robin,0.22959809657491775,0.22085610200364297,0.2545250525054123,0.13937184520471116,0.26738642736960183,0.7550091074681239
8.0,1.1428571428571428,25.25,62.4375,0.0,2.625,1.484375,0.125,0.0049504950495049506,cpu_intensive,422000414,Round Robin,0.33030646992054485,0.20431592094706816,0.19628675044845154,0.1623155505107832,0.27843216596009224,0.7593603744149766
8.0,1.1428571428571428,30.75,111.4375,0.0,2.375,0.734375,0.5,0.028455284552845527,cpu_intensive,422000415,Round Robin,0.27892401281971835,0.24031986531986532,0.2739601060153207,0.14252005663048609,0.2686072403540922,0.7542087542087542
8.0,0.8888888888888888,28.875,68.109375,0.0,3.5,1.5,0.375,0.021645021645021644,cpu_intensive,422000416,Round Robin,0.22458735398679533,0.2040932967881462,0.25844532562409656,0.14265734265734265,0.2975524475524476,0.7608240223463687
8.0,0.6666666666666666,34.125,208.359375,0.0,2.25,1.1875,0.625,0.040293040293040296,cpu_intensive,422000417,Round Robin,0.2827624495509462,0.20954918005978662,0.16742309524887108,0.13667523564695802,0.3059691268846445,0.7560432569974554
8.0,0.7272727272727273,37.25,161.6875,0.0,2.75,2.6875,0.625,0.03691275167785235,cpu_intensive,422000418,Round Robin,0.22041919283714367,0.21383248730964466,0.22546504256083363,0.1402387041773231,0.2700341005967604,0.7592005076142132
8.0,1.1428571428571428,29.625,138.734375,0.0,2.125,1.109375,0.5,0.02109704641350211,cpu_intensive,422000419,Round Robin,0.2220412737222028,0.17989417989417988,0.17223451612147897,0.13643031784841075,0.3177261613691932,0.7526455026455026
8.0,2.0,27.875,144.609375,0.0,3.375,2.234375,0.375,0.03139013452914798,cpu_intensive,422000420,Round Robin,0.30177714864429406,0.19669053847190499,0.20645652073838788,0.15888689407540396,0.3263016157989228,0.7576923076923077
8.0,0.8,42.375,87.234375,0.0,3,1.75,0.875,0.0471976401179941,cpu_intensive,422000421,Round Robin,0.22791196217240126,0.23129783578173205,0.2256118950967822,0.14382896015549076,0.2913504916347346,0.755885363357216
8.0,1.0,29,162,0.0,2.375,1.484375,0.375,0.02586206896551724,cpu_intensive,422000422,Round Robin,0.27668389724310777,0.1874735664522019,0.20130474423237582,0.15413533834586465,0.31238522362954224,0.7576388888888889
8.0,0.8888888888888888,34.125,88.109375,0.0,2.75,2.4375,0.5,0.02197802197802198,cpu_intensive,422000423,Round Robin,0.24665404040404038,0.2299239375696008,0.25310889212491045,0.14031620553359683,0.28490148767014867,0.7572368421052631
8.0,1.1428571428571428,30.125,199.359375,0.0,2.75,2.6875,0.5,0.03319502074688797,cpu_intensive,422000424,SRTF,0.20893295403837572,0.14699074074074073,0.11109019410977243,0.12173694779116465,0.34387550200803213,0.7572337962962963
8.0,0.8888888888888888,29.875,187.609375,0.0,3.125,1.609375,0.5,0.02510460251046025,cpu_intensive,422000425,Round Robin,0.22690215341917516,0.21563768372620717,0.13630338983810797,0.13309166235111342,0.3279388917659244,0.7597087378640777
8.0,1.1428571428571428,34.75,115.6875,0.0,4,1,0.75,0.046762589928057555,cpu_intensive,422000426,Round Robin,0.2701518197275812,0.2536175540326832,0.23242548079050332,0.1544750430292599,0.25480319809603663,0.7673978819969742
8.0,1.0,34.25,147.9375,0.0,2.875,1.609375,0.625,0.040145985401459854,cpu_intensive,422000427,Round Robin,0.1944789081885856,0.19261786600496278,0.17996967190515578,0.1424731182795699,0.28808243727598565,0.7602357320099256
8.0,0.8888888888888888,32.5,184.75,0.0,2.75,1.6875,0.625,0.04230769230769231,cpu_intensive,422000428,Round Robin,0.19980018019177553,0.1722745070024455,0.15759637042280714,0.12,0.291219512195122,0.7595646437994723
8.0,1.0,39.25,192.9375,0.0,3,2.75,0.75,0.041401273885350316,cpu_intensive,422000429,Round Robin,0.22007051890969392,0.20166234644426914,0.1707708779443255,0.12951127819548872,0.28984962406015036,0.7591006423982869
8.0,2.6666666666666665,33.125,162.359375,0.0,2.625,2.234375,0.5,0.03018867924528302,cpu_intensive,422000430,Round Robin,0.23100257570182464,0.21957172644170764,0.17411347517730497,0.12054933875890134,0.28916581892166837,0.7521276595744681
8.0,1.3333333333333333,35.375,77.234375,0.0,1.625,0.984375,0.875,0.06007067137809187,cpu_intensive,422000431,Round Robin,0.25519714815287997,0.23161764705882354,0.20432295693898875,0.13500189609404625,0.2876895014452046,0.7533422459893049
8.0,1.1428571428571428,32.125,118.859375,0.0,2.5,1.5,0.5,0.0311284046692607,cpu_intensive,422000432,Round Robin,0.30167632913894193,0.23255451610778047,0.20609065155807366,0.13,0.2746511627906977,0.754957507082153
8.0,1.6,27.25,94.4375,0.0,3,0.75,0.375,0.022935779816513763,cpu_intensive,422000433,Round Robin,0.23357333607750716,0.2241587400246786,0.20759239234038102,0.13857290589451912,0.29007238883143743,0.7540783034257749
8.0,1.0,31.125,141.609375,0.0,2.5,0.75,0.5,0.03614457831325301,cpu_intensive,422000434,Round Robin,0.2991794974127915,0.2502401912592725,0.17132522804857572,0.15903242408646423,0.3261708697889861,0.7514970059880239
8.0,1.6,33.375,108.234375,0.0,3.25,1.9375,0.625,0.03745318352059925,cpu_intensive,422000435,Round Robin,0.25655071661041984,0.19681860788569056,0.19477139489481884,0.1216374269005848,0.32621832358674463,0.7590859030837005
8.0,2.0,40.25,181.4375,0.0,3.125,2.359375,0.625,0.043478260869565216,cpu_intensive,422000436,Round Robin,0.2809103291488859,0.23087442580514173,0.27494375064227033,0.15866510538641687,0.27654176424668225,0.7586605080831409
8.0,1.0,35.875,132.609375,0.0,3.5,1,0.625,0.03484320557491289,cpu_intensive,422000437,Round Robin,0.24536081102655527,0.25175464610517995,0.1951080304401043,0.14320685434516525,0.26483493276723447,0.7634057971014493
8.0,0.8888888888888888,33.75,203.4375,0.0,3.25,1.9375,0.375,0.022222222222222223,cpu_intensive,422000438,Round Robin,0.23899474748320537,0.19112551972537875,0.2094137974946315,0.1448532836516069,0.3026315789473684,0.7612359550561798
8.0,0.8888888888888888,33.625,279.234375,0.0,3.125,2.859375,0.375,0.026022304832713755,cpu_intensive,422000439,SRTF,0.2633518190842001,0.20570972336109794,0.10700876095118898,0.1432555780933063,0.3303752535496957,0.7531289111389237
8.0,0.8888888888888888,26.5,89.75,0.0,3.875,1.109375,0.375,0.02830188679245283,cpu_intensive,422000440,Round Robin,0.29526999423243294,0.23202848531470527,0.23131488512928963,0.1337985436893204,0.27578883495145634,0.7628712871287129
8.0,1.1428571428571428,29.5,135.5,0.0,3.25,2.4375,0.375,0.0211864406779661,cpu_intensive,422000441,Round Robin,0.20534361471861473,0.17755379720987555,0.21709956709956707,0.13640873015873015,0.3132440476190476,0.7646103896103896
8.0,1.6,22.5,121.25,0.0,3.25,1.6875,0.25,0.027777777777777776,cpu_intensive,422000442,Round Robin,0.20450580898197449,0.15055467511885895,0.14068111596301405,0.13956834532374102,0.3428057553956835,0.7622820919175911
8.0,1.6,37.125,148.859375,0.0,3.75,2.1875,0.625,0.03367003367003367,cpu_intensive,422000443,Round Robin,0.2575002671574167,0.21820928007303117,0.2271554402234098,0.14906580016246954,0.2898050365556458,0.7633876600698486
8.0,1.0,31.25,197.1875,0.0,2.625,2.234375,0.625,0.044,cpu_intensive,422000444,Round Robin,0.34987244445649657,0.2499973080998751,0.22840855843623373,0.15771622385528547,0.26950167711190887,0.7615313653136531
8.0,1.0,28.5,107.75,0.0,2,2,0.375,0.03070175438596491,cpu_intensive,422000445,Round Robin,0.23685797812585493,0.19766981728353922,0.20885683145034079,0.13580246913580246,0.32253086419753085,0.7553041018387553
8.0,1.3333333333333333,27.875,132.109375,0.0,3,1.75,0.375,0.013452914798206279,cpu_intensive,422000446,SRTF,0.25253951871367264,0.1822971774267107,0.12889528672569575,0.14170378619153676,0.32238307349665923,0.7598238482384824
8.0,1.0,27.25,41.6875,0.0,3,2.5,0.5,0.027522935779816515,cpu_intensive,422000447,Round Robin,0.23394427803927162,0.21097560975609755,0.26900584795321636,0.1274366471734893,0.2984762040602862,0.7504065040650407
8.0,0.7272727272727273,23.375,106.234375,0.0,2.5,1.5,0.25,0.0213903743315508,cpu_intensive,422000448,Round Robin,0.2812588969122861,0.20777269375714633,0.2569298858607035,0.147119341563786,0.28189300411522633,0.7641509433962264
8.0,1.1428571428571428,24,61,0.0,3.375,1.984375,0.25,0.03125,cpu_intensive,422000449,Round Robin,0.2745519872544039,0.23725738861200618,0.23280943025540274,0.14449696151249156,0.27716980606882524,0.7627701375245579
8.0,1.0,29.625,107.734375,0.0,2.75,2.1875,0.375,0.03375527426160337,cpu_intensive,422000450,Round Robin,0.2754042816561662,0.2382708611834236,0.22065407138209575,0.1442400774443369,0.2722652468538238,0.7610655737704918
8.0,0.7272727272727273,27.375,110.234375,0.0,3.125,2.109375,0.375,0.0410958904109589,cpu_intensive,422000451,Round Robin,0.22879110233079422,0.17991803278688526,0.19904260775411736,0.13673232908458866,0.2874623373226059,0.7635245901639345
8.0,0.8888888888888888,25.375,113.734375,0.0,3.25,2.4375,0.5,0.03940886699507389,cpu_intensive,422000452,Round Robin,0.22959987032834714,0.2308473438535134,0.237575448833727,0.15174825174825174,0.2653846153846154,0.7726269315673289
8.0,0.7272727272727273,29.5,71,0.0,2.625,1.984375,0.375,0.025423728813559324,cpu_intensive,422000453,Round Robin,0.21848595773478113,0.19793103448275862,0.19308314620566613,0.13539081485127194,0.28902765388046386,0.75
8.0,1.0,24.75,109.9375,0.0,3.125,1.859375,0.25,0.015151515151515152,cpu_intensive,422000454,Round Robin,0.3079837995531841,0.2095724907063197,0.21011471570553306,0.14540507859733978,0.2914147521160822,0.7690520446096654
8.0,1.1428571428571428,33.5,177,0.0,3.375,1.734375,0.625,0.029850746268656716,cpu_intensive,422000455,Round Robin,0.22303864720729688,0.20875912408759123,0.19893540171880086,0.1616272677295217,0.27886201209455747,0.7631386861313869
8.0,1.1428571428571428,31.875,131.359375,0.0,3,2.5,0.5,0.023529411764705882,cpu_intensive,422000456,Round Robin,0.23624757877842553,0.1790606282738436,0.2289988725407956,0.14019562179785747,0.3126455519329297,0.7585012594458438
8.0,0.8888888888888888,31.625,199.234375,0.0,3.125,0.859375,0.5,0.02766798418972332,cpu_intensive,422000457,Round Robin,0.2945751245349752,0.2299634203870432,0.24962172554839088,0.14855818743563337,0.2821833161688981,0.7712146422628952
8.0,1.0,30.5,252.75,0.0,2.125,2.109375,0.5,0.036885245901639344,cpu_intensive,422000458,Round Robin,0.20028249663122974,0.1736963190184049,0.19551103162691771,0.12547220723151645,0.32582298974635726,0.7511503067484663
8.0,0.7272727272727273,33.375,218.734375,0.0,2.125,1.859375,0.5,0.026217228464419477,cpu_intensive,422000459,Round Robin,0.21253106411228895,0.19151005199361815,0.1750405142917004,0.13140009062075214,0.2939510647938378,0.7559192200557103
8.0,1.0,35.25,145.6875,0.0,2.75,3.1875,0.625,0.031914893617021274,cpu_intensive,422000460,Round Robin,0.21468962096429126,0.17756482525366404,0.1809769914977466,0.14081385979049155,0.3029814665592264,0.7556369785794814
8.0,0.8,35,94,0.0,1.25,0.4375,0.625,0.04285714285714286,cpu_intensive,422000461,Round Robin,0.22846130824936656,0.25,0.26506729565848963,0.13625685199686766,0.2566757821846757,0.754154078549849
8.0,1.1428571428571428,32.5,173.5,0.0,2.875,0.859375,0.375,0.015384615384615385,cpu_intensive,422000462,Round Robin,0.21303071368233586,0.20292887029288703,0.2389886971819889,0.12915374390784226,0.28167922020381037,0.7576708507670851
8.0,1.0,33.125,64.109375,0.0,3.125,1.359375,0.5,0.03018867924528302,cpu_intensive,422000463,Round Robin,0.22159380544496537,0.21081830790568654,0.24104044354805784,0.14234650967199328,0.28595458368376786,0.7624826629680999
8.0,0.8,33.375,104.734375,0.0,3.25,2.4375,0.5,0.02247191011235955,cpu_intensive,422000464,Round Robin,0.21629348666677795,0.24106040564373896,0.24623551371711205,0.14533573681838666,0.2779405137449301,0.7588734567901234
8.0,1.6,33.5,229.75,0.0,3,2,0.375,0.022388059701492536,cpu_intensive,422000465,Round Robin,0.22058066573469823,0.18327978382906848,0.19068120239671457,0.13677581863979849,0.3308564231738035,0.756074168797954
8.0,1.0,34.875,176.359375,0.0,2.75,0.6875,0.625,0.035842293906810034,cpu_intensive,422000466,Round Robin,0.2238705801875133,0.20697800283054427,0.2150884393628457,0.13398692810457516,0.33126361655773423,0.754287598944591
8.0,1.0,31.125,179.859375,0.0,3,1.25,0.375,0.03614457831325301,cpu_intensive,422000467,Round Robin,0.2356046148801642,0.24349917029902785,0.27250421473430486,0.14942212438084754,0.2681618051733627,0.7618629173989455
8.0,1.1428571428571428,36.125,147.609375,0.0,2.875,1.109375,0.625,0.04152249134948097,cpu_intensive,422000468,Round Robin,0.24311982943764254,0.2235167245590023,0.18581378258444137,0.14297156587905488,0.27062474969963957,0.7544080604534005
8.0,1.0,31.25,115.6875,0.0,2.875,2.609375,0.625,0.032,cpu_intensive,422000469,Round Robin,0.22495534906116385,0.2011979701795328,0.1984198450648339,0.1374829001367989,0.29400364797081624,0.7612551159618008
8.0,2.0,37.375,114.984375,0.0,3.125,1.609375,0.625,0.03678929765886288,cpu_intensive,422000470,Round Robin,0.2111398441593878,0.19255484452309207,0.2328387218134481,0.13618948101706724,0.2999825844653431,0.7589020771513353
8.0,1.0,34,193.5,0.0,2.625,2.234375,0.5,0.014705882352941176,cpu_intensive,422000471,Round Robin,0.23988638013648902,0.17546948356807512,0.20683328493296546,0.13388594453317845,0.3122680412371134,0.75
8.0,1.6,41.5,82.5,0.0,3.875,1.109375,0.875,0.02710843373493976,cpu_intensive,422000472,Round Robin,0.23021862091084716,0.2224083398291129,0.21176315156221898,0.12678157109711635,0.28480278422273786,0.7578209277238404
8.0,1.3333333333333333,33.25,250.6875,0.0,2.375,0.734375,0.5,0.02631578947368421,cpu_intensive,422000473,Round Robin,0.3025837993571928,0.1991705085044157,0.1880108991825613,0.13491271820448877,0.32331670822942643,0.7506811989100817
8.0,1.0,27.875,156.359375,0.0,3.625,1.484375,0.375,0.02242152466367713,cpu_intensive,422000474,Round Robin,0.2782261576535179,0.1622107743318977,0.16856780735107732,0.12351895734597157,0.3279028436018957,0.767743979721166
8.0,0.8888888888888888,31,146.25,0.0,2.625,2.234375,0.5,0.04032258064516129,cpu_intensive,422000475,Round Robin,0.21081797495319862,0.17633928571428573,0.1830981065042375,0.1318802910906794,0.3096475372797108,0.75
8.0,1.3333333333333333,28.375,111.234375,0.0,3,2,0.375,0.022026431718061675,cpu_intensive,422000476,Round Robin,0.22043369433947563,0.18155168786238002,0.18835430545275106,0.13909774436090225,0.3101503759398496,0.7574481865284974
8.0,0.8888888888888888,35,143.25,0.0,2.5,1,0.625,0.03214285714285714,cpu_intensive,422000477,Round Robin,0.24467211336813746,0.21806251134378918,0.20582918385183332,0.1448357736446379,0.3313217253660467,0.7530080213903743
8.0,0.8,32,122,0.0,3.125,1.109375,0.75,0.046875,cpu_intensive,422000478,Round Robin,0.20502562012547065,0.20872241092689164,0.15130904733540246,0.13764434180138568,0.2737023730060999,0.7601809954751131
8.0,0.8888888888888888,26.625,168.984375,0.0,2.625,2.484375,0.25,0.018779342723004695,cpu_intensive,422000479,Round Robin,0.2343020231157769,0.19340390879478828,0.16868712947397435,0.13110846245530394,0.29350417163289627,0.7601791530944626
8.0,0.8888888888888888,31.125,93.609375,0.0,3.5,1.75,0.375,0.028112449799196786,cpu_intensive,422000480,Round Robin,0.2412808170341349,0.2024302054503917,0.19550047694627723,0.13925191527715186,0.3072329878323569,0.7644291091593476
8.0,1.1428571428571428,25.5,71.5,0.0,3.875,0.859375,0.125,0.00980392156862745,cpu_intensive,422000481,Round Robin,0.23758503565002356,0.1804977654492218,0.18942279539621906,0.13726461843409316,0.30946481665014863,0.7656033287101248
8.0,1.3333333333333333,29.5,62.5,0.0,4,1.5,0.375,0.029661016949152543,cpu_intensive,422000482,Round Robin,0.20603404281641932,0.18090787716955942,0.2435009871591981,0.16078323221180363,0.2872311086596801,0.7710280373831775
8.0,1.1428571428571428,27.625,94.984375,0.0,3.75,1.4375,0.25,0.013574660633484163,cpu_intensive,422000483,Round Robin,0.29237430229021066,0.22723509933774835,0.26763354980814125,0.15135583840619812,0.27296624239070283,0.759933774834437
8.0,1.1428571428571428,35.375,160.984375,0.0,3.125,1.609375,0.875,0.053003533568904596,cpu_intensive,422000484,Round Robin,0.20919751949407503,0.20292641835823563,0.18451986246699822,0.13401639344262295,0.2988733421631024,0.7571785268414482
8.0,1.6,28.25,70.9375,0.0,3.25,1.9375,0.375,0.02654867256637168,cpu_intensive,422000485,Round Robin,0.26243268926195756,0.22719568006686372,0.21545540333650093,0.15773809523809523,0.2786796536796537,0.7652439024390244
8.0,0.7272727272727273,31.875,228.609375,0.0,2.875,1.859375,0.375,0.011764705882352941,cpu_intensive,422000486,Round Robin,0.24163207513983187,0.2101332866882428,0.2424436782174228,0.1425845147219193,0.2846237731733915,0.7528225806451613
8.0,1.1428571428571428,32.5,80.5,0.0,2.875,2.109375,0.5,0.026923076923076925,cpu_intensive,422000487,Round Robin,0.23512359821339884,0.20532182754510203,0.2311516998926932,0.12176960140166447,0.2541611914148051,0.758364312267658
8.0,0.8,35.5,242.5,0.0,2.875,1.359375,0.625,0.028169014084507043,cpu_intensive,422000488,Round Robin,0.25565023873850673,0.21722806355219829,0.2228311910253796,0.1560214529497806,0.2785226718673818,0.7547033285094067
8.0,0.8,38.75,173.1875,0.0,2.625,1.734375,0.75,0.04516129032258064,cpu_intensive,422000489,Round Robin,0.22066422830100083,0.19491702285501347,0.1681993484635307,0.13526657060518732,0.33267298687306107,0.7529286474973376
8.0,0.8888888888888888,33,204,0.0,2.875,1.609375,0.625,0.041666666666666664,cpu_intensive,422000490,Round Robin,0.24178872614292055,0.1810918774966711,0.1733155998640067,0.1253883710608078,0.30481580115401685,0.7573235685752331
8.0,0.8888888888888888,26.875,162.359375,0.0,3.25,0.9375,0.25,0.023255813953488372,cpu_intensive,422000491,Round Robin,0.3013583130213543,0.2174691921497033,0.16373801916932906,0.1337386018237082,0.2854680625835223,0.7619808306709266
8.0,1.0,23.125,104.109375,0.0,2.875,2.359375,0.375,0.032432432432432434,cpu_intensive,422000492,Round Robin,0.2335612092344065,0.16791484084860034,0.17656992394435167,0.13483502538071065,0.32043147208121825,0.754708904109589
8.0,0.8888888888888888,35.25,182.4375,0.0,2.125,1.859375,0.5,0.02127659574468085,cpu_intensive,422000493,Round Robin,0.2662388442935345,0.20527369826435246,0.19050122003854553,0.13740283493369912,0.29753626405230155,0.7530040053404539
8.0,1.3333333333333333,31.375,160.734375,0.0,2.875,1.359375,0.5,0.01593625498007968,cpu_intensive,422000494,SRTF,0.2103881366895736,0.19852752146486288,0.13219895287958114,0.1348996832101373,0.31655881676689346,0.7542539267015707
8.0,1.0,32.125,99.359375,0.0,3.25,1.9375,0.625,0.042801556420233464,cpu_intensive,422000495,Round Robin,0.23667665479700475,0.21759431956248163,0.25999513604073715,0.14868603042876902,0.2917242969110189,0.7550651230101302
8.0,1.1428571428571428,40.5,131,0.0,2.75,0.4375,0.75,0.040123456790123455,cpu_intensive,422000496,Round Robin,0.22602019364759024,0.23082090721003648,0.2210813992600067,0.1357214934409687,0.31071308442650525,0.7511904761904762
8.0,0.7272727272727273,32.5,197,0.0,3.125,2.859375,0.625,0.03076923076923077,cpu_intensive,422000497,Round Robin,0.24956503581986333,0.1802364468973685,0.16433788212697117,0.13994097393015248,0.3119773733398918,0.7602103960396039
8.0,1.0,36.125,243.109375,0.0,2.25,1.6875,0.625,0.04152249134948097,cpu_intensive,422000498,Round Robin,0.23324624268106336,0.18362809149441217,0.18000005777157696,0.1456825856246985,0.3088138993288157,0.7541916167664671
8.0,1.6,36.875,34.109375,0.0,3.125,0.609375,0.875,0.05084745762711865,cpu_intensive,422000499,Round Robin,0.21444318962455364,0.24282147315855182,0.21597183673729814,0.1415672913117547,0.27538330494037483,0.7546816479400749
12.0,1.3333333333333333,12.916666666666666,21.90972222222222,1.0,3.1666666666666665,1.9722222222222223,3.8333333333333335,2.225806451612903,io_intensive,423000000,Round Robin,0.11263526374611452,0.21618924493689784,0.1339951070731708,0.11002950340737147,0.35200656593744506,0.7761479591836735
12.0,1.3333333333333333,10.583333333333334,11.743055555555555,1.0,3.25,2.1875,3.25,2.37007874015748,io_intensive,423000001,Round Robin,0.1568802127599494,0.24008784577455894,0.1271422203899305,0.11415362731152204,0.2980688660484613,0.7898936170212766
12.0,1.2,10.916666666666666,8.243055555555555,1.0,2.6666666666666665,1.8888888888888888,3.6666666666666665,2.572519083969466,io_intensive,423000002,SRTF,0.11962172315905654,0.2727357873475621,0.08493249189688111,0.1007183810249848,0.36137710372885573,0.7670648464163823
12.0,0.75,11.416666666666666,14.409722222222221,1.0,3.9166666666666665,2.076388888888889,3.6666666666666665,2.678832116788321,io_intensive,423000003,SRTF,0.15337908410197565,0.311729574773053,0.12515274442985289,0.12912337795156748,0.19771827034164058,0.831043956043956
12.0,1.0909090909090908,10.333333333333334,16.72222222222222,1.0,3.75,1.5208333333333333,3.25,2.653225806451613,io_intensive,423000004,Round Robin,0.12889123977290468,0.26121451083214153,0.1793456562521864,0.08556149732620319,0.34233373939256295,0.7973790322580645
12.0,0.9230769230769231,12.333333333333334,9.722222222222221,1.0,1.6666666666666667,0.7222222222222222,3.75,2.472972972972973,io_intensive,423000005,Round Robin,0.12311679681010135,0.2198321354700514,0.14066257806863988,0.10259179265658747,0.3536443559444289,0.7807692307692308
12.0,0.9230769230769231,11.166666666666666,22.63888888888889,1.0,3.5,2.25,3.25,2.246268656716418,io_intensive,423000006,Round Robin,0.13690572937830148,0.36007963493199713,0.13591881114413723,0.11822613878872616,0.22102569329128455,0.7913043478260869
12.0,0.8,12.333333333333334,16.88888888888889,1.0,2.6666666666666665,1.2222222222222223,3.5,2.2635135135135136,io_intensive,423000007,FCFS,0.11797278506158126,0.24755318063325074,0.13869533640864457,0.13610047495843597,0.29929178018048697,0.7931034482758621
12.0,1.2,11.166666666666666,15.805555555555555,1.0,2.9166666666666665,2.576388888888889,3.6666666666666665,2.3656716417910446,io_intensive,423000008,Round Robin,0.13493374482239806,0.2699285429993752,0.1790239472503523,0.11740041504595532,0.32306211422065084,0.7968227424749164
12.0,1.5,11.583333333333334,14.409722222222221,1.0,3.4166666666666665,1.5763888888888888,3.4166666666666665,2.6258992805755397,io_intensive,423000009,Round Robin,0.11854200485111137,0.2625241081992188,0.1513830238573534,0.10815415475185457,0.3485283031866508,0.7969745222929936
12.0,1.2,12.5,8.75,1.0,2.8333333333333335,2.138888888888889,3.9166666666666665,2.3266666666666667,io_intensive,423000010,Round Robin,0.11908145012159149,0.2033972084742926,0.11391240250657804,0.10005027652086478,0.3738322431860507,0.7671673819742489
12.0,0.6666666666666666,10.416666666666666,17.57638888888889,1.0,3.1666666666666665,2.3055555555555554,3.0833333333333335,2.36,io_intensive,423000011,Round Robin,0.1448838638716356,0.2558574879227053,0.14544956140350876,0.11804783698376373,0.3674411183237597,0.8145833333333333
12.0,0.9230769230769231,10.416666666666666,9.07638888888889,1.0,2.25,1.3541666666666667,3.9166666666666665,2.92,io_intensive,423000012,SRTF,0.10660515335312082,0.2842568216836231,0.09048471197621202,0.1078229372256791,0.3375056841497757,0.7865853658536586
12.0,0.7058823529411765,11,11.666666666666666,1.0,2.9166666666666665,2.4097222222222223,3.3333333333333335,2.4166666666666665,io_intensive,423000013,Round Robin,0.12226199479757524,0.1955446201188455,0.14761108090389563,0.10497281443909211,0.3035896316805624,0.8135964912280702
12.0,1.0909090909090908,9.833333333333334,10.972222222222221,1.0,3.1666666666666665,2.3055555555555554,3.5,2.8983050847457625,io_intensive,423000014,Round Robin,0.1285217035217035,0.22402283808533804,0.14833128583128583,0.09659207166531386,0.2975383991008991,0.8198198198198199
12.0,1.5,11.5,12.916666666666666,1.0,3.4166666666666665,1.5763888888888888,3.75,2.536231884057971,io_intensive,423000015,Round Robin,0.13249679453167107,0.16243257514487572,0.1411232698059434,0.09253819036427731,0.41414229375082334,0.7831168831168831
12.0,0.8571428571428571,10.333333333333334,12.88888888888889,1.0,3.5833333333333335,1.2430555555555556,3.3333333333333335,2.5161290322580645,io_intensive,423000016,FCFS,0.1243257705479452,0.12634267686082068,0.21315774535397136,0.13170187990897095,0.35479573008476767,0.8333333333333333
12.0,1.0,10.916666666666666,7.743055555555555,1.0,3.6666666666666665,2.2222222222222223,3.25,2.3206106870229006,io_intensive,423000017,Round Robin,0.1414162019053406,0.2545378914611552,0.2618167234258714,0.12006301432649544,0.34056521908944815,0.7922413793103449
12.0,0.8571428571428571,12.916666666666666,15.57638888888889,1.0,2.8333333333333335,1.1388888888888888,3.5833333333333335,2.232258064516129,io_intensive,423000018,Round Robin,0.1388582084199957,0.14667111999190022,0.11888781768571184,0.10497382198952881,0.3115206391040962,0.7623287671232877
12.0,1.2,9.333333333333334,16.88888888888889,1.0,2.6666666666666665,2.5555555555555554,3.25,2.8839285714285716,io_intensive,423000019,Round Robin,0.14487661453034198,0.2233516343145642,0.12257079398991075,0.11590863024558318,0.3476167067714643,0.7961165048543689
12.0,0.8571428571428571,12.916666666666666,16.743055555555557,1.0,2.8333333333333335,2.638888888888889,3.8333333333333335,2.361290322580645,io_intensive,423000020,Round Robin,0.14567120306612966,0.271229430979509,0.1582329542592984,0.12316707261485105,0.3384024369295803,0.7870639534883721
12.0,1.0909090909090908,11.75,22.020833333333332,1.0,2.75,2.5208333333333335,3.3333333333333335,2.3900709219858154,io_intensive,423000021,SRTF,0.12922772994605486,0.30039425575965817,0.1074897685397456,0.11275482439037118,0.2673344719798195,0.7901234567901234
12.0,1.0,11.5,6.916666666666667,1.0,3.5833333333333335,1.2430555555555556,4,2.6666666666666665,io_intensive,423000022,SRTF,0.11385944946297744,0.30987740456493573,0.07173395760535982,0.14837043406418923,0.2612829568936957,0.8025210084033614
12.0,1.0,12.666666666666666,18.88888888888889,1.0,2.75,2.0208333333333335,3.75,2.388157894736842,io_intensive,423000023,Round Robin,0.1510489585181972,0.16789020544045927,0.11585430157078104,0.11508020184221396,0.34638326775849676,0.7658132530120483
12.0,1.0909090909090908,10.666666666666666,11.555555555555555,1.0,3.25,1.3541666666666667,3.0833333333333335,2.109375,io_intensive,423000024,FCFS,0.12370104060415382,0.27794182090757075,0.21099299963311835,0.13135049378853003,0.3772320304037064,0.7810283687943262
12.0,1.3333333333333333,10.5,8.083333333333334,1.0,3,1.6666666666666667,3,2.1666666666666665,io_intensive,423000025,Round Robin,0.11474250141482742,0.186007507180556,0.11801774110857127,0.11052631578947368,0.3556568162208801,0.7768817204301075
12.0,1.0909090909090908,10,10.666666666666666,1.0,2.9166666666666665,2.076388888888889,2.8333333333333335,2.1,io_intensive,423000026,SRTF,0.14538390786182995,0.2682951333921974,0.08055888088789404,0.15348147583229402,0.3271695671438657,0.7887453874538746
12.0,1.0,11.25,12.6875,1.0,3.5,1.25,3.5,2.637037037037037,io_intensive,423000027,Round Robin,0.12357271634615385,0.2680384693941679,0.16855277168301497,0.10548031780426147,0.4011275872721656,0.779296875
12.0,1.0,11.083333333333334,9.57638888888889,1.0,2.75,1.8541666666666667,3.6666666666666665,2.8646616541353382,io_intensive,423000028,Round Robin,0.14231748103495737,0.17792859789478074,0.2022514797014782,0.09928385416666667,0.3570355580679241,0.7905629139072847
12.0,0.9230769230769231,10.833333333333334,16.97222222222222,1.0,2.5833333333333335,1.4097222222222223,3.25,2.330769230769231,io_intensive,423000029,Round Robin,0.147185250911959,0.2909253432494279,0.1149807749186631,0.10272108843537414,0.31085521621235906,0.7983091787439613
12.0,0.9230769230769231,11.833333333333334,16.305555555555557,1.0,3.5,2.4166666666666665,3.5833333333333335,2.2816901408450705,io_intensive,423000030,Round Robin,0.1490013450012095,0.3280298837852795,0.1334417920209287,0.1078125,0.3141789654400881,0.7954545454545454
12.0,1.0,10.833333333333334,4.972222222222222,1.0,2.8333333333333335,1.3055555555555556,3.1666666666666665,2.5153846153846153,io_intensive,423000031,FCFS,0.1095382421108932,0.2992876712328767,0.238445117965175,0.11665162355531096,0.23667513858958697,0.8192488262910798
12.0,0.7058823529411765,12.083333333333334,10.57638888888889,1.0,2.8333333333333335,1.9722222222222223,3.5833333333333335,2.3793103448275863,io_intensive,423000032,Round Robin,0.10411779502869412,0.15954773869346736,0.09704564358178433,0.09547891874864074,0.33226130278583715,0.7883165829145728
12.0,1.2,10.833333333333334,9.305555555555555,1.0,2.5833333333333335,1.5763888888888888,3.6666666666666665,2.746153846153846,io_intensive,423000033,Round Robin,0.09910714285714284,0.23765829822742746,0.1273411372820822,0.09899174426583218,0.3238605827680631,0.8125
12.0,1.5,11.5,15.916666666666666,1.0,3.0833333333333335,2.2430555555555554,3.25,2.1594202898550723,io_intensive,423000034,Round Robin,0.13630817580995516,0.31458689519400834,0.14961549127029547,0.1064935064935065,0.3244121650161918,0.7873665480427046
12.0,0.75,10.25,11.520833333333334,1.0,3.3333333333333335,1.0555555555555556,3.3333333333333335,2.4552845528455283,io_intensive,423000035,Round Robin,0.14011982756072944,0.1810620029274338,0.16796459503611705,0.09238363892806771,0.3835405997986809,0.795816733067729
12.0,0.9230769230769231,13.083333333333334,14.743055555555555,1.0,3.1666666666666665,1.8055555555555556,3.8333333333333335,2.356687898089172,io_intensive,423000036,Round Robin,0.13598824578017937,0.2303958755916159,0.15604683982538164,0.11141081248674137,0.3026561737317625,0.7844827586206897
12.0,1.5,11.083333333333334,11.243055555555555,1.0,3.1666666666666665,2.138888888888889,3.75,2.789473684210526,io_intensive,423000037,Round Robin,0.13494549331483285,0.31457739791073125,0.3118448627320444,0.10673086393563096,0.22904413077523453,0.7818725099601593
12.0,1.2,11.416666666666666,12.909722222222221,1.0,2.75,2.0208333333333335,3.4166666666666665,2.408759124087591,io_intensive,423000038,Round Robin,0.14559548389137122,0.25007263207405234,0.1745817593579554,0.12230067766895128,0.3702453658508079,0.7705655526992288
12.0,0.75,12.25,18.6875,1.0,2.5,2.4166666666666665,3.8333333333333335,2.503401360544218,io_intensive,423000039,SRTF,0.12965773654141619,0.2666223222795578,0.10858443493107574,0.1103899819294456,0.3226258884133771,0.8264331210191083
12.0,1.7142857142857142,10,5,1.0,2.9166666666666665,2.2430555555555554,3.1666666666666665,2.2666666666666666,io_intensive,423000040,Round Robin,0.1389611593147005,0.21307102647389248,0.18059789479139482,0.12066181767824968,0.32442035719198453,0.7896253602305476
12.0,1.0909090909090908,10.583333333333334,7.743055555555555,1.0,3.0833333333333335,2.576388888888889,3.1666666666666665,2.393700787401575,io_intensive,423000041,Round Robin,0.12356489819993469,0.2770533274979443,0.1582509137253663,0.10089686850326464,0.3939474799813491,0.7708333333333333
12.0,1.2,9.833333333333334,7.472222222222222,1.0,2.5833333333333335,2.576388888888889,3,2.2288135593220337,io_intensive,423000042,Round Robin,0.12678667682756825,0.2406748774663818,0.16110128235057194,0.11747662853372838,0.35771426437454096,0.7746575342465754
12.0,1.3333333333333333,9.583333333333334,14.57638888888889,1.0,2.5833333333333335,2.076388888888889,2.8333333333333335,2.226086956521739,io_intensive,423000043,Round Robin,0.15328557312252963,0.22763785790031815,0.1664916831357049,0.10711462450592886,0.3338207139328063,0.8119565217391305
12.0,1.2,11.916666666666666,6.243055555555555,1.0,3.5833333333333335,1.4097222222222223,3.8333333333333335,2.4825174825174825,io_intensive,423000044,Round Robin,0.1372380318892552,0.2925592111937291,0.26549720645082897,0.1278544452495444,0.3015489268993649,0.8001474926253687
12.0,1.0909090909090908,11.416666666666666,12.07638888888889,1.0,2.9166666666666665,2.9097222222222223,3.3333333333333335,2.218978102189781,io_intensive,423000045,SRTF,0.14759463292243918,0.19962549354301834,0.1024030335675773,0.1430744786871521,0.3103470312360065,0.788623595505618
12.0,1.3333333333333333,11.666666666666666,6.222222222222222,1.0,3.25,2.8541666666666665,3.5833333333333335,2.45,io_intensive,423000046,Round Robin,0.1356224252220306,0.23655049582361762,0.12209045984806668,0.10365168539325843,0.28171537721385903,0.782991202346041
12.0,1.3333333333333333,11.75,11.6875,1.0,3.0833333333333335,1.4097222222222223,3.6666666666666665,2.645390070921986,io_intensive,423000047,Round Robin,0.14750068902776578,0.3273160735044404,0.21997072353710678,0.11158432708688246,0.3408959584774258,0.7794906166219839
12.0,0.9230769230769231,11,10.833333333333334,1.0,2.8333333333333335,1.3055555555555556,3.75,2.6515151515151514,io_intensive,423000048,Round Robin,0.12322537261187569,0.3020247469066367,0.21107251569289537,0.11349570905765977,0.29879786022436133,0.8648648648648649
12.0,1.5,9.25,12.6875,1.0,2.9166666666666665,2.2430555555555554,3.25,2.8378378378378377,io_intensive,423000049,Round Robin,0.14097546814827883,0.3044991277749898,0.16065927651403294,0.1273095268677691,0.3681540277546573,0.790948275862069
12.0,0.8571428571428571,11.083333333333334,22.57638888888889,1.0,3.0833333333333335,2.076388888888889,3.5833333333333335,2.5714285714285716,io_intensive,423000050,SRTF,0.1647935508268216,0.2049269352290679,0.056664095227651125,0.11819537658463833,0.30723072548672475,0.8175355450236967
12.0,1.0,11.416666666666666,11.243055555555555,1.0,2.1666666666666665,0.8055555555555556,3.4166666666666665,2.45985401459854,io_intensive,423000051,Round Robin,0.13150151328326418,0.2814310844370861,0.11612606625033413,0.09955701569546363,0.28777184898031627,0.7821969696969697
12.0,1.5,11.083333333333334,23.743055555555557,1.0,2.5,0.9166666666666666,3.5,2.8646616541353382,io_intensive,423000052,SRTF,0.16057053409712058,0.19805970995043923,0.07581282168883453,0.12338407499806604,0.38022023409498207,0.7748815165876777
12.0,0.9230769230769231,9.666666666666666,9.555555555555555,1.0,3.1666666666666665,1.9722222222222223,2.9166666666666665,2.3189655172413794,io_intensive,423000053,Round Robin,0.11340332237119488,0.28956980519480513,0.136573059515195,0.10469319588692483,0.282094370761206,0.8601694915254237
12.0,1.2,11.916666666666666,7.076388888888889,1.0,3.5833333333333335,1.7430555555555556,3.5833333333333335,2.4825174825174825,io_intensive,423000054,Round Robin,0.12844166903207496,0.2859907834101382,0.13666203817068964,0.11480669419918973,0.2936394547519665,0.7795202952029521
12.0,1.0909090909090908,12.333333333333334,17.38888888888889,1.0,3.0833333333333335,1.5763888888888888,3.5833333333333335,2.22972972972973,io_intensive,423000055,Round Robin,0.1348283193607942,0.23399210351227373,0.13319892540917178,0.10810810810810811,0.3472251880473232,0.7743421052631578
12.0,0.8571428571428571,11.083333333333334,13.07638888888889,1.0,2.9166666666666665,1.7430555555555556,3.4166666666666665,2.5037593984962405,io_intensive,423000056,Round Robin,0.11999992480029781,0.13062748485709208,0.1443228095892578,0.10420152573232849,0.29849193451710315,0.7953172205438066
12.0,0.8,12.333333333333334,11.555555555555555,1.0,2.8333333333333335,2.638888888888889,3.5833333333333335,2.114864864864865,io_intensive,423000057,Round Robin,0.11045183994240074,0.1939542221704025,0.14577392592792082,0.10942576622893145,0.294505846557901,0.7912087912087913
12.0,1.2,11.5,15.75,1.0,3,1.8333333333333333,3.5,2.528985507246377,io_intensive,423000058,FCFS,0.12019052650356077,0.211275875252608,0.1259222159712026,0.12068543761387408,0.3311781609195403,0.7848189415041782
12.0,0.8,8.75,11.854166666666666,1.0,3.5,1.4166666666666667,3.0833333333333335,2.6857142857142855,io_intensive,423000059,FCFS,0.1236420574215719,0.2538084933058826,0.1420127543270013,0.1238101133125076,0.34806534214126045,0.8279569892473118
12.0,1.7142857142857142,10.916666666666666,11.743055555555555,1.0,2.25,1.3541666666666667,3.3333333333333335,2.4885496183206106,io_intensive,423000060,Round Robin,0.16476854594080376,0.20090810230015038,0.14837094821173674,0.12235898429928278,0.3275108883011618,0.7631926121372032
12.0,0.9230769230769231,10.333333333333334,11.055555555555555,1.0,3.3333333333333335,2.0555555555555554,3.3333333333333335,2.6048387096774195,io_intensive,423000061,Round Robin,0.1348833257507466,0.2128881654743724,0.2236723358520597,0.11703029409775376,0.3452641915697092,0.8074712643678161
12.0,0.8571428571428571,9.583333333333334,4.743055555555555,1.0,3.25,1.6875,3.4166666666666665,2.7304347826086954,io_intensive,423000062,Round Robin,0.12606493527279616,0.25957418778544317,0.14939823136253885,0.11354019746121298,0.3424610488641842,0.798494983277592
12.0,0.7058823529411765,11.75,17.020833333333332,1.0,4,0.8333333333333334,3.75,2.624113475177305,io_intensive,423000063,SRTF,0.11506147494652877,0.2323310668506398,0.06036030332765081,0.0930649641097389,0.3293417161606114,0.8131672597864769
12.0,0.8571428571428571,11,12.5,1.0,2.5833333333333335,1.9097222222222223,3.6666666666666665,2.734848484848485,io_intensive,423000064,Round Robin,0.12450221717759544,0.24021916364097137,0.1378975103270417,0.09710362153382836,0.39447668892094695,0.7902097902097902
12.0,0.7058823529411765,10.083333333333334,8.409722222222221,1.0,3.5,1.5833333333333333,3.1666666666666665,2.4132231404958677,io_intensive,423000065,SRTF,0.1574240314942233,0.288961038961039,0.1267387821031097,0.13671825488544098,0.19315519339305132,0.7661290322580645
12.0,0.8571428571428571,11.166666666666666,11.805555555555555,1.0,2.4166666666666665,1.5763888888888888,3.5,2.529850746268657,io_intensive,423000066,Round Robin,0.13752722863272485,0.2960957071456788,0.17965893672176575,0.10273081924577374,0.30234703978053,0.7964135021097046
12.0,0.8571428571428571,10.583333333333334,19.07638888888889,1.0,2.25,1.6875,3.25,2.6141732283464565,io_intensive,423000067,SRTF,0.13457609912170115,0.21091371086687602,0.09914271991552763,0.14956173732495465,0.39100740283030727,0.7942477876106195
12.0,0.9230769230769231,12.5,15.083333333333334,1.0,2.8333333333333335,2.8055555555555554,3.4166666666666665,2.433333333333333,io_intensive,423000068,Round Robin,0.13945957693422198,0.2964940939934657,0.1298332360262781,0.11676036981509247,0.27838622961526005,0.7678571428571428
12.0,0.8571428571428571,11.5,10.75,1.0,3.8333333333333335,1.1388888888888888,3.25,2.3840579710144927,io_intensive,423000069,Round Robin,0.14487656181958264,0.30200413029193657,0.13839804146511075,0.11262309461260674,0.2086117724674287,0.7831541218637993
12.0,0.7058823529411765,10.916666666666666,12.57638888888889,1.0,3,2.3333333333333335,3.4166666666666665,2.7251908396946565,io_intensive,423000070,Round Robin,0.12367728315262719,0.30784415584415586,0.15087674517577432,0.09588068181818182,0.3216848538804267,0.8211009174311927
12.0,0.9230769230769231,11.916666666666666,11.243055555555555,1.0,3.25,2.1875,3.6666666666666665,2.6433566433566433,io_intensive,423000071,FCFS,0.11063123487870886,0.2381741782231639,0.1728335390984893,0.1178005317496834,0.31015279130935897,0.7907166123778502
12.0,0.9230769230769231,11.583333333333334,13.743055555555555,1.0,3.0833333333333335,1.9097222222222223,3.6666666666666665,2.6043165467625897,io_intensive,423000072,SRTF,0.11222989493160644,0.21668964529769452,0.09061648613227453,0.11093547089827943,0.31653406901119235,0.7882882882882882
12.0,0.9230769230769231,11.75,19.354166666666668,1.0,3.1666666666666665,1.4722222222222223,3.8333333333333335,2.269503546099291,io_intensive,423000073,SRTF,0.10600742869465335,0.22734029255768384,0.08269464298002888,0.10898436873444967,0.351641129065287,0.8041958041958042
12.0,0.8,12,18.333333333333332,1.0,2.6666666666666665,1.7222222222222223,3.5833333333333335,2.4027777777777777,io_intensive,423000074,SRTF,0.15873110665469098,0.1939500800320128,0.10611354470866363,0.14708894979194587,0.35681840111931296,0.7873774509803921
12.0,3.0,11.083333333333334,7.743055555555555,1.0,3.1666666666666665,1.8055555555555556,3.4166666666666665,2.5338345864661656,io_intensive,423000075,Round Robin,0.14111932979932307,0.3069382142825914,0.15088199550341622,0.10479233226837062,0.34323691461299277,0.7712628865979381
12.0,1.5,12.416666666666666,10.57638888888889,1.0,3.6666666666666665,1.7222222222222223,3.5833333333333335,2.3624161073825505,io_intensive,423000076,Round Robin,0.12962455964401498,0.26342229084680574,0.11878539559718658,0.09175314036045878,0.32269773392729756,0.7982456140350878
12.0,1.7142857142857142,10.583333333333334,17.07638888888889,1.0,3.25,1.3541666666666667,3.4166666666666665,2.661417322834646,io_intensive,423000077,Round Robin,0.13983465870665332,0.24066037665262513,0.1415378603519997,0.13423477324398705,0.39727907552676983,0.786741214057508
12.0,1.0909090909090908,12,10.5,1.0,2.5833333333333335,1.0763888888888888,3.75,2.3541666666666665,io_intensive,423000078,Round Robin,0.1051071627758744,0.20419852015596698,0.11929752143170756,0.10192333109234203,0.37600886256414257,0.7909090909090909
12.0,1.2,12.666666666666666,9.555555555555555,1.0,3.25,2.8541666666666665,3.8333333333333335,2.276315789473684,io_intensive,423000079,Round Robin,0.1368978980284269,0.30251471651347717,0.14296428937499406,0.12081843119552761,0.2911191448165675,0.7820665083135392
12.0,0.8571428571428571,8.916666666666666,10.743055555555555,1.0,3.75,1.5208333333333333,3.1666666666666665,2.7757009345794392,io_intensive,423000080,Round Robin,0.13285211186821758,0.2969073808385143,0.20187705322929986,0.1030716581853552,0.32519451023578266,0.8293413173652695
12.0,1.3333333333333333,10.666666666666666,17.72222222222222,1.0,2.75,1.8541666666666667,3.5833333333333335,2.6484375,io_intensive,423000081,Round Robin,0.15664352493327305,0.2889337884420714,0.1541868059494123,0.11275290580803098,0.3481218512453058,0.7806324110671936
12.0,1.0909090909090908,11.5,15.583333333333334,1.0,2.0833333333333335,1.5763888888888888,3.6666666666666665,2.420289855072464,io_intensive,423000082,Round Robin,0.15486934600650415,0.27925834956141765,0.15612259719524757,0.1349103953734486,0.3820272171657836,0.7901234567901234
12.0,0.8571428571428571,10.583333333333334,5.076388888888889,1.0,2.5,1.75,3.3333333333333335,2.2598425196850394,io_intensive,423000083,Round Robin,0.08828377865577357,0.3088074994759814,0.09406404160807161,0.08807339449541285,0.3466626971366435,0.7837591240875912
12.0,0.8571428571428571,10,10.666666666666666,1.0,3.0833333333333335,1.4097222222222223,3.3333333333333335,2.683333333333333,io_intensive,423000084,Round Robin,0.13717999624502775,0.25012744334047665,0.13128961834872035,0.10183066361556065,0.3172311756395746,0.8265086206896552
12.0,1.0,8.916666666666666,10.909722222222221,1.0,3.3333333333333335,2.2222222222222223,2.75,2.4205607476635516,io_intensive,423000085,SRTF,0.17101379207634917,0.23364141555059523,0.12958492058448226,0.14560403340375352,0.2729835212489159,0.7979166666666666
12.0,0.8,12.166666666666666,12.805555555555555,1.0,2.9166666666666665,1.7430555555555556,4.166666666666667,2.8493150684931505,io_intensive,423000086,SRTF,0.11275921658986174,0.29959100204498973,0.07998726488031654,0.11917845095027256,0.222397056941056,0.8035714285714286
12.0,0.6666666666666666,13.083333333333334,10.07638888888889,1.0,2.9166666666666665,2.2430555555555554,4.25,2.554140127388535,io_intensive,423000087,FCFS,0.11410333086658551,0.16294138986301157,0.13211101176186615,0.12480183391721744,0.3339610326440577,0.7950530035335689
12.0,1.2,11.75,18.020833333333332,1.0,3.4166666666666665,1.7430555555555556,3.5,2.4539007092198584,io_intensive,423000088,Round Robin,0.1334521715071398,0.3191220406516295,0.11689868048749047,0.11598729521983397,0.36342764835865504,0.7998338870431894
12.0,1.2,11.166666666666666,12.305555555555555,1.0,2.6666666666666665,2.5555555555555554,3.6666666666666665,2.5522388059701493,io_intensive,423000089,Round Robin,0.12333108985039548,0.24156328990861367,0.16190466503254372,0.11676023230734035,0.34566121090334556,0.7804054054054055
12.0,1.0909090909090908,11,20,1.0,3.6666666666666665,1.8888888888888888,3.4166666666666665,2.477272727272727,io_intensive,423000090,Round Robin,0.1153972396673568,0.23647421769542276,0.16934518713095467,0.09596713965646003,0.34220913231442424,0.797153024911032
12.0,1.0909090909090908,10.833333333333334,11.63888888888889,1.0,3.4166666666666665,2.4097222222222223,3.3333333333333335,2.4076923076923076,io_intensive,423000091,Round Robin,0.11974014489119682,0.28480913642052563,0.16948067255912624,0.10378322592106133,0.2986882517592027,0.799792531120332
12.0,0.9230769230769231,10.416666666666666,6.409722222222222,1.0,3,2,2.6666666666666665,2.08,io_intensive,423000092,Round Robin,0.1726116621593913,0.3112687652830656,0.14035452873216164,0.13722263426350628,0.27514322087842136,0.8071161048689139
12.0,0.75,11.25,12.1875,1.0,3.0833333333333335,1.2430555555555556,3.25,2.3333333333333335,io_intensive,423000093,Round Robin,0.14657728869601155,0.3378785971977515,0.19726066719559157,0.12457170465230866,0.3396951836246058,0.7760416666666667
12.0,1.0,12.083333333333334,11.57638888888889,1.0,2.8333333333333335,1.8055555555555556,3.5,2.3586206896551722,io_intensive,423000094,Round Robin,0.12996135060210923,0.276016531513713,0.17513103912120898,0.10914937515006314,0.3655059990734352,0.7800632911392404
12.0,1.0909090909090908,10.666666666666666,26.72222222222222,1.0,3.5,1.25,3.4166666666666665,2.4921875,io_intensive,423000095,Round Robin,0.1428368351709313,0.1888571065344521,0.14228085558858145,0.12676261360471888,0.3248084302022339,0.8119565217391305
12.0,0.9230769230769231,11.916666666666666,9.57638888888889,1.0,2.75,2.0208333333333335,3.5,2.2237762237762237,io_intensive,423000096,SRTF,0.11013875583893015,0.24060808817241378,0.08827049820337304,0.11451298992133234,0.3057285659153391,0.7912912912912913
12.0,0.8571428571428571,8.416666666666666,4.076388888888889,1.0,3.0833333333333335,1.9097222222222223,2.8333333333333335,2.4653465346534653,io_intensive,423000097,Round Robin,0.16475334559687865,0.24535733145572963,0.1713496751859923,0.12540267319679077,0.29697712418300654,0.7971014492753623
12.0,0.8571428571428571,12.083333333333334,8.07638888888889,1.0,2.25,1.1875,4.166666666666667,2.8,io_intensive,423000098,Round Robin,0.10512459500961274,0.23273189921781456,0.16346586618156603,0.09440753045404209,0.29699868750256353,0.7843866171003717
12.0,0.8571428571428571,10.833333333333334,5.972222222222222,1.0,2.5833333333333335,1.5763888888888888,3.9166666666666665,3.1153846153846154,io_intensive,423000099,FCFS,0.09506826741996234,0.2028496857355918,0.13476849902328902,0.09980178512082798,0.33759544844745615,0.7930555555555556
12.0,0.9230769230769231,12.416666666666666,11.243055555555555,1.0,3.0833333333333335,2.076388888888889,3.4166666666666665,2.315436241610738,io_intensive,423000100,Round Robin,0.14019816452651446,0.2719467213114754,0.1507304287540263,0.11625282167042889,0.3638626213565997,0.7893442622950819
12.0,1.3333333333333333,12.75,7.1875,1.0,2.8333333333333335,2.9722222222222223,3.8333333333333335,2.4640522875816995,io_intensive,423000101,Round Robin,0.1434531001005106,0.22735340681854188,0.14233598661725078,0.11694747274529238,0.3207592976966569,0.7818681318681319
12.0,1.5,12,11.833333333333334,1.0,3.5,0.9166666666666666,3.5,2.5069444444444446,io_intensive,423000102,Round Robin,0.1497185157856621,0.23764240227028935,0.1874686437354375,0.12653925847231182,0.37214403173594757,0.7709876543209877
12.0,1.0,11.583333333333334,20.57638888888889,1.0,2.75,1.8541666666666667,3.5,2.2158273381294964,io_intensive,423000103,FCFS,0.12538075539381874,0.23288982259570495,0.2557431587746642,0.12708750883566114,0.3449024090367695,0.7825396825396825
12.0,0.6,10.75,21.520833333333332,1.0,2.75,2.5208333333333335,3.25,2.1782945736434107,io_intensive,423000104,Round Robin,0.18559913916636528,0.2763192151384303,0.2845086271567892,0.14462000569797206,0.23561068915702663,0.8161290322580645
12.0,1.0,9.916666666666666,15.909722222222221,1.0,2.25,1.5208333333333333,3.0833333333333335,2.277310924369748,io_intensive,423000105,Round Robin,0.12884394772483776,0.2298968855447177,0.1451680909237092,0.1114218898326734,0.30929772136059797,0.7905405405405406
12.0,0.8571428571428571,10.416666666666666,8.07638888888889,1.0,2.75,2.1875,3.4166666666666665,2.488,io_intensive,423000106,Round Robin,0.1648175071070514,0.29566724572358644,0.11756475855452508,0.11055364177403035,0.3441383201189556,0.8008474576271186
12.0,1.3333333333333333,11.75,5.354166666666667,1.0,2.9166666666666665,1.9097222222222223,3.8333333333333335,2.5602836879432624,io_intensive,423000107,SRTF,0.11502189160597555,0.2117108577677063,0.10271554973695725,0.10997251591732053,0.3322770995323001,0.7673130193905817
12.0,0.8571428571428571,11.333333333333334,8.722222222222221,1.0,3.5833333333333335,1.5763888888888888,3.5,2.5,io_intensive,423000108,Round Robin,0.14655721688896442,0.21446800920598388,0.2535444155797701,0.09884075655887738,0.3113069768975809,0.7863924050632911
12.0,1.0909090909090908,11.583333333333334,5.243055555555555,1.0,2.6666666666666665,1.0555555555555556,3.8333333333333335,2.568345323741007,io_intensive,423000109,Round Robin,0.10550128174061651,0.2862793427230047,0.13436746641474384,0.1037823207184923,0.32541117092741895,0.7902621722846441
12.0,1.0,12.083333333333334,12.409722222222221,1.0,3.0833333333333335,2.2430555555555554,3.5833333333333335,2.4413793103448276,io_intensive,423000110,Round Robin,0.13172576232875988,0.31510025062656644,0.13946143769713532,0.11631151860717616,0.35297827490899314,0.8105263157894738
12.0,0.8571428571428571,10.083333333333334,24.57638888888889,1.0,3,2.3333333333333335,3.0833333333333335,2.1983471074380163,io_intensive,423000111,SRTF,0.17324025133787685,0.1744693942199912,0.08708874493914537,0.11243611584327087,0.3454659008454792,0.7915224913494809
12.0,1.0909090909090908,10.5,10.416666666666666,1.0,3.5,3.4166666666666665,3.25,2.6031746031746033,io_intensive,423000112,Round Robin,0.16161589350619548,0.31142773207990604,0.16513572079329897,0.10398230088495575,0.2746151838368629,0.8217703349282297
12.0,0.75,11,8.833333333333334,1.0,2.9166666666666665,1.5763888888888888,3.4166666666666665,2.4393939393939394,io_intensive,423000113,Round Robin,0.11939460402187986,0.2853110880045373,0.1674756171802548,0.08567854909318326,0.3441177776926906,0.801643192488263
12.0,1.5,11.416666666666666,12.743055555555555,1.0,2.75,2.1875,3.8333333333333335,2.7445255474452557,io_intensive,423000114,Round Robin,0.1459446070696586,0.3027587206493381,0.1423653817192032,0.0998766954377312,0.3496938660481646,0.7835051546391752
12.0,0.9230769230769231,11.166666666666666,12.305555555555555,1.0,3,2.1666666666666665,3.4166666666666665,2.582089552238806,io_intensive,423000115,Round Robin,0.1428961458857186,0.18920106577586893,0.14362195489728427,0.10152768936982812,0.3068531276413834,0.7803030303030303
12.0,0.8,9.25,15.854166666666666,1.0,2.5833333333333335,1.2430555555555556,3,2.6126126126126126,io_intensive,423000116,SRTF,0.11384721048182585,0.20223016093229745,0.109023037315853,0.12469932942812414,0.294378698224852,0.815625
12.0,1.0909090909090908,11.083333333333334,4.909722222222222,1.0,3.3333333333333335,2.2222222222222223,3.3333333333333335,2.5338345864661656,io_intensive,423000117,Round Robin,0.15390502647640802,0.2877358704980508,0.11294967623132911,0.1104267055125081,0.3238690077431079,0.7759643916913948
12.0,1.5,11.25,26.1875,1.0,3.3333333333333335,2.388888888888889,3.4166666666666665,2.5481481481481483,io_intensive,423000118,Round Robin,0.13469380704897754,0.16596885862240193,0.13207081810503224,0.11032028469750893,0.36456412699302265,0.7913333333333333
12.0,0.8571428571428571,11.666666666666666,15.555555555555555,1.0,2.6666666666666665,2.388888888888889,3.4166666666666665,2.2,io_intensive,423000119,Round Robin,0.14327429609445957,0.3219444444444444,0.18372077687780725,0.11286425881112527,0.35253573235001384,0.7949999999999999
12.0,0.9230769230769231,11.333333333333334,8.555555555555555,1.0,2.8333333333333335,0.9722222222222222,3.5,2.5661764705882355,io_intensive,423000120,Round Robin,0.13634038734453377,0.25416426503168454,0.16594855184777954,0.11791715709479676,0.29990320629159106,0.7974452554744526
12.0,0.8571428571428571,9.166666666666666,19.13888888888889,1.0,2.9166666666666665,2.4097222222222223,3,2.827272727272727,io_intensive,423000121,Round Robin,0.0798108079158075,0.18042532048341223,0.08322615776661564,0.07831303070624034,0.37327382399589554,0.8200934579439252
12.0,1.2,11.333333333333334,9.555555555555555,1.0,2.5833333333333335,2.4097222222222223,3.4166666666666665,2.338235294117647,io_intensive,423000122,Round Robin,0.14379938546332863,0.2054802813903585,0.1998371118761118,0.09751552795031054,0.34804073803434415,0.7657103825136612
12.0,1.2,11.5,11.416666666666666,1.0,2.5833333333333335,2.2430555555555554,3.5,2.3768115942028984,io_intensive,423000123,Round Robin,0.16284471665741534,0.26794783010156975,0.13905075187969926,0.10803571428571428,0.35507081657632455,0.7664473684210527
12.0,0.8,9.5,15.083333333333334,1.0,3.3333333333333335,0.8888888888888888,2.8333333333333335,2.1140350877192984,io_intensive,423000124,Round Robin,0.16380023278608186,0.19786975045648203,0.16035384565490002,0.1148538961038961,0.37251647606125216,0.8094339622641509
12.0,0.9230769230769231,10.25,16.354166666666668,1.0,3,1,3.1666666666666665,2.2845528455284554,io_intensive,423000125,SRTF,0.11811824539097265,0.18847900884680896,0.05670706178560573,0.11321006816874585,0.34252024375991313,0.8038461538461539
12.0,0.8,10.833333333333334,10.63888888888889,1.0,2.4166666666666665,1.7430555555555556,3.5,2.4,io_intensive,423000126,Round Robin,0.11432948767149573,0.3110666352719567,0.2156845911796515,0.08797850906648758,0.2818401322614223,0.7883928571428571
12.0,0.7058823529411765,11.75,14.354166666666666,1.0,3.75,1.3541666666666667,3.5833333333333335,2.375886524822695,io_intensive,423000127,Round Robin,0.1168599540578211,0.22379914530225437,0.1322249850652267,0.10409119091080254,0.3253254115046428,0.7883211678832116
12.0,1.5,10.416666666666666,16.90972222222222,1.0,3,2.1666666666666665,3.1666666666666665,2.392,io_intensive,423000128,Round Robin,0.12350233809370748,0.21068024502719965,0.1059106334841629,0.10588235294117648,0.3406271525003444,0.7807692307692308
12.0,1.3333333333333333,10.5,7.25,1.0,3.25,2.5208333333333335,2.8333333333333335,1.992063492063492,io_intensive,423000129,SRTF,0.13408598217793669,0.23554232720018672,0.09337559116672958,0.12039337178148392,0.30412764661283,0.7829736211031175
12.0,1.3333333333333333,10.75,13.020833333333334,1.0,3.1666666666666665,2.138888888888889,3.4166666666666665,2.488372093023256,io_intensive,423000130,Round Robin,0.15749676568172158,0.21831371738033606,0.1326270375093413,0.11770623742454725,0.35114291212242554,0.7807308970099668
12.0,1.0,11.166666666666666,12.63888888888889,1.0,3.5,2.0833333333333335,3.5,2.3955223880597014,io_intensive,423000131,Round Robin,0.10692654233473753,0.2568640598531903,0.13336011033070777,0.09548724656638324,0.360305516727438,0.812888198757764
12.0,1.7142857142857142,10.833333333333334,5.972222222222222,1.0,1.9166666666666667,1.2430555555555556,3.1666666666666665,2.3461538461538463,io_intensive,423000132,SRTF,0.11645230491162194,0.2500793237913072,0.06278328367188485,0.11791563819102586,0.3365264041531283,0.7676174496644295
12.0,0.8,12.083333333333334,11.743055555555555,1.0,2.5,1.5833333333333333,3.75,2.579310344827586,io_intensive,423000133,Round Robin,0.10793012042837534,0.2570224149715983,0.1886562280454371,0.08934911242603549,0.303194388125389,0.7941729323308271
12.0,0.6666666666666666,12.416666666666666,10.743055555555555,1.0,2.6666666666666665,1.7222222222222223,3.75,2.402684563758389,io_intensive,423000134,Round Robin,0.11309260079751883,0.2817887931034483,0.2058135204068641,0.09954321232609181,0.3054684605119735,0.7886100386100385
12.0,0.8571428571428571,12,5.833333333333333,1.0,3,1.5,3.3333333333333335,2.2569444444444446,io_intensive,423000135,SRTF,0.11386495181838403,0.2749297205677052,0.10544021119975766,0.11029195214274275,0.2930543458615695,0.774878640776699
12.0,1.0,11.5,23.583333333333332,1.0,2.8333333333333335,2.638888888888889,3.6666666666666665,2.608695652173913,io_intensive,423000136,SRTF,0.15051020408163268,0.20266348875316545,0.09390901870890216,0.11469148873882666,0.35536703005730025,0.7897959183673469
12.0,0.8,10.166666666666666,5.972222222222222,1.0,3.5,2.0833333333333335,3.5833333333333335,2.819672131147541,io_intensive,423000137,FCFS,0.11911813153829708,0.21058970368245827,0.2317100188798567,0.14218995966018294,0.2947180816591057,0.8211297071129707
12.0,0.8,12.083333333333334,9.409722222222221,1.0,2.5833333333333335,1.9097222222222223,3.25,1.9448275862068964,io_intensive,423000138,Round Robin,0.13726558103226041,0.2520620079820952,0.20669821852503475,0.12850442952149965,0.29132012285516623,0.7769320843091334
12.0,1.2,10.083333333333334,6.243055555555555,1.0,2.5,1.4166666666666667,3.4166666666666665,2.6198347107438016,io_intensive,423000139,Round Robin,0.15521098801547725,0.3325314162798596,0.1863565537947022,0.1412196480911348,0.3382745178456661,0.8198324022346368
12.0,0.9230769230769231,11.583333333333334,14.409722222222221,1.0,3.5,1.5833333333333333,3.6666666666666665,2.4532374100719423,io_intensive,423000140,Round Robin,0.1287430718297809,0.27679812845670454,0.15608231307930004,0.11035959722330824,0.3255897499279034,0.7993527508090614
12.0,1.3333333333333333,9.666666666666666,14.055555555555555,1.0,2.9166666666666665,3.076388888888889,3.3333333333333335,3.0258620689655173,io_intensive,423000141,FCFS,0.1020249875202359,0.25486575881603635,0.12480997831956354,0.10894066791656495,0.3363138156463491,0.8248587570621468
12.0,0.8,9.916666666666666,7.743055555555555,1.0,3.5,2.0833333333333335,3.25,2.672268907563025,io_intensive,423000142,Round Robin,0.13681727387920994,0.27972081347422706,0.19253551596727683,0.10429316281357602,0.3808920519129806,0.7906403940886699
12.0,1.2,10.583333333333334,8.743055555555555,1.0,3.0833333333333335,1.5763888888888888,3.3333333333333335,2.393700787401575,io_intensive,423000143,Round Robin,0.12565301692704978,0.18903477218225417,0.11677711407704149,0.10250173731758165,0.28467063041713947,0.7941666666666667
12.0,1.0909090909090908,12.416666666666666,8.909722222222221,1.0,3.75,2.0208333333333335,3.8333333333333335,2.597315436241611,io_intensive,423000144,FCFS,0.09783321782544627,0.25387171399862446,0.11515784640174749,0.1072097881025239,0.29523688309379936,0.8466767371601209
12.0,1.3333333333333333,11.166666666666666,15.13888888888889,1.0,3.5833333333333335,1.4097222222222223,3.6666666666666665,2.6492537313432836,io_intensive,423000145,FCFS,0.12182789082758316,0.21054813152200777,0.12962119353915666,0.13089289705128376,0.3703616337784384,0.7734584450402144
12.0,0.75,11.833333333333334,14.972222222222221,1.0,3,1.5,3.6666666666666665,2.295774647887324,io_intensive,423000146,Round Robin,0.10279925853078725,0.28687969014766396,0.12245773394537732,0.10036719706242352,0.16338441801808543,0.8381502890173411
12.0,1.2,11.583333333333334,12.743055555555555,1.0,3.1666666666666665,1.3055555555555556,3.5,2.3884892086330933,io_intensive,423000147,Round Robin,0.14043491121786958,0.290678619625988,0.18994178920129806,0.10543000929406944,0.33485148628283273,0.7875939849624061
12.0,1.0,11.75,11.354166666666666,1.0,3.4166666666666665,1.2430555555555556,3.5833333333333335,2.50354609929078,io_intensive,423000148,Round Robin,0.15345790151339256,0.25,0.1711339362982038,0.1083437110834371,0.24504391618049085,0.7934322033898304
12.0,0.75,10.833333333333334,14.13888888888889,1.0,3.25,1.8541666666666667,3.5,2.6538461538461537,io_intensive,423000149,Round Robin,0.15003134120781178,0.26644437240463736,0.16013986013986015,0.10282842687422841,0.3264661264661265,0.868881118881119
12.0,0.8,12.833333333333334,6.305555555555555,1.0,2.9166666666666665,2.076388888888889,3.8333333333333335,2.2467532467532467,io_intensive,423000150,SRTF,0.12152595451429041,0.28550168109801033,0.12145387091081739,0.13731575875888283,0.3338465498374315,0.7817796610169492
12.0,1.0,10.833333333333334,25.47222222222222,1.0,2.1666666666666665,1.4722222222222223,3.5,2.476923076923077,io_intensive,423000151,Round Robin,0.16174833181979706,0.13168779613266743,0.21119619149638674,0.11559473837925134,0.36064511094216517,0.7798245614035088
12.0,1.0909090909090908,11.333333333333334,7.222222222222222,1.0,2.8333333333333335,2.3055555555555554,3.8333333333333335,2.823529411764706,io_intensive,423000152,Round Robin,0.14144548409340413,0.20412240675566115,0.12103442293258791,0.111957796014068,0.3325699264663657,0.7730061349693251
12.0,0.8571428571428571,9.916666666666666,5.576388888888889,1.0,3.4166666666666665,2.9097222222222223,3,2.5714285714285716,io_intensive,423000153,SRTF,0.11215244666949215,0.14687612734487737,0.052898773951284964,0.08367768595041322,0.32336339810686826,0.8114478114478114
12.0,1.0,12,18.666666666666668,1.0,3.1666666666666665,2.4722222222222223,3.75,2.3194444444444446,io_intensive,423000154,SRTF,0.11637137056383572,0.24570445312273523,0.10957396076477788,0.11707718752122159,0.352577357445919,0.7828212290502794
12.0,0.75,11.25,3.6875,1.0,2.9166666666666665,1.7430555555555556,3.3333333333333335,2.466666666666667,io_intensive,423000155,Round Robin,0.17272259656693922,0.21901673693953103,0.21735483281698104,0.11030267753201395,0.297275874227635,0.8302139037433155
12.0,0.8,11.833333333333334,10.472222222222221,1.0,2.8333333333333335,1.8055555555555556,3.5,2.5422535211267605,io_intensive,423000156,SRTF,0.13337524768969883,0.19896490755674495,0.1018060094886663,0.11157659550306608,0.32180106658047825,0.8081180811808117
12.0,1.0909090909090908,11,4.833333333333333,1.0,3.5833333333333335,1.4097222222222223,3.4166666666666665,2.6363636363636362,io_intensive,423000157,SRTF,0.1148925371890458,0.24402590073397062,0.07267292473191957,0.10863523299594946,0.3271771655225082,0.7932525951557093
12.0,1.5,10.916666666666666,17.57638888888889,1.0,2,1.1666666666666667,3.5,2.564885496183206,io_intensive,423000158,Round Robin,0.15953519012164108,0.27143880630155925,0.13401843543889924,0.116317053429479,0.3603931285851766,0.7816205533596838
12.0,0.9230769230769231,10.75,10.854166666666666,1.0,3.0833333333333335,2.4097222222222223,2.9166666666666665,2.0775193798449614,io_intensive,423000159,Round Robin,0.12954297726564934,0.21702880626047064,0.17898164016901508,0.09861932938856015,0.3575325625573764,0.7868421052631579
12.0,0.8,10.75,7.354166666666667,1.0,3.3333333333333335,1.7222222222222223,3.4166666666666665,2.5271317829457365,io_intensive,423000160,Round Robin,0.12009666587806567,0.262495236929718,0.12332756122054589,0.11287550095199136,0.33619769575591874,0.7835570469798658
12.0,0.8,10.333333333333334,10.38888888888889,1.0,2.8333333333333335,1.8055555555555556,3.4166666666666665,2.7580645161290325,io_intensive,423000161,Round Robin,0.1573684210526316,0.2955251406642439,0.14368489173203738,0.12596737081654913,0.3269962952408093,0.8092105263157895
12.0,1.0,11.25,13.520833333333334,1.0,2.5833333333333335,1.9097222222222223,3.5,2.5481481481481483,io_intensive,423000162,Round Robin,0.1386370617424729,0.23241552375273308,0.10465862445344096,0.09949937421777222,0.33807106363059936,0.7900516795865633
12.0,0.9230769230769231,10.083333333333334,11.409722222222221,1.0,2.8333333333333335,2.3055555555555554,2.5833333333333335,1.71900826446281,io_intensive,423000163,Round Robin,0.1852930264026418,0.3219640179910045,0.15634526520861194,0.14244190326765835,0.25526390773405694,0.7966417910447761
12.0,0.8,11.916666666666666,16.743055555555557,1.0,2.75,1.8541666666666667,3.6666666666666665,2.4545454545454546,io_intensive,423000164,Round Robin,0.15789207463323476,0.18719979745370371,0.11340697205760093,0.11114421930870085,0.34676718095432074,0.7908950617283951
12.0,0.8571428571428571,10.666666666666666,6.722222222222222,1.0,2.9166666666666665,2.076388888888889,3.5,2.671875,io_intensive,423000165,Round Robin,0.140846629861069,0.23102769937063258,0.13453027361523995,0.1222611134131598,0.36286841518277996,0.8160377358490566
12.0,0.9230769230769231,9.166666666666666,7.138888888888889,1.0,2.8333333333333335,1.1388888888888888,2.5833333333333335,2.209090909090909,io_intensive,423000166,Round Robin,0.12462147095643365,0.2832378696921297,0.20319150797237168,0.09603421461897357,0.32885792404555264,0.790590405904059
12.0,1.3333333333333333,11.5,7.583333333333333,1.0,3.0833333333333335,2.2430555555555554,3.5833333333333335,2.5434782608695654,io_intensive,423000167,Round Robin,0.10796806156010179,0.2821917610631382,0.13232996034022035,0.08556249835709767,0.31891970492114696,0.7641065830721003
12.0,1.7142857142857142,10.833333333333334,17.13888888888889,1.0,2.5833333333333335,1.9097222222222223,3.3333333333333335,2.576923076923077,io_intensive,423000168,Round Robin,0.1224697061880498,0.2444337732264468,0.13189790988087832,0.11437274690961453,0.34465695818067515,0.7847222222222222
12.0,0.8,10.666666666666666,11.055555555555555,1.0,3.3333333333333335,2.5555555555555554,3.4166666666666665,2.6640625,io_intensive,423000169,Round Robin,0.14653953059982566,0.2686879473562688,0.2796764877901377,0.10551366112598758,0.26748409684154606,0.7871794871794872
12.0,1.2,10.083333333333334,12.909722222222221,1.0,3.75,1.5208333333333333,3.5,2.6115702479338845,io_intensive,423000170,SRTF,0.1373883655326516,0.22621683802974507,0.11815012230294622,0.13824086051888385,0.3805861427454472,0.7931893687707641
12.0,1.0909090909090908,10.666666666666666,10.222222222222221,1.0,2.5,1.4166666666666667,3.3333333333333335,2.5,io_intensive,423000171,Round Robin,0.12991867015839434,0.2550113881269593,0.18300211960896973,0.09652114597544337,0.3146276079644353,0.7766457680250785
12.0,1.0,12.166666666666666,9.63888888888889,1.0,2.1666666666666665,0.9722222222222222,4,2.6027397260273974,io_intensive,423000172,Round Robin,0.12381866333897369,0.30133846429228567,0.13762306133143973,0.12240730599164332,0.37453804674661795,0.7817337461300309
12.0,2.0,11.5,10.75,1.0,3.75,1.5208333333333333,3.5833333333333335,2.3768115942028984,io_intensive,423000173,Round Robin,0.15595102166307215,0.3123713865752082,0.19112167365595548,0.1229176599607257,0.3723839606175144,0.7774822695035462
12.0,0.9230769230769231,11.166666666666666,22.305555555555557,1.0,2.5,2.0833333333333335,3.5833333333333335,2.4776119402985075,io_intensive,423000174,Round Robin,0.16073448610213317,0.25902752618404584,0.17438497791017574,0.12745718024395175,0.36924730004818324,0.796875
12.0,1.5,12.083333333333334,13.743055555555555,1.0,3,2.6666666666666665,3.8333333333333335,2.7379310344827585,io_intensive,423000175,Round Robin,0.1433450729171226,0.19783267758914116,0.13254426209020256,0.09306358381502891,0.31679437603871174,0.7741433021806854
12.0,0.9230769230769231,11.916666666666666,13.57638888888889,1.0,2.5,1.0833333333333333,3.6666666666666665,2.3776223776223775,io_intensive,423000176,Round Robin,0.14705622104031285,0.259275747824678,0.15728999317057554,0.12002652845843084,0.3718274666302591,0.7819672131147541
12.0,1.5,10.166666666666666,7.138888888888889,1.0,3.1666666666666665,1.9722222222222223,3.3333333333333335,2.6475409836065573,io_intensive,423000177,Round Robin,0.1564948611711324,0.17222666641102227,0.17672908895341677,0.09815546772068509,0.3788331360423866,0.7862903225806452
12.0,1.0,12.5,6.25,1.0,2.9166666666666665,2.576388888888889,4.083333333333333,2.486666666666667,io_intensive,423000178,Round Robin,0.1092044897777382,0.2715419519859766,0.1258918458442933,0.1073373726071879,0.32553580918688685,0.784965034965035
12.0,0.6666666666666666,10.666666666666666,19.72222222222222,1.0,2.75,1.8541666666666667,3.5833333333333335,2.8515625,io_intensive,423000179,Round Robin,0.15722829416126638,0.24908261030308274,0.31523813002249385,0.09275378795439616,0.3768495146446397,0.8520408163265307
12.0,1.2,11.166666666666666,11.805555555555555,1.0,3.6666666666666665,2.7222222222222223,3.25,2.283582089552239,io_intensive,423000180,SRTF,0.11817394079961975,0.3099412159376946,0.10499676915240708,0.12196066424120171,0.3339937322142574,0.7854107648725213
12.0,0.8,10.333333333333334,21.22222222222222,1.0,2.6666666666666665,2.5555555555555554,3.0833333333333335,2.2661290322580645,io_intensive,423000181,Round Robin,0.11400595149496952,0.18578735239352304,0.16160747539937875,0.0854601701469451,0.4081659185796088,0.8045454545454546
12.0,1.0909090909090908,12.083333333333334,7.409722222222222,1.0,2.8333333333333335,1.4722222222222223,3.75,2.579310344827586,io_intensive,423000182,FCFS,0.12701807137111576,0.2506068877056101,0.15998078446848404,0.13057130356329805,0.3209816952838273,0.7726730310262531
12.0,1.3333333333333333,13.333333333333334,14.722222222222221,1.0,3.25,1.8541666666666667,4.083333333333333,2.60625,io_intensive,423000183,Round Robin,0.15581820047194012,0.25685483460015207,0.21661601203608022,0.1280864657125483,0.3151018781316795,0.7756232686980609
12.0,1.0,10.333333333333334,14.38888888888889,1.0,3.0833333333333335,1.7430555555555556,3.3333333333333335,2.5483870967741935,io_intensive,423000184,Round Robin,0.1326160529976639,0.23324406685751226,0.1329417896387887,0.09145059565522075,0.31332184332442825,0.7865384615384616
12.0,1.3333333333333333,11.333333333333334,6.388888888888889,1.0,2.9166666666666665,1.7430555555555556,3.1666666666666665,2.161764705882353,io_intensive,423000185,FCFS,0.11400691699604742,0.2526849114364072,0.12025502836551295,0.1278764267218542,0.2685820468839336,0.7819293478260869
12.0,1.3333333333333333,12.416666666666666,5.909722222222222,1.0,3.1666666666666665,2.4722222222222223,3.6666666666666665,2.12751677852349,io_intensive,423000186,Round Robin,0.10983292733878514,0.22876593745237817,0.15115489508481073,0.10504647179789252,0.3299964870454701,0.7669491525423728
12.0,0.75,13.583333333333334,22.07638888888889,1.0,2.8333333333333335,1.8055555555555556,4.25,2.6932515337423313,io_intensive,423000187,Round Robin,0.13049963204373421,0.22603672539110128,0.12867904883747458,0.11789825376556938,0.3560266713791055,0.7797256097560976
12.0,0.8,11.25,17.1875,1.0,2.9166666666666665,1.7430555555555556,3.4166666666666665,2.4592592592592593,io_intensive,423000188,SRTF,0.11833224767488146,0.21073242727269642,0.10432473307831519,0.1130681704452196,0.3496075114927573,0.7798013245033113
12.0,0.8,11.166666666666666,15.305555555555555,1.0,2.5,2.75,3.6666666666666665,2.6791044776119404,io_intensive,423000189,Round Robin,0.125407201494158,0.23782629584156303,0.11209364323405359,0.10678959129832594,0.3992018712563021,0.7858391608391608
12.0,0.9230769230769231,12,11.5,1.0,3.25,2.3541666666666665,3.8333333333333335,2.5694444444444446,io_intensive,423000190,Round Robin,0.12604329004329004,0.19905480228815395,0.23018658399298264,0.10228571428571429,0.36840993788819876,0.7803030303030303
12.0,0.75,11,16.666666666666668,1.0,3.4166666666666665,1.2430555555555556,3.5,2.643939393939394,io_intensive,423000191,Round Robin,0.1360815298293828,0.19253013737033925,0.17394355186780475,0.11838522775448677,0.383500708392366,0.8109756097560976
12.0,0.9230769230769231,11.166666666666666,13.472222222222221,1.0,3.0833333333333335,0.9097222222222222,3.4166666666666665,2.462686567164179,io_intensive,423000192,Round Robin,0.1447354253582496,0.2690179798213095,0.16506201279660146,0.10238568588469185,0.35327385938014483,0.7926829268292683
12.0,0.8571428571428571,10.416666666666666,21.57638888888889,1.0,2.5,1.5833333333333333,3.0833333333333335,2.36,io_intensive,423000193,SRTF,0.13300262301452373,0.17513586012917562,0.09095304868233063,0.12280196577740031,0.3091947425840361,0.7720588235294117
12.0,1.0,11.333333333333334,10.38888888888889,1.0,3.0833333333333335,2.076388888888889,3.4166666666666665,2.5661764705882355,io_intensive,423000194,Round Robin,0.1383119335347432,0.2872998242359145,0.15510739800686327,0.09458854300187242,0.3206457456860656,0.7833333333333333
12.0,0.8571428571428571,10.333333333333334,10.555555555555555,1.0,2.1666666666666665,1.3055555555555556,3.4166666666666665,2.3951612903225805,io_intensive,423000195,SRTF,0.11367060732498842,0.2674466403162056,0.10679312794548781,0.12513995880775405,0.3048689887617636,0.8096590909090909
12.0,0.8571428571428571,12.083333333333334,9.909722222222221,1.0,3.5833333333333335,1.9097222222222223,3.75,2.6206896551724137,io_intensive,423000196,SRTF,0.1291761618986227,0.2071294937090109,0.0970236879105015,0.09882697947214078,0.3549469347856445,0.7848297213622291
12.0,1.0,9.833333333333334,10.805555555555555,1.0,2.9166666666666665,1.7430555555555556,3.25,2.5847457627118646,io_intensive,423000197,FCFS,0.10632440476190477,0.2975069363788876,0.2102301506646019,0.1258944519234153,0.29039780497171336,0.8011904761904762
12.0,0.8,9.583333333333334,13.57638888888889,1.0,3.0833333333333335,2.076388888888889,3,2.4434782608695653,io_intensive,423000198,SRTF,0.11596434287503812,0.14451672790801307,0.07484342535442522,0.09930448222565687,0.3164654022639838,0.7966507177033493
12.0,1.0909090909090908,11.25,10.854166666666666,1.0,2.75,1.8541666666666667,3.4166666666666665,2.3777777777777778,io_intensive,423000199,Round Robin,0.13947956028856065,0.3007633587786259,0.21543390530352868,0.11686192882294347,0.32215205682053594,0.7860915492957746
12.0,1.3333333333333333,11.833333333333334,6.805555555555555,1.0,2.6666666666666665,1.8888888888888888,3.5833333333333335,2.535211267605634,io_intensive,423000200,Round Robin,0.12641719200508234,0.26213505618350513,0.13283061574468943,0.11121731523833817,0.3196604808865839,0.7953216374269005
12.0,0.9230769230769231,11.583333333333334,25.243055555555557,1.0,2.9166666666666665,1.2430555555555556,3.4166666666666665,2.194244604316547,io_intensive,423000201,Round Robin,0.15899592367680487,0.2868219403962268,0.1259914992925763,0.10883952371055385,0.30854165646596865,0.7822966507177034
12.0,0.9230769230769231,10.5,8.083333333333334,1.0,3.0833333333333335,1.7430555555555556,3.3333333333333335,2.6746031746031744,io_intensive,423000202,Round Robin,0.13948496056765247,0.3177859972041006,0.14902485015460024,0.12089777085285051,0.352647805158494,0.796259842519685
12.0,1.0909090909090908,10.166666666666666,10.472222222222221,1.0,3.25,1.5208333333333333,3.4166666666666665,2.5245901639344264,io_intensive,423000203,Round Robin,0.12476750547045953,0.25353678468330787,0.22090186019001662,0.10735034046514261,0.31942848058821804,0.8083333333333333
12.0,1.0,11.833333333333334,8.472222222222221,1.0,3.25,1.3541666666666667,3.5,2.443661971830986,io_intensive,423000204,Round Robin,0.10303719544215062,0.22330764233101313,0.11413445782217807,0.09075097429227756,0.33142756705190896,0.7786312849162011
12.0,1.0909090909090908,11,20.333333333333332,1.0,3.0833333333333335,1.7430555555555556,3.4166666666666665,2.5681818181818183,io_intensive,423000205,SRTF,0.1344778607210388,0.17736699412780443,0.10064293691918696,0.11451967384588713,0.3285795148009587,0.7798013245033113
12.0,1.2,9.583333333333334,9.57638888888889,1.0,3.3333333333333335,2.0555555555555554,2.9166666666666665,2.391304347826087,io_intensive,423000206,FCFS,0.11357133888211235,0.26817517278043596,0.14325974823212395,0.12131224497165348,0.3440112079208602,0.8068181818181819
12.0,1.3333333333333333,9.5,11.416666666666666,1.0,2.8333333333333335,2.138888888888889,3.0833333333333335,2.587719298245614,io_intensive,423000207,Round Robin,0.13904906897099178,0.2814943536455025,0.1608614298688582,0.11126643589841126,0.3288071348940914,0.8019366197183099
12.0,1.2,13.166666666666666,21.63888888888889,1.0,2.4166666666666665,1.7430555555555556,3.9166666666666665,2.2848101265822787,io_intensive,423000208,Round Robin,0.14838714277565457,0.3131388121546962,0.11301979350864183,0.11115997440896905,0.25326479897113985,0.7624113475177305
12.0,1.3333333333333333,11.666666666666666,10.88888888888889,1.0,3.0833333333333335,2.076388888888889,3.5833333333333335,2.5142857142857142,io_intensive,423000209,Round Robin,0.12612118834283426,0.2095919964510513,0.16427451828270664,0.10465116279069768,0.35781653746770026,0.7716284987277353
12.0,1.0909090909090908,9.833333333333334,18.63888888888889,1.0,2.5,2.5833333333333335,2.9166666666666665,2.559322033898305,io_intensive,423000210,Round Robin,0.14524147977171487,0.20879010500072687,0.257908099020454,0.1271602426391122,0.35741492474365394,0.8167420814479638
12.0,0.75,11.833333333333334,16.13888888888889,1.0,2.75,1.6875,3.75,2.612676056338028,io_intensive,423000211,FCFS,0.11180531065919572,0.25377406281661596,0.15235246583996528,0.13632098157206368,0.3735943691054189,0.8031914893617021
12.0,1.0,10.166666666666666,18.305555555555557,1.0,3,2.1666666666666665,3.25,2.459016393442623,io_intensive,423000212,Round Robin,0.1484057517974367,0.25804975271277775,0.15048530063483676,0.13078743153966188,0.374286772035921,0.7903225806451613
12.0,0.75,11.916666666666666,13.909722222222221,1.0,2.3333333333333335,1.3888888888888888,4.25,2.8461538461538463,io_intensive,423000213,SRTF,0.12614950440528633,0.21091944277850544,0.10386858782876517,0.11642279311053284,0.3345897108843537,0.802863436123348
12.0,1.5,14.416666666666666,13.743055555555555,1.0,3,2.3333333333333335,4.25,2.3757225433526012,io_intensive,423000214,Round Robin,0.14628287613122173,0.22647999349841702,0.16173187200859748,0.12787600981534802,0.3430289455465699,0.76171875
12.0,1.0909090909090908,10.083333333333334,19.743055555555557,1.0,3,1.3333333333333333,3.1666666666666665,2.330578512396694,io_intensive,423000215,Round Robin,0.11749997033421225,0.2653737380864187,0.16355680206613166,0.10847589424572317,0.36320801105527306,0.7874531835205992
12.0,0.9230769230769231,13.583333333333334,15.743055555555555,1.0,3.0833333333333335,2.4097222222222223,3.75,2.1349693251533743,io_intensive,423000216,Round Robin,0.14176963609620988,0.28576637962381407,0.17190534386774056,0.1263263912207332,0.31862972301867315,0.7640532544378698
12.0,0.8,9.833333333333334,8.972222222222221,1.0,3.4166666666666665,2.576388888888889,3.1666666666666665,2.6186440677966103,io_intensive,423000217,FCFS,0.10554820110259117,0.35938480853735094,0.1419136755455324,0.11019706585612173,0.15248112768773922,0.8149350649350648
12.0,0.9230769230769231,11.083333333333334,8.743055555555555,1.0,2.8333333333333335,1.8055555555555556,3.25,2.2857142857142856,io_intensive,423000218,Round Robin,0.1424984223979499,0.2615927419354839,0.10972398123239929,0.100789313904068,0.35736466580362114,0.794407894736842
12.0,1.0909090909090908,11.5,13.916666666666666,1.0,2.5833333333333335,2.4097222222222223,3.4166666666666665,2.253623188405797,io_intensive,423000219,FCFS,0.10561669032901094,0.23071168341254356,0.14248256394781414,0.12239337025494997,0.38432808306481153,0.783724340175953
12.0,0.7058823529411765,13.333333333333334,14.38888888888889,1.0,3.9166666666666665,1.5763888888888888,3.9166666666666665,2.2875,io_intensive,423000220,Round Robin,0.11074427860696515,0.25729861331639675,0.12637089399627624,0.10719999999999999,0.2942746987951807,0.7978855721393034
12.0,0.75,10.583333333333334,10.409722222222221,1.0,3.1666666666666665,1.8055555555555556,3.4166666666666665,2.6141732283464565,io_intensive,423000221,SRTF,0.1337479986996961,0.2946316591806179,0.09875833863706009,0.12034789233113252,0.2926390767421347,0.8217299578059072
12.0,1.0909090909090908,11.833333333333334,11.472222222222221,1.0,3.3333333333333335,1.5555555555555556,3.75,2.5704225352112675,io_intensive,423000222,Round Robin,0.13030561698809118,0.28970588235294115,0.17198884179719598,0.1099290780141844,0.3165209681026987,0.7963636363636364
12.0,1.3333333333333333,10.166666666666666,18.47222222222222,1.0,2.3333333333333335,1.8888888888888888,3.4166666666666665,2.5163934426229506,io_intensive,423000223,SRTF,0.11857445680975091,0.1700626713670192,0.0856692742227745,0.10254372019077901,0.34685867682394006,0.795045045045045
12.0,1.0,12.083333333333334,9.243055555555555,1.0,2.5,2.0833333333333335,3.9166666666666665,2.43448275862069,io_intensive,423000224,Round Robin,0.13270444229300357,0.26840076495739673,0.21002164699774956,0.11159978009895546,0.3301267124698067,0.775811209439528
12.0,0.8,12.333333333333334,10.555555555555555,1.0,3.0833333333333335,1.9097222222222223,4.333333333333333,2.7905405405405403,io_intensive,423000225,SRTF,0.11138989561069292,0.2078871737820424,0.07642442691001981,0.09899947340705632,0.30682521321095063,0.8333333333333333
12.0,2.4,12,19.5,1.0,3.3333333333333335,1.8888888888888888,3.6666666666666665,2.513888888888889,io_intensive,423000226,SRTF,0.15309765208624848,0.27294745854361935,0.09551210005877321,0.10604229607250756,0.2714786703804148,0.7807167235494881
12.0,0.7058823529411765,10.166666666666666,11.472222222222221,1.0,2.9166666666666665,1.9097222222222223,3.25,2.459016393442623,io_intensive,423000227,SRTF,0.13581160551787408,0.21203016299999058,0.056744594668301784,0.11001572011505788,0.27656516762905214,0.8244949494949495
12.0,1.0909090909090908,12.583333333333334,16.40972222222222,1.0,3.8333333333333335,1.9722222222222223,3.8333333333333335,2.629139072847682,io_intensive,423000228,Round Robin,0.14424089854908886,0.20950474879930928,0.13037845503425055,0.11626621366274595,0.31817182855545123,0.78462441314554
12.0,1.0909090909090908,9.5,13.416666666666666,1.0,2.6666666666666665,1.8888888888888888,2.75,2.3333333333333335,io_intensive,423000229,SRTF,0.1419821660297254,0.21485732577281874,0.09170873282673786,0.10143346995802867,0.30388922645036515,0.7808098591549295
12.0,0.8,11.666666666666666,9.055555555555555,1.0,2.6666666666666665,1.3888888888888888,3.75,2.664285714285714,io_intensive,423000230,FCFS,0.13875563770526328,0.21592974672839704,0.18724735308993598,0.1506550301230783,0.3415382858114484,0.785828025477707
12.0,0.9230769230769231,11.416666666666666,18.07638888888889,1.0,2.9166666666666665,1.7430555555555556,3.6666666666666665,2.5182481751824817,io_intensive,423000231,Round Robin,0.1321353698712189,0.2571530695611578,0.25167497612036976,0.12631971420643728,0.32640164833969104,0.7984126984126985
12.0,1.3333333333333333,11.416666666666666,10.07638888888889,1.0,2.6666666666666665,1.8888888888888888,3.3333333333333335,2.1605839416058394,io_intensive,423000232,Round Robin,0.1291545806494567,0.24125462710295895,0.18052782556513922,0.10335990888382687,0.3406051526481049,0.7779411764705882
12.0,1.2,10.166666666666666,20.305555555555557,1.0,3.25,2.1875,3.1666666666666665,2.5327868852459017,io_intensive,423000233,Round Robin,0.17763585715801078,0.31307821698906646,0.1300927022561755,0.1146589678298675,0.3362815830179768,0.7943786982248521
12.0,1.7142857142857142,8.666666666666666,6.055555555555555,1.0,3.3333333333333335,1.7222222222222223,3,2.7596153846153846,io_intensive,423000234,SRTF,0.15659890610178204,0.3194637837837838,0.07947211796842035,0.1236104304069924,0.3512384892188253,0.8013513513513514
12.0,0.75,10.333333333333334,11.88888888888889,1.0,2.75,1.5208333333333333,3.1666666666666665,2.5806451612903225,io_intensive,423000235,Round Robin,0.16968964524749106,0.2548880545292029,0.12176523545666393,0.10137719969395563,0.35047137631272895,0.7975206611570248
12.0,1.0,9.083333333333334,3.2430555555555554,1.0,3.0833333333333335,1.7430555555555556,2.75,2.4128440366972477,io_intensive,423000236,Round Robin,0.13067478167739602,0.3076923076923077,0.16119816713303092,0.09576023391812867,0.3025247413405308,0.8105381165919283
12.0,0.9230769230769231,13.666666666666666,6.388888888888889,1.0,3.0833333333333335,1.2430555555555556,3.6666666666666665,2.1097560975609757,io_intensive,423000237,SRTF,0.13403147301841198,0.2297070079678775,0.11471518054364932,0.12427431975113312,0.33493965495627764,0.7671717171717172
12.0,2.4,11.666666666666666,11.722222222222221,1.0,3,2,3.5833333333333335,2.585714285714286,io_intensive,423000238,Round Robin,0.16006285161744022,0.20748888843192495,0.15204907361711015,0.11307462363442577,0.30419524674378146,0.7613924050632912
12.0,1.0909090909090908,10.333333333333334,13.722222222222221,1.0,3.0833333333333335,2.076388888888889,3.4166666666666665,2.3225806451612905,io_intensive,423000239,SRTF,0.16740850642927796,0.25534516742726643,0.10030564354089704,0.12423084376627816,0.3073107581311456,0.7916666666666667
12.0,1.0,11.666666666666666,13.222222222222221,1.0,2.6666666666666665,2.7222222222222223,3.75,2.5785714285714287,io_intensive,423000240,Round Robin,0.12732514082000812,0.16572785440422239,0.1557434231539537,0.11863592979346807,0.31361075706266706,0.7786989795918366
12.0,1.2,9.416666666666666,12.07638888888889,1.0,3.6666666666666665,1.8888888888888888,3.4166666666666665,2.8672566371681416,io_intensive,423000241,Round Robin,0.12544297676732896,0.2550347277918578,0.11393450957217763,0.09094865100087032,0.3268774150457041,0.8258196721311475
12.0,1.7142857142857142,12,10.5,1.0,3,1.8333333333333333,3.6666666666666665,2.3125,io_intensive,423000242,Round Robin,0.1483460604076692,0.25072065098485763,0.143379258437949,0.10669693530079455,0.3212208704848799,0.7816301703163018
12.0,1.0,10.75,12.1875,1.0,3,2,3.5833333333333335,2.627906976744186,io_intensive,423000243,Round Robin,0.14134181470496884,0.2615454545454545,0.1998063096115348,0.1304218242054043,0.3109296910382512,0.8009049773755657
12.0,0.9230769230769231,9.833333333333334,4.972222222222222,1.0,3.1666666666666665,1.6388888888888888,3.1666666666666665,2.406779661016949,io_intensive,423000244,SRTF,0.15299597160573306,0.2941498548815014,0.11713211365090948,0.1462157479197967,0.2993910690121786,0.8011583011583012
12.0,0.8,11.333333333333334,8.222222222222221,1.0,3.6666666666666665,2.2222222222222223,3.75,2.6323529411764706,io_intensive,423000245,Round Robin,0.1503147829652566,0.18950159728461619,0.12814019726122808,0.11947428133111397,0.2847378706481494,0.8037735849056604
12.0,1.0,10.666666666666666,11.722222222222221,1.0,3.25,2.0208333333333335,3.1666666666666665,2.2421875,io_intensive,423000246,Round Robin,0.1349373116621853,0.285984597050216,0.15728775394674954,0.10588218450411402,0.28339398490869927,0.803941908713693
12.0,1.7142857142857142,10.833333333333334,8.13888888888889,1.0,2.9166666666666665,2.9097222222222223,3.5,2.4615384615384617,io_intensive,423000247,Round Robin,0.15466035108709242,0.19657934486022943,0.19924144686544343,0.12247810740762186,0.34476675024336695,0.7662760416666667
12.0,1.0909090909090908,11.75,11.020833333333334,1.0,3.4166666666666665,1.4097222222222223,3.5833333333333335,2.404255319148936,io_intensive,423000248,Round Robin,0.11555557393819571,0.15999664823194237,0.13938499039047486,0.11058720969598486,0.3034936054454282,0.8156108597285068
12.0,1.0,10.916666666666666,13.743055555555555,1.0,3.5833333333333335,1.5763888888888888,3.3333333333333335,2.564885496183206,io_intensive,423000249,Round Robin,0.11627520105008646,0.21317442916532717,0.11688478901419941,0.1034668022516367,0.40023961391785623,0.8167202572347267
12.0,0.9230769230769231,12.583333333333334,26.243055555555557,1.0,2.9166666666666665,1.4097222222222223,3.5,2.1258278145695364,io_intensive,423000250,SRTF,0.1533868818299201,0.18192384380808022,0.09767840420542777,0.10989885179988479,0.36922846739605447,0.7685676392572944
12.0,1.0,10.416666666666666,9.409722222222221,1.0,2.6666666666666665,0.8888888888888888,3.5,2.616,io_intensive,423000251,Round Robin,0.11712914485165796,0.25345349906078896,0.1887987159399243,0.09328608923884514,0.3756783216783217,0.8128272251308901
12.0,1.5,9.916666666666666,8.243055555555555,1.0,3,2,3.25,2.546218487394958,io_intensive,423000252,Round Robin,0.14574527600203085,0.2148241206030151,0.1986783402082072,0.10385438972162742,0.32498164621803843,0.8140703517587939
12.0,1.0,9.666666666666666,10.555555555555555,1.0,2.6666666666666665,1.0555555555555556,3.0833333333333335,2.456896551724138,io_intensive,423000253,Round Robin,0.1463163192415092,0.29424469470077164,0.20071358849730975,0.13668502824858755,0.3376147598870057,0.7844827586206897
12.0,0.75,10.833333333333334,12.805555555555555,1.0,3.0833333333333335,2.4097222222222223,3.5833333333333335,2.5153846153846153,io_intensive,423000254,Round Robin,0.15402164334799676,0.3038793103448276,0.15033624300477222,0.1005767844268205,0.2955762089963478,0.8116438356164384
12.0,1.0909090909090908,12.166666666666666,17.63888888888889,1.0,3.4166666666666665,1.7430555555555556,3.75,2.5342465753424657,io_intensive,423000255,Round Robin,0.12097899116875982,0.3163983903420523,0.1184740857730733,0.11458168497421663,0.2799575868068762,0.7947470817120623
12.0,1.0,12.583333333333334,13.409722222222221,1.0,2.1666666666666665,0.6388888888888888,3.8333333333333335,2.5298013245033113,io_intensive,423000256,Round Robin,0.14732007123311472,0.28071518432101616,0.12357493579260943,0.10733031085233233,0.3350132577821365,0.7608695652173914
12.0,1.0,11.916666666666666,15.909722222222221,1.0,2.8333333333333335,2.3055555555555554,3.9166666666666665,2.7482517482517483,io_intensive,423000257,Round Robin,0.12284159954783103,0.2559773156170531,0.12096550911427184,0.11424858675864716,0.3276656560987547,0.7915430267062314
12.0,0.75,12.666666666666666,14.055555555555555,1.0,3,1.6666666666666667,3.8333333333333335,2.486842105263158,io_intensive,423000258,SRTF,0.12809292260428234,0.28591447567120754,0.07332241545060147,0.10927331887201736,0.3412351006682552,0.8265550239234449
12.0,0.9230769230769231,10.583333333333334,11.743055555555555,1.0,2.6666666666666665,1.3888888888888888,3.1666666666666665,2.5826771653543306,io_intensive,423000259,Round Robin,0.12276272272286491,0.2959452054794521,0.1584075748363162,0.09579576492981201,0.3564908333630261,0.7829218106995885
12.0,0.9230769230769231,12,17.166666666666668,1.0,2.5833333333333335,2.076388888888889,3.5833333333333335,2.423611111111111,io_intensive,423000260,SRTF,0.1284333905088622,0.2738806332556332,0.11963392084854349,0.12179243414537534,0.3456062262059156,0.8054245283018868
12.0,1.0909090909090908,9.416666666666666,13.243055555555555,1.0,3.5833333333333335,2.076388888888889,3.1666666666666665,2.584070796460177,io_intensive,423000261,Round Robin,0.13540260908681961,0.18404553869855228,0.1820111175374333,0.11127789279963193,0.3325690770135214,0.8056680161943319
12.0,1.0,10.75,6.354166666666667,1.0,2.8333333333333335,1.4722222222222223,3.5,2.4728682170542635,io_intensive,423000262,Round Robin,0.14824130526890292,0.2832574428229789,0.160068301751885,0.13091489678020465,0.34700025256940803,0.7793696275071633
12.0,0.8,13.166666666666666,7.972222222222222,1.0,3.1666666666666665,1.8055555555555556,4.083333333333333,2.430379746835443,io_intensive,423000263,Round Robin,0.15018550429861485,0.26141110081285135,0.17342049446169003,0.11224489795918366,0.3214673165949383,0.7789203084832905
12.0,1.0,12.666666666666666,12.055555555555555,1.0,2.4166666666666665,2.076388888888889,3.75,2.361842105263158,io_intensive,423000264,Round Robin,0.1418145103460155,0.2535939457675219,0.1460232363428586,0.11223404255319147,0.2979759602100028,0.7681034482758621
12.0,0.9230769230769231,11.666666666666666,12.055555555555555,1.0,3.3333333333333335,2.0555555555555554,3.5833333333333335,2.335714285714286,io_intensive,423000265,Round Robin,0.1163500453369308,0.18046413749029314,0.14003123941543497,0.10983277886725923,0.3327698070014393,0.8015776699029127
12.0,0.9230769230769231,10,15.333333333333334,1.0,2.3333333333333335,0.8888888888888888,3.3333333333333335,2.7,io_intensive,423000266,Round Robin,0.12195217412931417,0.28333866581346984,0.10655789899739877,0.09653270291568164,0.29675580526644363,0.8063829787234043
12.0,1.5,11.916666666666666,14.57638888888889,1.0,3,1.6666666666666667,3.75,2.6363636363636362,io_intensive,423000267,SRTF,0.11343624994252607,0.2390854182699188,0.09245711914930398,0.09952181709503884,0.345719144947043,0.7960164835164836
12.0,0.8571428571428571,11.5,5.25,1.0,2.5833333333333335,1.2430555555555556,3.5,2.2318840579710146,io_intensive,423000268,Round Robin,0.14112189728169097,0.31592039800995025,0.1678667474848814,0.10524830699774265,0.3577414069400122,0.7669753086419753
12.0,0.8,10.583333333333334,11.743055555555555,1.0,3.0833333333333335,1.5763888888888888,3.1666666666666665,2.236220472440945,io_intensive,423000269,Round Robin,0.10369454137587236,0.25449674983295517,0.14736851944167498,0.08813559322033898,0.29897769869371504,0.7886029411764706
12.0,0.9230769230769231,10.25,6.520833333333333,1.0,3.0833333333333335,2.576388888888889,3.3333333333333335,2.5772357723577235,io_intensive,423000270,Round Robin,0.15197683823979927,0.3608135886616899,0.15765568494741383,0.12565397565397562,0.2363050534283738,0.8020304568527918
12.0,1.0909090909090908,10.833333333333334,12.805555555555555,1.0,3,2.5,3.5,2.7846153846153845,io_intensive,423000271,SRTF,0.1194215906257791,0.28911744973705283,0.09722876048767891,0.12715093878308084,0.3089553169665497,0.7899659863945578
12.0,0.9230769230769231,10.166666666666666,15.13888888888889,1.0,3.0833333333333335,1.0763888888888888,3.25,2.598360655737705,io_intensive,423000272,Round Robin,0.1128747391459256,0.18592151473507407,0.10879852708577066,0.09597213492562331,0.35237955346651,0.7957627118644068
12.0,1.0,11.833333333333334,16.13888888888889,1.0,3.25,1.5208333333333333,3.0833333333333335,2.3098591549295775,io_intensive,423000273,Round Robin,0.1537048351626955,0.23299325168613752,0.14661135577315074,0.10616656071201525,0.29789610795321214,0.7811634349030471
12.0,0.8,11.25,14.020833333333334,1.0,3.25,1.1875,3.5833333333333335,2.4592592592592593,io_intensive,423000274,Round Robin,0.13043451697255554,0.2671399734845422,0.1204371237485439,0.10954406183856602,0.2918272253394039,0.7991967871485943
12.0,1.2,9.583333333333334,8.57638888888889,1.0,3,1.8333333333333333,3.1666666666666665,2.6695652173913045,io_intensive,423000275,FCFS,0.08025041505257333,0.3145555408796724,0.10570725389072816,0.11709874578213532,0.31252968095889344,0.8125
12.0,1.0,11.166666666666666,11.63888888888889,1.0,2.75,1.8541666666666667,3.0833333333333335,2.2686567164179103,io_intensive,423000276,Round Robin,0.16338792657340045,0.20175051787709047,0.15072424817320668,0.10224584419598275,0.2927023581899299,0.7836065573770492
12.0,1.7142857142857142,11,10.333333333333334,1.0,3.3333333333333335,2.388888888888889,3.25,2.3106060606060606,io_intensive,423000277,SRTF,0.14947519021782868,0.24847771500313873,0.06229119132985658,0.14383722001178892,0.34720603470603456,0.7704802259887006
12.0,1.3333333333333333,10.916666666666666,6.743055555555555,1.0,2.5833333333333335,3.076388888888889,3.6666666666666665,2.6946564885496183,io_intensive,423000278,SRTF,0.17417620861294159,0.28331785345717236,0.11457983193277314,0.12429759049902933,0.3202097427476738,0.7720588235294117
12.0,1.0,11.166666666666666,12.63888888888889,1.0,2.8333333333333335,2.3055555555555554,3.5,2.5671641791044775,io_intensive,423000279,SRTF,0.16388760304324923,0.3007295941632467,0.08343473398320589,0.11976819059884095,0.3717754987564064,0.7795801526717557
12.0,0.75,13.25,9.1875,1.0,2.6666666666666665,2.7222222222222223,4.25,2.641509433962264,io_intensive,423000280,SRTF,0.09847219396294277,0.32639070680628274,0.09362988917957826,0.10825575502297506,0.2854686602830746,0.7980132450331126
12.0,0.8,11.333333333333334,4.222222222222222,1.0,2.25,1.1875,3.75,2.7205882352941178,io_intensive,423000281,Round Robin,0.12584780481143454,0.2237710538035416,0.17012782287926245,0.09499396863691195,0.36054079918076315,0.7877358490566038
12.0,0.9230769230769231,9.5,12.416666666666666,1.0,3.3333333333333335,1.7222222222222223,3,2.6666666666666665,io_intensive,423000282,Round Robin,0.1382298652769923,0.1880886074590055,0.13792977824274652,0.13128113064698246,0.3133220987190477,0.7972103004291846
12.0,0.9230769230769231,11.5,20.416666666666668,1.0,2.5,0.9166666666666666,3.4166666666666665,2.282608695652174,io_intensive,423000283,Round Robin,0.1554867470017803,0.2829102151036113,0.15046594537612498,0.10412508316699932,0.3688837360244546,0.785472972972973
12.0,0.7058823529411765,12.333333333333334,16.72222222222222,1.0,2.4166666666666665,2.2430555555555554,3.9166666666666665,2.722972972972973,io_intensive,423000284,Round Robin,0.16123025156479046,0.16987278028094355,0.14582406528286146,0.0888952819332566,0.34138167181324247,0.7933333333333333
12.0,1.5,13.25,11.1875,1.0,3.5833333333333335,1.4097222222222223,3.75,2.358490566037736,io_intensive,423000285,Round Robin,0.11383877379405245,0.26915992204919326,0.11165344669024256,0.09744094488188976,0.319814654742797,0.787621359223301
12.0,0.8,9.833333333333334,12.472222222222221,1.0,2.3333333333333335,0.8888888888888888,3.0833333333333335,2.4745762711864407,io_intensive,423000286,Round Robin,0.19457013574660634,0.3410560344827586,0.15345858360757794,0.09464555052790344,0.3807440181633265,0.7948717948717949
12.0,1.0909090909090908,12.416666666666666,18.57638888888889,1.0,3,2,3.5,2.0805369127516777,io_intensive,423000287,Round Robin,0.15663062890034885,0.2333250752166523,0.17231802914774533,0.10342534840934935,0.3337765580669656,0.7600502512562815
12.0,0.75,12.25,10.520833333333334,1.0,3.3333333333333335,1.0555555555555556,3.8333333333333335,2.639455782312925,io_intensive,423000288,SRTF,0.11652746546739479,0.25977255701768454,0.0922885928965104,0.1267347149968631,0.3428497601243443,0.8250883392226148
12.0,0.9230769230769231,10.583333333333334,10.57638888888889,1.0,3.6666666666666665,1.7222222222222223,3.1666666666666665,2.220472440944882,io_intensive,423000289,Round Robin,0.16387223366319795,0.2877231873133512,0.1696997244306641,0.13417696030103166,0.32789986575235786,0.802927927927928
12.0,0.75,12.083333333333334,14.243055555555555,1.0,2.75,2.6875,3.9166666666666665,2.9793103448275864,io_intensive,423000290,Round Robin,0.14030313825357318,0.3156426872282832,0.16522121497439055,0.12786697338090977,0.28355076794831197,0.7651821862348178
12.0,0.8571428571428571,12.083333333333334,7.243055555555555,1.0,3.3333333333333335,1.0555555555555556,3.6666666666666665,2.303448275862069,io_intensive,423000291,Round Robin,0.14308182001614203,0.27629663330300275,0.14633372360987215,0.11334745762711865,0.30480487492387,0.7745535714285714
12.0,0.75,11,10.666666666666666,1.0,2.9166666666666665,1.5763888888888888,3.6666666666666665,2.4696969696969697,io_intensive,423000292,Round Robin,0.0921388888888889,0.1814858027878162,0.09480383505383504,0.09168900543900545,0.41390054390054387,0.7873333333333333
12.0,0.9230769230769231,11.25,7.854166666666667,1.0,2.5,2.4166666666666665,3.1666666666666665,2.1925925925925926,io_intensive,423000293,SRTF,0.14317162840746056,0.2558150711264899,0.10452545347407255,0.11708232717683435,0.2921588687856875,0.7803308823529411
12.0,0.8,11.083333333333334,19.57638888888889,1.0,2.8333333333333335,2.138888888888889,3.3333333333333335,2.210526315789474,io_intensive,423000294,SRTF,0.13852238569846542,0.19309523453844574,0.10272597189062023,0.10830564784053155,0.3618328218914052,0.7874149659863945
12.0,0.75,10.666666666666666,13.222222222222221,1.0,3.3333333333333335,2.0555555555555554,3.5,2.421875,io_intensive,423000295,Round Robin,0.16933498878734027,0.25476144366197184,0.27673572681531655,0.10586443259710587,0.30353317783701445,0.8
12.0,1.5,13.916666666666666,19.57638888888889,1.0,3.5,1.9166666666666667,3.9166666666666665,2.2095808383233533,io_intensive,423000296,Round Robin,0.12864177298871615,0.24135985026338197,0.20383858742581124,0.11352000460291972,0.30492069795808713,0.7761806981519508
12.0,0.8571428571428571,11,11,1.0,3.5,1.9166666666666667,3.3333333333333335,2.5303030303030303,io_intensive,423000297,SRTF,0.13613589918707736,0.25835068997303434,0.05096083558599444,0.10927573062261754,0.3252765807113352,0.7972972972972974
12.0,1.5,12.916666666666666,11.243055555555555,1.0,3.75,1.5208333333333333,3.75,2.303225806451613,io_intensive,423000298,Round Robin,0.14054634932360793,0.23038538892770513,0.13705592784386325,0.11540443070582174,0.3106724367357764,0.7761020881670533
12.0,1.0909090909090908,12.166666666666666,9.805555555555555,1.0,2.5,1.4166666666666667,3.6666666666666665,2.4452054794520546,io_intensive,423000299,FCFS,0.10972230463882271,0.3194485304629891,0.12563404464701317,0.12135759847643918,0.28918628408153796,0.7845303867403315
12.0,0.9230769230769231,9.916666666666666,13.57638888888889,1.0,2.5,1.5833333333333333,3.6666666666666665,2.907563025210084,io_intensive,423000300,SRTF,0.15793816302475294,0.23057514394772596,0.1286287313188723,0.14714166764789985,0.32151327252811523,0.7951219512195122
12.0,1.3333333333333333,10.916666666666666,11.07638888888889,1.0,3.4166666666666665,1.9097222222222223,3.5,2.66412213740458,io_intensive,423000301,Round Robin,0.12620305471283608,0.2703716992203873,0.18003513500947335,0.11670166909739102,0.3312051282051282,0.7784810126582278
12.0,1.3333333333333333,9.833333333333334,7.305555555555555,1.0,2.8333333333333335,1.4722222222222223,3.1666666666666665,2.559322033898305,io_intensive,423000302,FCFS,0.1180201575532901,0.24387664791382974,0.1458365845613162,0.13427001466174954,0.3328741671192724,0.7876602564102564
12.0,1.2,10.833333333333334,15.472222222222221,1.0,2.4166666666666665,2.2430555555555554,3.25,2.4307692307692306,io_intensive,423000303,Round Robin,0.13978375478212188,0.2024368348187246,0.12788463753660004,0.126020756471695,0.3514523492212486,0.7809065934065934
12.0,0.8,11.666666666666666,21.22222222222222,1.0,3.0833333333333335,1.2430555555555556,3.5833333333333335,2.392857142857143,io_intensive,423000304,SRTF,0.12076795205562141,0.3257575757575758,0.1016159509816173,0.13503478447652326,0.3771716022618339,0.830568720379147
12.0,0.75,11.25,19.520833333333332,1.0,2.9166666666666665,2.9097222222222223,3.6666666666666665,2.748148148148148,io_intensive,423000305,FCFS,0.11957824201813164,0.3022501906941266,0.20874420422609116,0.1296862159258201,0.3131402516013788,0.8209302325581396
12.0,0.9230769230769231,10.666666666666666,13.555555555555555,1.0,3.0833333333333335,2.2430555555555554,3.25,2.625,io_intensive,423000306,Round Robin,0.14857439131672778,0.21765902476889043,0.09897310960451305,0.09831858850664209,0.36860933316428474,0.7589820359281437
12.0,0.8,9.833333333333334,8.63888888888889,1.0,3.0833333333333335,2.076388888888889,3.3333333333333335,2.593220338983051,io_intensive,423000307,Round Robin,0.11333022670426485,0.28052639855328854,0.1109272955751924,0.10131195335276968,0.29352141050453656,0.8497267759562841
12.0,1.0909090909090908,10.75,10.854166666666666,1.0,2.75,0.8541666666666666,3.25,2.434108527131783,io_intensive,423000308,Round Robin,0.15880991982741824,0.27829002893658067,0.15064929426450685,0.12086843810758266,0.30597192111969135,0.7858391608391608
12.0,1.3333333333333333,12.166666666666666,15.972222222222221,1.0,3.6666666666666665,1.3888888888888888,3.8333333333333335,2.643835616438356,io_intensive,423000309,Round Robin,0.13959581639776772,0.273687050451609,0.17167345268504147,0.1076986486955393,0.29139643801368165,0.8087248322147651
12.0,1.2,10.666666666666666,9.055555555555555,1.0,3.25,2.5208333333333335,3.4166666666666665,2.5234375,io_intensive,423000310,Round Robin,0.16102285945880507,0.32957393483709274,0.18699188335178665,0.15558260001248206,0.2776305629395382,0.7931726907630523
12.0,0.8,9.916666666666666,5.576388888888889,1.0,2.8333333333333335,2.138888888888889,3.1666666666666665,2.672268907563025,io_intensive,423000311,Round Robin,0.16827364554637278,0.3089493905670376,0.11721456925461497,0.10399449035812675,0.35106041737424054,0.7941176470588236
12.0,1.5,11.5,20.916666666666668,1.0,3.3333333333333335,1.8888888888888888,3.1666666666666665,2.289855072463768,io_intensive,423000312,Round Robin,0.14017373819610998,0.19970609761166733,0.12421226594907665,0.10941644562334218,0.43303588211950966,0.7818509615384616
12.0,1.3333333333333333,11.083333333333334,12.743055555555555,1.0,3.4166666666666665,1.7430555555555556,3.5833333333333335,2.7142857142857144,io_intensive,423000313,Round Robin,0.1523448429949541,0.27072296755695774,0.2015663049550121,0.08701657458563536,0.3708080378174654,0.8014112903225807
12.0,1.2,11.416666666666666,10.57638888888889,1.0,2.75,2.1875,3.5,2.489051094890511,io_intensive,423000314,Round Robin,0.13067951318458418,0.25839358152189856,0.19679172603533945,0.11089847679156391,0.33154045825363987,0.775
12.0,0.8571428571428571,11.75,9.520833333333334,1.0,3.3333333333333335,2.5555555555555554,3.5833333333333335,2.475177304964539,io_intensive,423000315,Round Robin,0.15763709685097146,0.21685669695846863,0.15496986345210156,0.13285065330587864,0.3363965272237735,0.7892441860465116
12.0,0.8,12.083333333333334,7.243055555555555,1.0,4,1,3.9166666666666665,2.496551724137931,io_intensive,423000316,Round Robin,0.12115071725500884,0.2908819056623476,0.2312956626945466,0.11437991144733753,0.28463853213699275,0.8162055335968379
12.0,0.8,9.916666666666666,12.243055555555555,1.0,3.0833333333333335,2.4097222222222223,3.25,2.680672268907563,io_intensive,423000317,Round Robin,0.14296651061356944,0.31246277711251763,0.14721397238812098,0.09663865546218486,0.3380588109453943,0.8087606837606838
12.0,1.0909090909090908,10.833333333333334,10.472222222222221,1.0,3.4166666666666665,2.2430555555555554,3.5,2.776923076923077,io_intensive,423000318,Round Robin,0.1293866112627739,0.34414621676891616,0.20995528763638532,0.12358182514385692,0.34606770920051555,0.7924528301886793
12.0,0.9230769230769231,11,13.833333333333334,1.0,2.5,2.0833333333333335,3,2.2196969696969697,io_intensive,423000319,SRTF,0.1259613567649282,0.23291358024691355,0.06781037414965987,0.14025450409378978,0.3175396336695598,0.7816666666666667
12.0,0.9230769230769231,12.416666666666666,12.57638888888889,1.0,2.9166666666666665,1.7430555555555556,3.75,2.302013422818792,io_intensive,423000320,Round Robin,0.1334537974117811,0.20841971944327597,0.12645847249336176,0.111834161064068,0.30878001602820726,0.7710280373831775
12.0,1.2,10.416666666666666,13.07638888888889,1.0,2.75,1.8541666666666667,3.3333333333333335,2.568,io_intensive,423000321,SRTF,0.13744974542429314,0.3154527559055118,0.08854371999721712,0.09272205460298773,0.28722431632795453,0.7953629032258065
12.0,1.3333333333333333,10.25,9.520833333333334,1.0,2.8333333333333335,2.8055555555555554,2.75,2.4227642276422765,io_intensive,423000322,SRTF,0.16223562200089248,0.30743518195558656,0.0984821598592033,0.1089698668535389,0.2503288672529067,0.775974025974026
12.0,1.0,12.166666666666666,14.13888888888889,1.0,2.75,1.8541666666666667,3.3333333333333335,2.0273972602739727,io_intensive,423000323,SRTF,0.12218309859154929,0.26657670574344267,0.11052816901408448,0.12179577464788728,0.31227714387591365,0.7830985915492958
12.0,0.9230769230769231,13,12.833333333333334,1.0,3.0833333333333335,2.2430555555555554,4.083333333333333,2.6025641025641026,io_intensive,423000324,Round Robin,0.1350171392651233,0.31587911110871625,0.13032930138619428,0.11716634670141743,0.333082496679919,0.7830188679245282
12.0,1.0,11.083333333333334,15.743055555555555,1.0,2.75,2.8541666666666665,3.3333333333333335,2.556390977443609,io_intensive,423000325,Round Robin,0.17646111631187836,0.30399232178078334,0.14071261660156287,0.1079429735234216,0.3265242479855514,0.775
12.0,0.8571428571428571,13.083333333333334,12.743055555555555,1.0,2.5,1.0833333333333333,4.083333333333333,2.624203821656051,io_intensive,423000326,Round Robin,0.14298349409870093,0.3273717344465392,0.11192934268374037,0.11119751166407463,0.22374047568290073,0.7906360424028269
12.0,1.0,12,19.666666666666668,1.0,3.4166666666666665,1.9097222222222223,3.8333333333333335,2.5625,io_intensive,423000327,Round Robin,0.157590823965435,0.31341692789968656,0.17377356420231851,0.1290746275284766,0.30635646130502603,0.7900763358778626
12.0,1.2,10.75,12.520833333333334,1.0,3.4166666666666665,1.5763888888888888,3.1666666666666665,2.434108527131783,io_intensive,423000328,Round Robin,0.16268961501556833,0.2568271635481948,0.24423571885999962,0.11637925153447426,0.3626325809872066,0.819838056680162
12.0,1.3333333333333333,11.75,13.1875,1.0,3,2,3.75,2.482269503546099,io_intensive,423000329,Round Robin,0.11915019453759357,0.20314861141825147,0.11057068350915536,0.09002361275088547,0.32601314890096056,0.7740885416666667
12.0,1.5,12,10,1.0,3.3333333333333335,2.2222222222222223,3.5833333333333335,2.5416666666666665,io_intensive,423000330,Round Robin,0.115839243498818,0.30501101895259847,0.11249408983451537,0.10513705194556254,0.3083619776936576,0.8322222222222222
12.0,1.2,10.25,11.020833333333334,1.0,2.6666666666666665,1.8888888888888888,3.0833333333333335,2.3333333333333335,io_intensive,423000331,FCFS,0.11187455954897813,0.2646780303030303,0.14250033118376196,0.12787394291754756,0.31163010923185336,0.7882231404958677
12.0,1.2,12.583333333333334,12.07638888888889,1.0,3.0833333333333335,2.4097222222222223,3.8333333333333335,2.377483443708609,io_intensive,423000332,FCFS,0.12136074250411817,0.2497471699344273,0.1723521563015911,0.13091323364937865,0.3320073205301007,0.7777093596059113
12.0,0.9230769230769231,11.25,11.854166666666666,1.0,3.6666666666666665,2.5555555555555554,3.1666666666666665,2.2222222222222223,io_intensive,423000333,SRTF,0.1493370439084725,0.2823013698630137,0.11586889301175013,0.12099975262832406,0.3033919534523157,0.7989999999999999
12.0,0.8571428571428571,11.416666666666666,6.076388888888889,1.0,3.3333333333333335,2.0555555555555554,3.25,2.1313868613138687,io_intensive,423000334,Round Robin,0.11929466770661516,0.24536369615817674,0.21139615870201545,0.10231453147354794,0.29037282488354116,0.7751889168765743
12.0,1.2,12.333333333333334,21.055555555555557,1.0,3.0833333333333335,2.076388888888889,3.8333333333333335,2.72972972972973,io_intensive,423000335,SRTF,0.14577821075807604,0.24084223151371797,0.10092955013960977,0.11430178396020152,0.360899866563861,0.7780979827089337
12.0,1.2,11.666666666666666,12.722222222222221,1.0,3.1666666666666665,1.3055555555555556,3.4166666666666665,2.342857142857143,io_intensive,423000336,SRTF,0.14357606679035248,0.2199867632166025,0.11937759139356877,0.13964574767218316,0.35951210088166063,0.7748579545454546
12.0,1.3333333333333333,12.75,17.1875,1.0,2.3333333333333335,1.8888888888888888,3.9166666666666665,2.3986928104575163,io_intensive,423000337,Round Robin,0.13919813979706877,0.3018277407648143,0.1863502479376714,0.11238293706008176,0.3149373897396551,0.7757352941176471
12.0,1.0909090909090908,11.916666666666666,9.409722222222221,1.0,3.75,0.6875,3.6666666666666665,2.3986013986013988,io_intensive,423000338,Round Robin,0.13917200797966525,0.2208547617351663,0.1686288300335746,0.09249033683048041,0.3704292928289766,0.7945544554455446
12.0,0.7058823529411765,11.333333333333334,11.055555555555555,1.0,3.0833333333333335,1.9097222222222223,3.25,2.4191176470588234,io_intensive,423000339,SRTF,0.12726814388430885,0.28108465525797066,0.10223178771034645,0.11477889905134432,0.3163128481514269,0.7935222672064777
12.0,0.9230769230769231,10.583333333333334,15.909722222222221,1.0,2.6666666666666665,2.2222222222222223,3.3333333333333335,2.4488188976377954,io_intensive,423000340,SRTF,0.1489803366570317,0.20966490912789906,0.11146788661617156,0.11585716065285263,0.310639070442992,0.7764026402640264
12.0,0.9230769230769231,11.583333333333334,14.743055555555555,1.0,2.75,1.6875,3.5833333333333335,2.8345323741007196,io_intensive,423000341,Round Robin,0.13182473081467552,0.2521929824561403,0.10667790780346259,0.09036144578313254,0.3125482013402115,0.799043062200957
12.0,1.0909090909090908,12.166666666666666,8.472222222222221,1.0,2.8333333333333335,1.3055555555555556,3.6666666666666665,2.328767123287671,io_intensive,423000342,Round Robin,0.1444835756596661,0.23271392965937415,0.16949004628991612,0.10662326788316415,0.36929274486749325,0.7773333333333333
12.0,1.0909090909090908,10,11.166666666666666,1.0,2.9166666666666665,0.9097222222222222,3.4166666666666665,2.7666666666666666,io_intensive,423000343,FCFS,0.11271629610128522,0.25423579865016877,0.14229211746685605,0.12459907577578289,0.37539886974727404,0.7834645669291338
12.0,1.0,10.416666666666666,9.07638888888889,1.0,3.0833333333333335,1.4097222222222223,3.1666666666666665,2.552,io_intensive,423000344,FCFS,0.09894954959816872,0.20010295126973232,0.14519162709024777,0.12008587272079474,0.28495305500439794,0.7916666666666667
12.0,0.8571428571428571,12.666666666666666,15.555555555555555,1.0,3.1666666666666665,3.138888888888889,3.8333333333333335,2.5328947368421053,io_intensive,423000345,Round Robin,0.1340844638403074,0.3179884012216465,0.18078986119869803,0.10754399585921327,0.3125908111551675,0.773489932885906
12.0,0.9230769230769231,13.25,8.854166666666666,1.0,3.5,2.4166666666666665,3.75,2.2767295597484276,io_intensive,423000346,Round Robin,0.12819529262086515,0.23172514807449698,0.1496936549926974,0.11274999999999999,0.2962477557287975,0.7798982188295165
12.0,0.8571428571428571,11.166666666666666,7.805555555555555,1.0,3.0833333333333335,2.2430555555555554,3.5833333333333335,2.4477611940298507,io_intensive,423000347,SRTF,0.12250761333867069,0.3378314393939394,0.07474350728979981,0.11817593757252756,0.29901437417196536,0.7982832618025751
12.0,0.75,9.333333333333334,7.722222222222222,1.0,3,1.5,3.25,3.1607142857142856,io_intensive,423000348,SRTF,0.12975161607644745,0.26002564745110873,0.10906685570141073,0.11340578197786051,0.3789957065036659,0.8138020833333333
12.0,1.0,10.666666666666666,11.055555555555555,1.0,3.0833333333333335,1.9097222222222223,3.5833333333333335,2.875,io_intensive,423000349,Round Robin,0.13175301998831407,0.3116438356164384,0.11604704251763077,0.09987807356228412,0.31613278949571955,0.7843137254901961
12.0,1.0,9.5,10.083333333333334,1.0,2.6666666666666665,1.7222222222222223,3,2.5701754385964914,io_intensive,423000350,Round Robin,0.16197175273964776,0.23845573817290097,0.15287575495480793,0.10853129349996352,0.36390771048999376,0.7756147540983607
12.0,0.9230769230769231,10.25,8.6875,1.0,3.25,2.8541666666666665,3.1666666666666665,2.430894308943089,io_intensive,423000351,Round Robin,0.124769784309258,0.2508923572228443,0.22899103820156447,0.09945346827628866,0.34555014017256586,0.7763157894736843
12.0,1.7142857142857142,10.5,13.583333333333334,1.0,3,1.1666666666666667,3.4166666666666665,3.0,io_intensive,423000352,SRTF,0.10815153829049003,0.20160442600276626,0.06475584821697036,0.1088715719063545,0.31440610545790937,0.7894190871369295
12.0,1.0909090909090908,11.583333333333334,6.409722222222222,1.0,2.4166666666666665,1.4097222222222223,3.75,2.618705035971223,io_intensive,423000353,SRTF,0.11995734621511897,0.29566286686108073,0.11113077414422996,0.1327559707660846,0.28823728254545344,0.791958041958042
12.0,0.8,11.083333333333334,9.409722222222221,1.0,2.75,1.1875,3.25,2.18796992481203,io_intensive,423000354,SRTF,0.14784175327649182,0.2785560344827586,0.09101919722069031,0.13002890725458421,0.281351568213212,0.7903225806451613
12.0,1.0,10.416666666666666,13.409722222222221,1.0,3.0833333333333335,1.4097222222222223,3.4166666666666665,2.848,io_intensive,423000355,Round Robin,0.12225728403912131,0.2441583763203144,0.11628499595423922,0.10463709521638687,0.30997415200027356,0.8283898305084745
12.0,1.0909090909090908,9.583333333333334,16.57638888888889,1.0,2.8333333333333335,1.3055555555555556,3,2.765217391304348,io_intensive,423000356,SRTF,0.12280242447321654,0.1684083780036339,0.0871516143976008,0.1384898079918524,0.3924830121524635,0.8118811881188119
12.0,1.2,10.166666666666666,9.305555555555555,1.0,3,2.3333333333333335,3.5,2.7540983606557377,io_intensive,423000357,FCFS,0.10367240818979523,0.1647056656437995,0.12357078666316923,0.10690011894497037,0.30717817057754215,0.7742647058823529
12.0,0.8,12.416666666666666,12.743055555555555,1.0,2.9166666666666665,2.576388888888889,3.6666666666666665,2.3758389261744965,io_intensive,423000358,Round Robin,0.14587757011045135,0.28950751254301504,0.2544314123358354,0.10894495412844038,0.3156245951643486,0.7625523012552301
12.0,1.2,10.333333333333334,11.88888888888889,1.0,2.5833333333333335,1.7430555555555556,3.3333333333333335,2.4919354838709675,io_intensive,423000359,Round Robin,0.14318008229235962,0.22060518566540482,0.14279318750952952,0.13753432703144594,0.36592938470523767,0.7852760736196319
12.0,0.8,11.083333333333334,10.57638888888889,1.0,2.6666666666666665,1.8888888888888888,3.5833333333333335,2.4661654135338344,io_intensive,423000360,Round Robin,0.129070788958587,0.25535668926560506,0.1508409945594378,0.12297482423490491,0.2760427115780582,0.7888198757763976
12.0,0.8571428571428571,10.583333333333334,14.57638888888889,1.0,2.5,0.5833333333333334,3.5,2.7086614173228347,io_intensive,423000361,Round Robin,0.1311135249554367,0.33002929176692125,0.1909453347454684,0.11203422852446157,0.2297167446524064,0.795343137254902
12.0,1.0,12.166666666666666,11.63888888888889,1.0,2.5,1.25,3.5,2.315068493150685,io_intensive,423000362,Round Robin,0.11923182207014543,0.25499053692666473,0.17649422069729281,0.10942857142857144,0.2991513248656106,0.777694610778443
12.0,1.7142857142857142,9.833333333333334,16.63888888888889,1.0,3.0833333333333335,2.076388888888889,2.75,2.406779661016949,io_intensive,423000363,Round Robin,0.1683183240393753,0.2222057865129999,0.16360710244158821,0.1363675223815421,0.37161154927963513,0.7645348837209303
12.0,0.9230769230769231,12.083333333333334,19.90972222222222,1.0,3.3333333333333335,1.2222222222222223,3.8333333333333335,2.43448275862069,io_intensive,423000364,SRTF,0.13199213933415538,0.2020664983164983,0.10845555403838532,0.12043613356982799,0.3390901703282377,0.790625
12.0,0.9230769230769231,10.416666666666666,5.243055555555555,1.0,3.25,2.0208333333333335,3.1666666666666665,2.552,io_intensive,423000365,Round Robin,0.13085602701474375,0.28079436902966315,0.16429775599743449,0.12136538398674321,0.2617841564654566,0.8184782608695652
12.0,1.3333333333333333,11.833333333333334,24.97222222222222,1.0,3.1666666666666665,2.3055555555555554,3.5833333333333335,2.5492957746478875,io_intensive,423000366,Round Robin,0.10210869663118932,0.24025837464323266,0.11911416847391004,0.0992239597261817,0.3389761062262762,0.806782334384858
12.0,1.0909090909090908,10.833333333333334,5.638888888888889,1.0,3.4166666666666665,1.2430555555555556,3.1666666666666665,2.2846153846153845,io_intensive,423000367,Round Robin,0.15690816922563416,0.2980724207897612,0.20689162584997048,0.11315086782376503,0.3189396409645145,0.80078125
12.0,0.9230769230769231,9.333333333333334,15.555555555555555,1.0,3.3333333333333335,2.0555555555555554,2.9166666666666665,2.3660714285714284,io_intensive,423000368,Round Robin,0.15228003889238037,0.2011696989065353,0.13990655751377615,0.10702341137123747,0.365829572840842,0.8031914893617021
12.0,1.3333333333333333,11.583333333333334,4.576388888888889,1.0,3.5,1.5833333333333333,3.5833333333333335,2.539568345323741,io_intensive,423000369,Round Robin,0.15860097706315016,0.32010697419067796,0.15913672217353203,0.13095570089968675,0.34301282927718535,0.794478527607362
12.0,0.8571428571428571,11.666666666666666,8.88888888888889,1.0,3,2.1666666666666665,3.8333333333333335,2.5142857142857142,io_intensive,423000370,Round Robin,0.14850256970087564,0.21887522992830152,0.18167572840525145,0.09741024131842263,0.3274922695070226,0.7870111731843575
12.0,1.0909090909090908,11.166666666666666,16.97222222222222,1.0,3.5,1.9166666666666667,3.5,2.3358208955223883,io_intensive,423000371,Round Robin,0.16395943615059777,0.205285553367747,0.1607908856535911,0.11046511627906978,0.3275640228444605,0.7884057971014493
12.0,1.7142857142857142,13.416666666666666,11.57638888888889,1.0,3.25,1.5208333333333333,3.9166666666666665,2.279503105590062,io_intensive,423000372,Round Robin,0.1391642021513256,0.32679576299238666,0.13089307090019664,0.1250666204718961,0.30332131634257786,0.7828947368421053
12.0,1.2,10.916666666666666,9.743055555555555,1.0,3,2.8333333333333335,3.3333333333333335,2.519083969465649,io_intensive,423000373,Round Robin,0.1404140414041404,0.25668652370972234,0.2375618123974097,0.1023521932612842,0.3037563120685853,0.7673267326732673
12.0,0.9230769230769231,9.833333333333334,9.805555555555555,1.0,3.3333333333333335,2.0555555555555554,3.6666666666666665,2.9915254237288136,io_intensive,423000374,Round Robin,0.11792100993902324,0.2846100316291403,0.20507727754911878,0.11303406129311405,0.29692463880071285,0.8634969325153374
12.0,1.3333333333333333,11.5,15.583333333333334,1.0,3.5833333333333335,1.5763888888888888,3.25,2.1159420289855073,io_intensive,423000375,Round Robin,0.15029199043491367,0.23782561931825683,0.1956023361753614,0.1152132399745385,0.30733681970551535,0.7881736526946108
12.0,1.0909090909090908,11.333333333333334,19.72222222222222,1.0,3.0833333333333335,1.5763888888888888,3.25,2.3823529411764706,io_intensive,423000376,SRTF,0.13236295539666326,0.3229137529137529,0.09896498922440754,0.10860440464512858,0.34080738238041614,0.797752808988764
12.0,1.0909090909090908,12.666666666666666,9.88888888888889,1.0,3.3333333333333335,1.5555555555555556,3.6666666666666665,2.3289473684210527,io_intensive,423000377,Round Robin,0.12290989032542782,0.2509106211497843,0.17422210492602466,0.10620399579390116,0.31498416711080385,0.8005181347150259
12.0,1.0,10.666666666666666,6.388888888888889,1.0,3.0833333333333335,2.076388888888889,3.25,2.4375,io_intensive,423000378,Round Robin,0.13447501403705783,0.24724920793292368,0.15442279996642116,0.09871794871794871,0.2778846153846154,0.7709854014598541
12.0,0.9230769230769231,11.416666666666666,10.743055555555555,1.0,2.5833333333333335,2.2430555555555554,3.4166666666666665,2.386861313868613,io_intensive,423000379,Round Robin,0.10494103455843115,0.2254712643678161,0.12813892014767442,0.10012476606363069,0.32114604082861875,0.793939393939394
12.0,1.3333333333333333,10.083333333333334,12.243055555555555,1.0,3.5,2.4166666666666665,3.4166666666666665,2.6611570247933884,io_intensive,423000380,Round Robin,0.12053860447127471,0.22719562456733922,0.13175123133238933,0.1101326282172666,0.29946477443310915,0.8315018315018314
12.0,0.8571428571428571,10.5,15.25,1.0,2.8333333333333335,1.1388888888888888,3.5,2.7936507936507935,io_intensive,423000381,SRTF,0.1197885494530683,0.19805994791516796,0.06724401833568218,0.09031033778454824,0.3310785417563654,0.7955508474576272
12.0,1.0909090909090908,11,18,1.0,2.75,2.5208333333333335,3.5,2.537878787878788,io_intensive,423000382,SRTF,0.12575757575757576,0.23738404452690168,0.10023645498315792,0.10355871886120999,0.3380310843198489,0.7893939393939393
12.0,1.2,10.666666666666666,11.88888888888889,1.0,3,1.6666666666666667,3.1666666666666665,2.3125,io_intensive,423000383,SRTF,0.14682366377916672,0.19834917635927898,0.09721512519161986,0.13726606878154207,0.3133523589199029,0.777046783625731
12.0,0.9230769230769231,12.25,13.854166666666666,1.0,2.75,1.1875,3.5833333333333335,2.4081632653061225,io_intensive,423000384,Round Robin,0.13050738365879727,0.3128307416754864,0.16419386432536984,0.12331726031546474,0.18967415730616619,0.7801418439716312
12.0,1.2,10.5,9.416666666666666,1.0,2.75,1.5208333333333333,3.1666666666666665,2.3492063492063493,io_intensive,423000385,Round Robin,0.12802123172103486,0.25313314244810303,0.16906495125609297,0.10044642857142858,0.35474354103343464,0.7726377952755905
12.0,1.0,9.583333333333334,8.743055555555555,1.0,3.25,2.3541666666666665,3.25,2.408695652173913,io_intensive,423000386,SRTF,0.145255317638549,0.18429228697320907,0.061934220607849255,0.0984732824427481,0.33755009298814886,0.8169144981412639
12.0,0.9230769230769231,10.916666666666666,10.243055555555555,1.0,3.0833333333333335,1.7430555555555556,3.4166666666666665,2.572519083969466,io_intensive,423000387,Round Robin,0.1135689023620058,0.24912509933370014,0.20554798679107034,0.1046035545615024,0.29883967740292555,0.7921245421245422
12.0,0.9230769230769231,11.416666666666666,13.57638888888889,1.0,3.1666666666666665,2.638888888888889,3.4166666666666665,2.2481751824817517,io_intensive,423000388,Round Robin,0.1358380404772157,0.23023790642347344,0.1692986864378617,0.1292782185639329,0.3322586152586152,0.7654639175257731
12.0,1.3333333333333333,12.666666666666666,20.22222222222222,1.0,3.25,2.1875,3.9166666666666665,2.4473684210526314,io_intensive,423000389,Round Robin,0.13301606907939567,0.2189626959961888,0.14641233749931368,0.11691585460904291,0.3183310367105964,0.7756892230576441
12.0,0.9230769230769231,11.5,9.416666666666666,1.0,2.9166666666666665,2.4097222222222223,3.8333333333333335,2.782608695652174,io_intensive,423000390,SRTF,0.11953088953590126,0.27092957592538613,0.07742626683873818,0.1069507252823288,0.3148219110846386,0.7996575342465753
12.0,1.5,10,11.166666666666666,1.0,2.8333333333333335,2.8055555555555554,3.25,2.6333333333333333,io_intensive,423000391,Round Robin,0.13864616117735717,0.26380583554856796,0.1812277268530573,0.12405087436513135,0.3830097699385909,0.7858455882352942
12.0,1.7142857142857142,12.666666666666666,5.388888888888889,1.0,3.75,0.8541666666666666,3.8333333333333335,2.3684210526315788,io_intensive,423000392,Round Robin,0.12048738489181701,0.3309169787533835,0.1515211635710251,0.09778869778869778,0.311733989369337,0.7770083102493075
12.0,0.8,10.333333333333334,12.555555555555555,1.0,3.25,2.1875,3.1666666666666665,2.467741935483871,io_intensive,423000393,Round Robin,0.12752245559532654,0.23615583199761703,0.19267564633668088,0.11741854388534778,0.32596643220678223,0.8201357466063348
12.0,1.3333333333333333,9.666666666666666,2.2222222222222223,1.0,2.3333333333333335,0.8888888888888888,2.9166666666666665,2.3620689655172415,io_intensive,423000394,SRTF,0.08358298870038101,0.2533770704502412,0.07629443441473772,0.0857587393802347,0.2903079587898191,0.7883275261324041
12.0,1.3333333333333333,11.25,11.520833333333334,1.0,3.5,1.9166666666666667,3.4166666666666665,2.3851851851851853,io_intensive,423000395,Round Robin,0.16683161239275598,0.33344016115740316,0.2849175189867562,0.14056590942992275,0.28219062316284543,0.7785714285714286
12.0,0.8571428571428571,12.083333333333334,5.076388888888889,1.0,2.6666666666666665,2.2222222222222223,3.5833333333333335,2.4827586206896552,io_intensive,423000396,Round Robin,0.14702028493341726,0.1819279959153684,0.1349506547750964,0.1297639313488755,0.29220822928798057,0.8199233716475096
12.0,1.0,10.166666666666666,7.972222222222222,1.0,2.5,1.75,3.1666666666666665,2.442622950819672,io_intensive,423000397,Round Robin,0.15029910968310625,0.33380995384306644,0.14306700965836555,0.1301632883466084,0.24058185010775002,0.8128342245989304
12.0,1.0,13.666666666666666,22.88888888888889,1.0,3,1.6666666666666667,3.9166666666666665,2.3841463414634148,io_intensive,423000398,FCFS,0.11612594464741503,0.21244316210061942,0.13205165052866832,0.12483821275580369,0.3916410415904192,0.7647405660377358
12.0,0.8571428571428571,11.25,18.1875,1.0,3.0833333333333335,1.7430555555555556,3.25,2.1925925925925926,io_intensive,423000399,FCFS,0.08803343561882722,0.19057199345514045,0.13758824219863505,0.09611650485436893,0.3141179578627567,0.8380829015544041
12.0,1.0909090909090908,12.083333333333334,17.57638888888889,1.0,2.5833333333333335,1.5763888888888888,3.75,2.593103448275862,io_intensive,423000400,Round Robin,0.13107831773689727,0.214551666316321,0.1099951007255976,0.1023550724637681,0.3751695144567524,0.7850877192982456
12.0,1.3333333333333333,10.916666666666666,14.743055555555555,1.0,3,1.5,3.3333333333333335,2.282442748091603,io_intensive,423000401,Round Robin,0.12833993347061617,0.23535833210685114,0.18738817764216742,0.1210021734571314,0.33860076612045115,0.7694704049844237
12.0,0.9230769230769231,11.166666666666666,4.138888888888889,1.0,2.9166666666666665,1.9097222222222223,3.9166666666666665,2.8805970149253732,io_intensive,423000402,Round Robin,0.10486461723724619,0.19600105020947112,0.1313830015570914,0.09052493716294287,0.2920448894521388,0.7855960264900662
12.0,0.8571428571428571,13.166666666666666,18.63888888888889,1.0,2.5,1.75,3.9166666666666665,2.5253164556962027,io_intensive,423000403,Round Robin,0.1390954071113102,0.2855264836687081,0.2126896963313689,0.09509975723725582,0.3727240827705246,0.7723097112860893
12.0,2.0,11.25,11.1875,1.0,2.75,1.0208333333333333,3.75,2.785185185185185,io_intensive,423000404,SRTF,0.10493707877357851,0.2722579360564342,0.08885250125435634,0.09974506054811982,0.37988662090411085,0.7828014184397163
12.0,1.0,11.083333333333334,13.909722222222221,1.0,2.75,1.5208333333333333,3.8333333333333335,2.7518796992481205,io_intensive,423000405,Round Robin,0.12283136482939636,0.17333651642475173,0.1488204777481859,0.10998309264650745,0.3703480064580743,0.76625
12.0,0.75,10.416666666666666,12.743055555555555,1.0,3.0833333333333335,2.2430555555555554,3.0833333333333335,2.368,io_intensive,423000406,Round Robin,0.14965663197556878,0.2753752019705032,0.16876145591506375,0.11810562876566039,0.28643724696356276,0.7890334572490707
12.0,0.8,11.083333333333334,16.90972222222222,1.0,3.5833333333333335,2.4097222222222223,3.0833333333333335,2.1052631578947367,io_intensive,423000407,Round Robin,0.15433847030365644,0.29723560104354807,0.20253522708347707,0.10143934201507883,0.2846506098727486,0.7983091787439613
12.0,0.7058823529411765,10.25,16.854166666666668,1.0,3.1666666666666665,1.6388888888888888,3.3333333333333335,2.7398373983739837,io_intensive,423000408,Round Robin,0.14310953624887018,0.36238025055268974,0.10967012235508466,0.0944623041475852,0.3756036037646445,0.8253012048192772
12.0,0.8571428571428571,12.833333333333334,16.47222222222222,1.0,3.3333333333333335,1.8888888888888888,3.9166666666666665,2.1493506493506493,io_intensive,423000409,SRTF,0.09989082969432314,0.324037884037884,0.07846555070354198,0.11939467769134454,0.32289644311341914,0.8355555555555556
12.0,1.2,11.916666666666666,14.07638888888889,1.0,3,2,3.3333333333333335,2.3286713286713288,io_intensive,423000410,FCFS,0.13739890458640458,0.26643916297117515,0.22765151515151516,0.15119259386775313,0.3072822822822823,0.7691761363636364
12.0,0.9230769230769231,10.416666666666666,10.57638888888889,1.0,2.6666666666666665,2.0555555555555554,3.25,2.248,io_intensive,423000411,SRTF,0.14136520226767527,0.24013910060975613,0.07187725393919217,0.13372195887827273,0.39141062835030516,0.7825520833333333
12.0,0.9230769230769231,10.583333333333334,7.576388888888889,1.0,2.9166666666666665,2.7430555555555554,3,2.3622047244094486,io_intensive,423000412,SRTF,0.13215207039266358,0.3135679041353383,0.10728469947875827,0.10846813346868514,0.331063644944013,0.7988721804511278
12.0,1.2,12.25,13.520833333333334,1.0,2.8333333333333335,2.3055555555555554,3.5833333333333335,2.2993197278911564,io_intensive,423000413,SRTF,0.1430305897193314,0.2245535714285714,0.11901392582270065,0.125,0.3419353159231955,0.7749999999999999
12.0,0.8,11.833333333333334,12.472222222222221,1.0,3.0833333333333335,1.7430555555555556,3.6666666666666665,2.556338028169014,io_intensive,423000414,Round Robin,0.15474852923976573,0.25772742679097194,0.2384478935168289,0.1403963030891502,0.27388337468982626,0.7896825396825398
12.0,0.9230769230769231,12.25,9.6875,1.0,2.6666666666666665,1.3888888888888888,3.5833333333333335,2.258503401360544,io_intensive,423000415,Round Robin,0.11992546916824302,0.2199028326745718,0.10718464091976357,0.1005586592178771,0.30042505382103385,0.7784090909090908
12.0,1.3333333333333333,10.833333333333334,12.13888888888889,1.0,2.9166666666666665,1.2430555555555556,3.4166666666666665,2.6307692307692307,io_intensive,423000416,Round Robin,0.15306767631329035,0.307842728268238,0.1386329377869651,0.10428849902534111,0.3410958858789188,0.7865384615384616
12.0,1.2,11.666666666666666,13.222222222222221,1.0,2.5833333333333335,1.0763888888888888,3.5833333333333335,2.4857142857142858,io_intensive,423000417,SRTF,0.11237376211130078,0.2492573267535917,0.07942887882742915,0.10786001147446929,0.30621199169553653,0.7918326693227091
12.0,0.8,9.583333333333334,4.909722222222222,1.0,3.5833333333333335,2.076388888888889,2.9166666666666665,2.634782608695652,io_intensive,423000418,SRTF,0.08972452676307766,0.1973095685216897,0.05578370978781656,0.09360620213242953,0.3177090261279174,0.828512396694215
12.0,0.8,11.833333333333334,5.138888888888889,1.0,3.0833333333333335,2.576388888888889,3.9166666666666665,2.887323943661972,io_intensive,423000419,Round Robin,0.13881161236424397,0.2971698113207547,0.22056716175225533,0.1154818594104309,0.29894527986633246,0.7941729323308271
12.0,0.9230769230769231,10.166666666666666,23.97222222222222,1.0,2.5833333333333335,2.4097222222222223,3.3333333333333335,2.5245901639344264,io_intensive,423000420,Round Robin,0.13322622616146587,0.2386689749828436,0.22684588455760094,0.1265012244991482,0.35998095175752065,0.8162393162393162
12.0,1.0,10.083333333333334,11.743055555555555,1.0,3.5,2.25,3.25,2.5289256198347108,io_intensive,423000421,Round Robin,0.16468785375189574,0.21860325409054224,0.12865985976990552,0.1072992700729927,0.33098889101903634,0.8257575757575757
12.0,0.75,12,12.166666666666666,1.0,3.3333333333333335,1.3888888888888888,3.6666666666666665,2.5069444444444446,io_intensive,423000422,FCFS,0.12309534186763192,0.3425223178421084,0.1627146865653233,0.12355142686931081,0.33711345615493504,0.8170731707317074
12.0,0.9230769230769231,11.25,17.520833333333332,1.0,2.5833333333333335,2.076388888888889,3.5833333333333335,2.6592592592592594,io_intensive,423000423,SRTF,0.10646285674532638,0.20318139180650532,0.0833317471717541,0.10826314065362913,0.35809543736770993,0.7959363957597173
12.0,1.0909090909090908,11.416666666666666,7.743055555555555,1.0,3.4166666666666665,2.4097222222222223,3.8333333333333335,2.5693430656934306,io_intensive,423000424,Round Robin,0.09822264263666236,0.17768022235569841,0.11881127269955306,0.09575585399449038,0.3207304960551714,0.7801204819277108
12.0,2.4,11.666666666666666,14.555555555555555,1.0,3.0833333333333335,1.4097222222222223,3.6666666666666665,2.6285714285714286,io_intensive,423000425,Round Robin,0.13036684693219647,0.2864374443600989,0.17937724700229657,0.12919849974750855,0.3336934918149028,0.7796352583586625
12.0,0.8,10.75,8.6875,1.0,3.0833333333333335,1.5763888888888888,3.25,2.434108527131783,io_intensive,423000426,Round Robin,0.13459645669291342,0.25359107420861443,0.23344224121375068,0.09809711286089241,0.3261692136043971,0.78125
12.0,1.0909090909090908,9.25,9.1875,1.0,3.5,2.0833333333333335,2.9166666666666665,2.4324324324324325,io_intensive,423000427,SRTF,0.12141700577369666,0.32029262086514,0.08740226260732473,0.1073033149206716,0.3239289658915966,0.8435828877005347
12.0,1.0909090909090908,10.416666666666666,14.243055555555555,1.0,3.8333333333333335,2.8055555555555554,3.0833333333333335,2.312,io_intensive,423000428,Round Robin,0.16983761053741034,0.2839949840959139,0.185225234628039,0.11241610738255031,0.29827340967630606,0.904109589041096
12.0,1.0909090909090908,11.5,13.916666666666666,1.0,3.5,0.9166666666666666,3.5833333333333335,2.4130434782608696,io_intensive,423000429,Round Robin,0.14147812219675074,0.302203327291095,0.142524668593641,0.1138766296994145,0.36617153190390084,0.7972440944881889
12.0,0.9230769230769231,11,12.666666666666666,1.0,2.5833333333333335,1.5763888888888888,2.8333333333333335,2.2045454545454546,io_intensive,423000430,Round Robin,0.15445910826376755,0.2857792538747545,0.13943109752151683,0.13015704181215865,0.30424836601307187,0.7656765676567656
12.0,0.8571428571428571,12.416666666666666,7.076388888888889,1.0,2.6666666666666665,1.8888888888888888,3.6666666666666665,2.402684563758389,io_intensive,423000431,Round Robin,0.12317696449379269,0.28861725085535994,0.15935338868828153,0.09681239693848717,0.3322283059680505,0.7566889632107023
12.0,1.3333333333333333,11.5,15.25,1.0,3.5,1.4166666666666667,3.6666666666666665,2.528985507246377,io_intensive,423000432,Round Robin,0.13952314442302144,0.2121478392739752,0.16578539906650755,0.12736005019843805,0.35032474369551553,0.7756797583081572
12.0,0.8571428571428571,11.083333333333334,13.409722222222221,1.0,2.4166666666666665,1.5763888888888888,3.3333333333333335,2.3909774436090228,io_intensive,423000433,FCFS,0.11209223827677958,0.2119941474182093,0.11389987434183646,0.12328969230817262,0.3782509635820035,0.8189655172413793
12.0,1.0909090909090908,11.5,17.083333333333332,1.0,2.1666666666666665,1.9722222222222223,3.4166666666666665,2.471014492753623,io_intensive,423000434,Round Robin,0.12282319687642224,0.3003470251707958,0.18588168554102938,0.11018159481120494,0.28757381404783894,0.7798165137614679
12.0,1.0909090909090908,10.416666666666666,10.743055555555555,1.0,3.1666666666666665,0.8055555555555556,3.0833333333333335,1.992,io_intensive,423000435,Round Robin,0.14973782653898488,0.32345580707541804,0.19482102808711005,0.11345108695652174,0.3101519065746174,0.7926829268292683
12.0,0.8,11.5,20.083333333333332,1.0,3.6666666666666665,1.5555555555555556,3.5,2.4855072463768115,io_intensive,423000436,SRTF,0.1268578506097561,0.2805078283283058,0.11119379106455862,0.12658822808644904,0.31299121180974293,0.7890625
12.0,0.8571428571428571,12,19.166666666666668,1.0,2.25,1.5208333333333333,3.5,2.4652777777777777,io_intensive,423000437,Round Robin,0.1167589641665602,0.20693917075869506,0.12139677284376131,0.11473252295429921,0.35650230212594464,0.8057103064066853
12.0,1.5,12.75,11.6875,1.0,2.6666666666666665,1.5555555555555556,3.9166666666666665,2.372549019607843,io_intensive,423000438,SRTF,0.12445292768041336,0.20562735605158622,0.07272018388913525,0.1163114610298647,0.3660733855722074,0.7664609053497942
12.0,0.75,12.083333333333334,17.40972222222222,1.0,3.1666666666666665,2.4722222222222223,3.8333333333333335,2.3379310344827586,io_intensive,423000439,SRTF,0.13915374382148038,0.148717811836553,0.06714691758932025,0.11236987140232702,0.3299528166811315,0.7970822281167109
12.0,1.0909090909090908,11.833333333333334,16.805555555555557,1.0,2.9166666666666665,2.7430555555555554,3.9166666666666665,2.9507042253521125,io_intensive,423000440,SRTF,0.11508363288289522,0.21543668954996187,0.06113366486457797,0.09386060504452146,0.33284606305070413,0.7907608695652174
12.0,0.8571428571428571,10.583333333333334,12.409722222222221,1.0,2.25,1.8541666666666667,3.3333333333333335,2.5511811023622046,io_intensive,423000441,FCFS,0.11571386562401298,0.24757278378350098,0.14331087710229362,0.11911726167261985,0.29995430165336306,0.7981283422459893
12.0,2.4,10.5,5.416666666666667,1.0,2.9166666666666665,2.076388888888889,3.1666666666666665,2.507936507936508,io_intensive,423000442,FCFS,0.10838854154186578,0.20369483816916578,0.12808319170745344,0.1373673211241269,0.34849516031457956,0.7762836185819071
12.0,0.9230769230769231,11.25,13.1875,1.0,2.6666666666666665,1.7222222222222223,3.3333333333333335,2.6074074074074076,io_intensive,423000443,Round Robin,0.11710673387476843,0.24044531372036862,0.14898460935782906,0.08229508196721312,0.4003377600572674,0.78328173374613
12.0,1.0909090909090908,12.25,19.1875,1.0,3.25,2.0208333333333335,3.9166666666666665,2.4489795918367347,io_intensive,423000444,SRTF,0.13885147400774348,0.20407796447737037,0.12422646433361716,0.1332528913851133,0.3732752110484506,0.7795508274231678
12.0,0.6666666666666666,11.666666666666666,24.38888888888889,1.0,3.0833333333333335,2.4097222222222223,3.75,2.4285714285714284,io_intensive,423000445,SRTF,0.17009239867549195,0.21970229174472333,0.10352201671341749,0.13122723068706335,0.38189745416353166,0.7955729166666667
12.0,0.75,11.333333333333334,17.88888888888889,1.0,3.1666666666666665,1.4722222222222223,3.25,2.2058823529411766,io_intensive,423000446,SRTF,0.13674295919658802,0.20555457395473445,0.07223616197614596,0.10938532716457369,0.35130237816163773,0.8100303951367781
12.0,1.3333333333333333,11.416666666666666,5.909722222222222,1.0,3.4166666666666665,2.2430555555555554,3.3333333333333335,2.1386861313868613,io_intensive,423000447,Round Robin,0.16556463900129426,0.2746855014407197,0.2255562090864623,0.11061452513966478,0.30225556787807384,0.7749266862170088
12.0,1.3333333333333333,13.25,5.354166666666667,1.0,3.5,1.5833333333333333,4,2.49685534591195,io_intensive,423000448,Round Robin,0.1126031393847822,0.2590418490376396,0.142904310372098,0.10877486117085025,0.3210656738934117,0.7868171021377672
12.0,0.9230769230769231,12.083333333333334,13.57638888888889,1.0,2.75,2.3541666666666665,3.3333333333333335,2.1448275862068966,io_intensive,423000449,Round Robin,0.15374597905361823,0.3092070028994072,0.23879565159512894,0.11217391304347829,0.3564115156277282,0.7755591054313099
12.0,0.75,12.5,12.583333333333334,1.0,3.5833333333333335,2.2430555555555554,3.75,2.3266666666666667,io_intensive,423000450,Round Robin,0.10866979278005726,0.22809577855852223,0.12269104375007867,0.0970790378006873,0.35147223547470385,0.785953177257525
12.0,1.7142857142857142,10.833333333333334,9.305555555555555,1.0,3.3333333333333335,1.8888888888888888,3.5,2.523076923076923,io_intensive,423000451,Round Robin,0.12446066756411583,0.24788689963849203,0.1674652742050861,0.09291187739463601,0.29362884891852936,0.7952702702702703
12.0,3.0,11.916666666666666,16.743055555555557,1.0,2.4166666666666665,1.7430555555555556,3.75,2.5314685314685317,io_intensive,423000452,Round Robin,0.15316296606619184,0.2692309714576921,0.17255913057079086,0.10394265232974909,0.3652006359985986,0.7733766233766234
12.0,2.0,12.083333333333334,16.90972222222222,1.0,2.9166666666666665,1.9097222222222223,3.9166666666666665,2.537931034482759,io_intensive,423000453,Round Robin,0.14790030304904447,0.18843743299342325,0.16295387922388851,0.1431446263256425,0.339273791813824,0.7684210526315789
12.0,1.2,9.583333333333334,11.909722222222221,1.0,2.8333333333333335,1.8055555555555556,3.0833333333333335,2.747826086956522,io_intensive,423000454,FCFS,0.12140181915462817,0.22410570199031737,0.1513748370125373,0.1302864551179158,0.34906270200387846,0.7966666666666666
12.0,1.0909090909090908,11.166666666666666,11.63888888888889,1.0,2.5,2.9166666666666665,3.4166666666666665,2.544776119402985,io_intensive,423000455,SRTF,0.1368918717291023,0.23371487036567035,0.062710166759586,0.10774515927545285,0.3340744024650689,0.7781329923273657
12.0,1.0909090909090908,13.416666666666666,14.07638888888889,1.0,3.6666666666666665,1.8888888888888888,3.9166666666666665,2.527950310559006,io_intensive,423000456,Round Robin,0.1277159120456295,0.21799016349242503,0.12455965424679792,0.1185463362978698,0.30415555880866,0.7866323907455013
12.0,0.6666666666666666,11.916666666666666,12.909722222222221,1.0,2,0.6666666666666666,3.4166666666666665,2.4615384615384617,io_intensive,423000457,SRTF,0.11213540370093766,0.2524619100706057,0.0815330352997972,0.10451349335307077,0.345787017494489,0.7970085470085471
12.0,0.8571428571428571,10.583333333333334,7.409722222222222,1.0,3,1.6666666666666667,2.8333333333333335,2.125984251968504,io_intensive,423000458,SRTF,0.14100160597557124,0.2698055070202985,0.10380720180045014,0.14382023631784033,0.32690412460440155,0.7885304659498208
12.0,0.8,10.333333333333334,12.88888888888889,1.0,2.8333333333333335,2.638888888888889,3.5,2.6048387096774195,io_intensive,423000459,Round Robin,0.13278566381999887,0.2127757352941176,0.10791118840658939,0.09962825278810408,0.4454837844024025,0.7987132352941176
12.0,0.8,11.666666666666666,14.055555555555555,1.0,3.5833333333333335,2.9097222222222223,3.6666666666666665,2.4285714285714284,io_intensive,423000460,FCFS,0.11739972257542482,0.3203019623199756,0.1294368537513341,0.11822389531743613,0.28114407850743833,0.8241869918699187
12.0,0.9230769230769231,10.916666666666666,19.743055555555557,1.0,3.0833333333333335,1.9097222222222223,3.0833333333333335,2.33587786259542,io_intensive,423000461,Round Robin,0.12743384118200837,0.2306846220292808,0.14427018715746687,0.1221993036719161,0.3439844031303127,0.7784280936454849
12.0,1.0,11.916666666666666,12.243055555555555,1.0,3.1666666666666665,2.3055555555555554,3.9166666666666665,2.5104895104895104,io_intensive,423000462,Round Robin,0.14709022614422806,0.24469532493848606,0.12622110370159678,0.11862186008843462,0.27267230955259975,0.7943262411347518
12.0,1.3333333333333333,11.333333333333334,15.055555555555555,1.0,3.3333333333333335,1.3888888888888888,3.8333333333333335,2.713235294117647,io_intensive,423000463,Round Robin,0.13095887298341288,0.29362334032145354,0.1759406800467862,0.11349213206985612,0.3789923021929606,0.7962962962962963
12.0,0.9230769230769231,10.833333333333334,8.305555555555555,1.0,3.1666666666666665,2.4722222222222223,3.6666666666666665,2.9153846153846152,io_intensive,423000464,Round Robin,0.10547886195151271,0.2794630334602284,0.2939891805249448,0.0893548387096774,0.333782991202346,0.8074534161490683
12.0,0.7058823529411765,11.666666666666666,6.388888888888889,1.0,3.1666666666666665,2.138888888888889,4,2.6214285714285714,io_intensive,423000465,Round Robin,0.13015480166713791,0.32244830669556324,0.1504541302949627,0.09862522414823668,0.2933267472493413,0.8005836575875487
12.0,0.8571428571428571,10.25,15.354166666666666,1.0,3,2,3.75,3.097560975609756,io_intensive,423000466,FCFS,0.110755870340636,0.19404551480335835,0.11206072278881435,0.11204598182132303,0.3641756876873452,0.795774647887324
12.0,1.2,10.916666666666666,9.743055555555555,1.0,2.25,1.1875,3.6666666666666665,2.5572519083969465,io_intensive,423000467,SRTF,0.10415008695139566,0.3116405231506792,0.07746605929757479,0.11485247737789962,0.34063682949526086,0.787375415282392
12.0,0.8571428571428571,12.083333333333334,19.243055555555557,1.0,3.1666666666666665,2.138888888888889,3.6666666666666665,2.4,io_intensive,423000468,SJF,0.13651067044944754,0.10231203892158842,0.1263192821166672,0.11025489033787789,0.35438452763082845,0.7741090146750524
12.0,0.9230769230769231,11.083333333333334,9.409722222222221,1.0,3.5833333333333335,2.576388888888889,3.8333333333333335,2.8045112781954886,io_intensive,423000469,SRTF,0.12746495857450915,0.18275229672288493,0.07368706316592752,0.12654257648802475,0.32855900812944333,0.8617424242424243
12.0,0.8,12.5,10.25,1.0,3.3333333333333335,0.8888888888888888,3.5833333333333335,2.34,io_intensive,423000470,Round Robin,0.11841525163324472,0.32368618618618616,0.15751723582914884,0.11605877383454238,0.3376211151327716,0.796712802768166
12.0,2.0,11.166666666666666,16.13888888888889,1.0,3.75,0.6875,3.5833333333333335,2.4925373134328357,io_intensive,423000471,SRTF,0.13912860422563927,0.24721633404971283,0.08801662300424017,0.09604339502233565,0.33433010159158316,0.7925311203319503
12.0,0.8571428571428571,10.833333333333334,10.472222222222221,1.0,3.1666666666666665,2.638888888888889,3.75,2.8615384615384616,io_intensive,423000472,Round Robin,0.10353287779758369,0.18521466985744428,0.15677855556867124,0.09756422492642965,0.33639545056867887,0.8022058823529412
12.0,0.8571428571428571,12.25,5.854166666666667,1.0,3.5,1.4166666666666667,3.5,2.1020408163265305,io_intensive,423000473,SRTF,0.13474642557659378,0.2940920133782179,0.1107892015628015,0.13290866317788197,0.2955927515115523,0.7642857142857142
12.0,1.3333333333333333,11,11.833333333333334,1.0,2.4166666666666665,1.5763888888888888,3.4166666666666665,2.4393939393939394,io_intensive,423000474,Round Robin,0.13127149982800138,0.2847368421052631,0.18803941879103264,0.10294117647058823,0.34573615411076714,0.7615131578947368
12.0,0.6666666666666666,11.666666666666666,17.88888888888889,1.0,3,1.8333333333333333,3.5,2.4642857142857144,io_intensive,423000475,SRTF,0.16427810427367265,0.2891029434974748,0.060561063689919155,0.09788654863103938,0.3954015916979974,0.8333333333333334
12.0,1.0909090909090908,10.5,20.416666666666668,1.0,2.75,2.3541666666666665,3.25,2.246031746031746,io_intensive,423000476,SRTF,0.13215324506186238,0.29439465396112396,0.05265801162453217,0.11458147912693364,0.3653298708331538,0.8071955719557196
12.0,1.0909090909090908,12.25,13.1875,1.0,2.25,1.6875,3.6666666666666665,2.4489795918367347,io_intensive,423000477,SRTF,0.10856106222016368,0.2139717691664978,0.10817435361567485,0.12373121099536191,0.34031342266636383,0.7749343832020997
12.0,1.0909090909090908,13.166666666666666,9.13888888888889,1.0,3.5,1.4166666666666667,4.25,2.689873417721519,io_intensive,423000478,Round Robin,0.12665165054614203,0.2793270937490755,0.1479345609565052,0.11212299842998703,0.33818338232829714,0.7824601366742596
12.0,0.8571428571428571,11.166666666666666,15.305555555555555,1.0,3.5,1.75,3.8333333333333335,2.791044776119403,io_intensive,423000479,Round Robin,0.13701091296247003,0.2208002411247037,0.18409952117522357,0.11640237559382444,0.34453997597466,0.8174740484429066
12.0,0.9230769230769231,10.25,7.854166666666667,1.0,3.1666666666666665,1.8055555555555556,3,2.4959349593495936,io_intensive,423000480,FCFS,0.10299101985657924,0.30564666255872663,0.1296235405995244,0.1303769758199768,0.33910271834994654,0.7784552845528455
12.0,1.0,11.25,11.520833333333334,1.0,3.25,2.0208333333333335,3.75,2.6,io_intensive,423000481,Round Robin,0.13202919272144073,0.28509030815592495,0.14329886506935688,0.10087857450316572,0.34624177800536177,0.8069999999999999
12.0,0.8,11.833333333333334,12.972222222222221,1.0,2.6666666666666665,1.2222222222222223,3.3333333333333335,2.3380281690140845,io_intensive,423000482,Round Robin,0.15376921165103702,0.33011619190404795,0.14053834991554473,0.1155080733846525,0.2944186357665743,0.7940647482014389
12.0,1.5,13,8.666666666666666,1.0,3.3333333333333335,1.7222222222222223,3.5833333333333335,1.9871794871794872,io_intensive,423000483,Round Robin,0.13492425434036112,0.21210573730666457,0.13887419234249787,0.12157744823893388,0.31668146970830213,0.7736051502145922
12.0,0.8,10.416666666666666,7.743055555555555,1.0,3.5,1.9166666666666667,3.3333333333333335,2.592,io_intensive,423000484,FCFS,0.11515753555353517,0.19693097573329651,0.13208978707694874,0.1222542242428167,0.3215706507507814,0.7902046783625731
12.0,1.2,11.25,14.520833333333334,1.0,3.4166666666666665,1.9097222222222223,3.6666666666666665,2.696296296296296,io_intensive,423000485,Round Robin,0.14012153614827041,0.24553571428571433,0.1847325196275315,0.1396454012373364,0.3854445264225768,0.7713607594936709
12.0,1.0909090909090908,11.916666666666666,8.57638888888889,1.0,2.8333333333333335,1.6388888888888888,3.6666666666666665,2.3776223776223775,io_intensive,423000486,SRTF,0.12604747697496432,0.23395736793327154,0.10606087239669512,0.10859186706399623,0.29594440659794735,0.7769230769230769
12.0,1.0909090909090908,10.333333333333334,16.22222222222222,1.0,2.5833333333333335,1.9097222222222223,3.3333333333333335,2.5725806451612905,io_intensive,423000487,SRTF,0.13620441235912129,0.34873680844259675,0.04833797424295162,0.11914181809064466,0.2669085460507406,0.8333333333333334
12.0,1.0,10.166666666666666,12.805555555555555,1.0,3.1666666666666665,1.8055555555555556,3.3333333333333335,2.680327868852459,io_intensive,423000488,Round Robin,0.12142486125919245,0.21723598010847647,0.14903591173582154,0.12052656513194834,0.38862196197962623,0.8164794007490637
12.0,1.3333333333333333,10.916666666666666,5.576388888888889,1.0,3.0833333333333335,3.4097222222222223,3.1666666666666665,2.1297709923664123,io_intensive,423000489,Round Robin,0.14474512020534883,0.2879274418210789,0.15694504692799116,0.11452154988769685,0.318219478080111,0.7953629032258065
12.0,1.5,10,9.5,1.0,3.5833333333333335,1.9097222222222223,3.25,2.6083333333333334,io_intensive,423000490,Round Robin,0.12641645658010034,0.28745680553707814,0.16664823499282413,0.09417549167927383,0.293500124704018,0.8164414414414414
12.0,1.0,11.833333333333334,16.63888888888889,1.0,2.6666666666666665,1.8888888888888888,3.75,2.507042253521127,io_intensive,423000491,SRTF,0.12947214692470949,0.23746669189410782,0.11056032543749718,0.12073839624549122,0.34042032386470955,0.7974137931034483
12.0,1.2,11.833333333333334,8.805555555555555,1.0,2.4166666666666665,1.9097222222222223,3.8333333333333335,2.5211267605633805,io_intensive,423000492,Round Robin,0.11428281157022394,0.21729202873833925,0.14480014223836196,0.10911736394914685,0.3095663970917521,0.7733160621761658
12.0,1.3333333333333333,12.666666666666666,10.222222222222221,1.0,2.75,1.6875,3.4166666666666665,2.414473684210526,io_intensive,423000493,FCFS,0.12532739852538194,0.2993028595776915,0.13890786238759253,0.13900914634146347,0.30771054825932875,0.782122905027933
12.0,1.0,9.916666666666666,12.07638888888889,1.0,2.4166666666666665,1.2430555555555556,3,2.361344537815126,io_intensive,423000494,SRTF,0.1478653344146025,0.23396434043381792,0.1056027403207982,0.10681818181818181,0.3867266898714434,0.7921974522292994
12.0,1.0909090909090908,12,23.333333333333332,1.0,2.9166666666666665,1.7430555555555556,3.5833333333333335,2.1944444444444446,io_intensive,423000495,Round Robin,0.1504978173074678,0.23178777045555699,0.11292118931477031,0.10938859002925157,0.33584501069180134,0.7874617737003058
12.0,0.75,11.5,13.083333333333334,1.0,3.0833333333333335,1.9097222222222223,3.4166666666666665,2.2318840579710146,io_intensive,423000496,SRTF,0.1292852403760971,0.22103033308969403,0.08219224377171848,0.12780256696526462,0.3873463573831513,0.7786624203821656
12.0,1.0909090909090908,14,11.5,1.0,2.8333333333333335,2.138888888888889,4.5,2.5535714285714284,io_intensive,423000497,Round Robin,0.11944195692133666,0.24875889497964312,0.11996979003844516,0.11417903728992312,0.36779672036378375,0.7811224489795918
12.0,1.5,11.5,8.416666666666666,1.0,2.4166666666666665,1.4097222222222223,3.5,2.3840579710144927,io_intensive,423000498,FCFS,0.11384507042253521,0.2528824508824509,0.12228811259797173,0.122255879599944,0.3079557982171029,0.786
12.0,0.9230769230769231,13.916666666666666,6.743055555555555,1.0,2.8333333333333335,1.3055555555555556,4.083333333333333,2.3532934131736525,io_intensive,423000499,Round Robin,0.1217552645095018,0.2195035174600377,0.16410861795925355,0.09704545454545457,0.29434624017957345,0.778954802259887
12.0,1.5,16.166666666666668,65.97222222222223,0.5,2.5833333333333335,1.0763888888888888,1.8333333333333333,0.7938144329896907,mixed,424000000,Round Robin,0.2974466121414622,0.17223779754232194,0.19560185185185186,0.14779582366589328,0.3203016241299304,0.757716049382716
12.0,0.8571428571428571,17.833333333333332,134.13888888888889,0.5833333333333334,3.75,1.8541666666666667,1.8333333333333333,0.6822429906542056,mixed,424000001,SRTF,0.40711747914639695,0.13596278043977655,0.1248541423570595,0.1500245941957698,0.44005741881273114,0.764585764294049
12.0,1.5,18.916666666666668,154.74305555555554,0.3333333333333333,3,2,1.0833333333333333,0.3524229074889868,mixed,424000002,SRTF,0.30032212420021537,0.13875084930920437,0.10806317539484621,0.14087216759298848,0.406541239309908,0.7537406483790523
12.0,1.0909090909090908,23.083333333333332,295.90972222222223,0.4166666666666667,2.6666666666666665,1.0555555555555556,1.1666666666666667,0.259927797833935,mixed,424000003,SRTF,0.4298487180014551,0.1521129653847489,0.1218346061534563,0.13619556285949053,0.38722267871815946,0.7537726358148893
12.0,1.0,16.416666666666668,136.07638888888889,0.6666666666666666,3,2.8333333333333335,2.3333333333333335,0.766497461928934,mixed,424000004,SRTF,0.30504769715075203,0.152103634820061,0.06807372175980975,0.1350053361792956,0.41462392356881206,0.7693222354340071
12.0,1.3333333333333333,18.083333333333332,131.74305555555554,0.6666666666666666,3.6666666666666665,1.5555555555555556,2.5833333333333335,0.8294930875576036,mixed,424000005,SRTF,0.36501168941833323,0.13236585236375614,0.11076280041797285,0.1487190620929223,0.4109215288279656,0.7703761755485894
12.0,2.0,20.833333333333332,221.97222222222223,0.5833333333333334,2.5,2.25,2.1666666666666665,0.736,mixed,424000006,SRTF,0.3559939727286052,0.13995911402695965,0.13098729227761485,0.1396484375,0.4489321326723445,0.7558651026392962
12.0,1.0909090909090908,14.75,104.6875,0.5833333333333334,3.1666666666666665,1.9722222222222223,2,0.807909604519774,mixed,424000007,Round Robin,0.3740518470241966,0.14510358309607843,0.15853658536585366,0.12775685852608926,0.3835024793020744,0.7605691056910568
12.0,1.3333333333333333,13,34.166666666666664,0.5833333333333334,2.6666666666666665,2.0555555555555554,1.75,0.7051282051282052,mixed,424000008,SRTF,0.3037534461533771,0.1531496062992126,0.11446409683864145,0.14205756929637525,0.3848449311882148,0.7586614173228347
12.0,0.9230769230769231,19,223,0.5,2.75,2.0208333333333335,1.5,0.4956140350877193,mixed,424000009,SRTF,0.36533129542462517,0.1526769213156978,0.12100926879505663,0.14366260712674786,0.44185283428096656,0.7579814624098867
12.0,1.0909090909090908,13.916666666666666,101.07638888888889,0.75,2.6666666666666665,2.7222222222222223,2.0833333333333335,0.9940119760479041,mixed,424000010,Round Robin,0.3444026501565937,0.16280796162464597,0.13537220443955755,0.12323707186030897,0.3148720805820237,0.7744630071599046
12.0,1.3333333333333333,21.583333333333332,157.90972222222223,0.25,2.9166666666666665,2.2430555555555554,0.9166666666666666,0.18532818532818532,mixed,424000011,Round Robin,0.2515555532233488,0.14730999146029036,0.1577269324384821,0.13766519823788542,0.3772037121697919,0.7538428693424424
12.0,1.3333333333333333,26.75,321.8541666666667,0.5,2.8333333333333335,1.1388888888888888,2.0833333333333335,0.4672897196261682,mixed,424000012,Round Robin,0.3935475381019058,0.16873339238263946,0.16216879665949638,0.14571428571428569,0.3511111111111111,0.7557573073516386
12.0,1.0909090909090908,17,132.83333333333334,0.5833333333333334,3.4166666666666665,0.9097222222222222,2,0.7401960784313726,mixed,424000013,SRTF,0.29137208910819934,0.13089996291428646,0.10050675675675677,0.14010592200288877,0.4534904149430596,0.7621058558558558
12.0,0.9230769230769231,24.916666666666668,258.90972222222223,0.4166666666666667,2.0833333333333335,2.2430555555555554,1.4166666666666667,0.3076923076923077,mixed,424000014,SRTF,0.39369375557158504,0.15845502383069943,0.11629629629629629,0.1432475884244373,0.3967884912806445,0.7542592592592592
12.0,0.75,18.916666666666668,135.90972222222223,0.5,3,1.6666666666666667,1.9166666666666667,0.5991189427312775,mixed,424000015,Round Robin,0.3595828896908831,0.1525885558583106,0.14394236348321096,0.1403585483165719,0.3724879742328809,0.760558583106267
12.0,1.5,25.583333333333332,272.40972222222223,0.5,3.0833333333333335,1.9097222222222223,2,0.44625407166123776,mixed,424000016,SRTF,0.3424312527506881,0.15016071586924398,0.09721203228173146,0.13819421890224098,0.3900842162659775,0.7536683785766691
12.0,1.7142857142857142,16.166666666666668,175.13888888888889,0.5833333333333334,3.4166666666666665,2.4097222222222223,1.5,0.6391752577319587,mixed,424000017,SRTF,0.32828148418454023,0.15894393529103334,0.07335404691626535,0.1337084673097535,0.48157796614457526,0.7578048780487805
12.0,1.5,19.75,156.02083333333334,0.4166666666666667,3.4166666666666665,2.2430555555555554,1.25,0.2911392405063291,mixed,424000018,Round Robin,0.3631484437674667,0.22507347288390916,0.24704703513909224,0.14395833333333333,0.4058814897709704,0.7646412884333822
12.0,1.0,15.833333333333334,54.80555555555556,0.4166666666666667,2.5,1.9166666666666667,1.5833333333333333,0.6736842105263158,mixed,424000019,Round Robin,0.2904347839634733,0.14449907297901682,0.16559202813599064,0.13590308370044052,0.3684423010709885,0.757913247362251
12.0,0.9230769230769231,14.833333333333334,46.47222222222222,0.5833333333333334,2.25,2.3541666666666665,1.9166666666666667,0.848314606741573,mixed,424000020,Round Robin,0.29350572004502734,0.17148027435273175,0.17211838006230532,0.1496265172735761,0.36636042121513424,0.7612928348909658
12.0,1.7142857142857142,17.25,91.02083333333333,0.5,2.5833333333333335,1.9097222222222223,1.8333333333333333,0.782608695652174,mixed,424000021,SRTF,0.36935580252080025,0.27684980128327913,0.13352507982143905,0.15198237885462557,0.3668571963858879,0.7540760869565217
12.0,1.0909090909090908,17.75,102.35416666666667,0.4166666666666667,3.4166666666666665,1.7430555555555556,1.4166666666666667,0.43661971830985913,mixed,424000022,SRTF,0.31629469866095905,0.16971780797352645,0.14733178654292345,0.14815689981096408,0.359799658879931,0.7621809744779582
12.0,2.0,13.166666666666666,15.472222222222221,0.5,2.6666666666666665,1.7222222222222223,1.8333333333333333,0.9177215189873418,mixed,424000023,Round Robin,0.23014291541646714,0.23598325439696677,0.25,0.13180933852140075,0.33831002399690313,0.7543520309477756
12.0,1.3333333333333333,19.166666666666668,117.63888888888889,0.5,2.5,1.4166666666666667,2.25,0.7478260869565218,mixed,424000024,SRTF,0.26954736474178537,0.16031719806463973,0.1172566371681416,0.14216258265266435,0.41651525931828737,0.7561455260570304
12.0,1.2,19.333333333333332,98.38888888888889,0.4166666666666667,3.3333333333333335,2.7222222222222223,1.5833333333333333,0.46120689655172414,mixed,424000025,Round Robin,0.3040464468545383,0.20571880523750016,0.1767605633802817,0.13768984812150278,0.32973621103117506,0.7591549295774648
12.0,1.7142857142857142,19.75,139.6875,0.4166666666666667,3.0833333333333335,3.076388888888889,1.6666666666666667,0.4641350210970464,mixed,424000026,Round Robin,0.34484226076762964,0.17632442791348374,0.17881327007315448,0.1513104013104013,0.38310305333742833,0.7539727582292849
12.0,2.0,20.166666666666668,176.30555555555554,0.3333333333333333,3.8333333333333335,2.3055555555555554,1.5,0.5,mixed,424000027,SRTF,0.41292970228590203,0.17856288582281493,0.1345509500796673,0.1594528378930175,0.436173738189914,0.7649907749077491
12.0,1.7142857142857142,17.666666666666668,86.38888888888889,0.75,2.75,2.3541666666666665,3,1.1886792452830188,mixed,424000028,Round Robin,0.27880861789077754,0.1905741768959127,0.1693679092382496,0.1290900941281936,0.36110899864833856,0.766612641815235
12.0,1.5,20.583333333333332,73.40972222222223,0.25,2.8333333333333335,1.1388888888888888,1.3333333333333333,0.3522267206477733,mixed,424000029,Round Robin,0.3242145059335137,0.1657303370786517,0.19254860268517096,0.1421957671957672,0.35475817597598713,0.7543215211754537
12.0,1.3333333333333333,18.666666666666668,232.72222222222223,0.6666666666666666,3.1666666666666665,1.9722222222222223,2.5,0.9241071428571429,mixed,424000030,SRTF,0.37042203195077655,0.16066390290886134,0.04391717088271758,0.14776470588235294,0.553175831202046,0.7608251633986929
12.0,1.7142857142857142,15.416666666666666,97.24305555555556,0.75,3.1666666666666665,2.3055555555555554,2.5,1.037837837837838,mixed,424000031,Round Robin,0.2918539126176786,0.1755514705882353,0.1753406954887218,0.13533834586466165,0.39051362171662923,0.7619485294117647
12.0,1.2,25,221.5,0.25,2.8333333333333335,2.138888888888889,1.5833333333333333,0.38,mixed,424000032,SRTF,0.28274723269994523,0.15564501521825433,0.12162162162162164,0.1351603861725319,0.41867679477875136,0.7571123755334281
12.0,0.8571428571428571,18.666666666666668,181.72222222222223,0.5,3.5833333333333335,1.9097222222222223,1.9166666666666667,0.5803571428571429,mixed,424000033,SRTF,0.3101463104941079,0.13328497212579848,0.11545316615622371,0.1384007029876977,0.4136091726658382,0.7612332695984704
12.0,0.9230769230769231,18.416666666666668,210.24305555555554,0.5,2.75,1.0208333333333333,1.75,0.5927601809954751,mixed,424000034,Round Robin,0.3748507547608057,0.1739460346080706,0.15942562592047127,0.13031233998975933,0.4360928796412668,0.7610456553755522
12.0,1.5,23.166666666666668,211.63888888888889,0.5833333333333334,2.75,2.1875,2.5833333333333335,0.7086330935251799,mixed,424000035,SRTF,0.30733099761762184,0.14922656960873523,0.13472831426653084,0.15259971509971512,0.42072476519407465,0.755459508644222
12.0,1.0,17.25,71.1875,0.5833333333333334,2.75,1.3541666666666667,2.3333333333333335,0.7874396135265701,mixed,424000036,Round Robin,0.3201245541794646,0.2045361728442557,0.16070194243870287,0.14117132867132864,0.40705333089813245,0.7526002971768202
12.0,1.3333333333333333,21.916666666666668,160.74305555555554,0.3333333333333333,3.3333333333333335,1.2222222222222223,1.4166666666666667,0.3916349809885932,mixed,424000037,Round Robin,0.3966618351927103,0.22615979381443305,0.2236487413886127,0.1416913946587537,0.3436298052155456,0.7686855670103092
12.0,1.0,20.416666666666668,174.57638888888889,0.5,3,1.6666666666666667,1.9166666666666667,0.6489795918367347,mixed,424000038,Round Robin,0.352360048424447,0.19031895702568818,0.16697158127595185,0.1381878361605296,0.3593412953191106,0.7685873605947955
12.0,1.0909090909090908,17.833333333333332,106.97222222222223,0.5,2.5,1.9166666666666667,1.6666666666666667,0.5186915887850467,mixed,424000039,Round Robin,0.347820435504676,0.17079985287460392,0.16828336670642566,0.1407876867360797,0.3977034138557246,0.7609707446808511
12.0,1.3333333333333333,15.083333333333334,116.07638888888889,0.6666666666666666,2.9166666666666665,2.4097222222222223,2.25,0.9392265193370166,mixed,424000040,SRTF,0.44498432452267206,0.16325918792960356,0.13001824817518248,0.14489795918367346,0.2931226979990631,0.7609489051094891
12.0,0.9230769230769231,16.666666666666668,90.72222222222223,0.5,2.8333333333333335,1.9722222222222223,1.75,0.67,mixed,424000041,Round Robin,0.37542399780684993,0.18592990617771654,0.16922115805381194,0.1442660550458716,0.3987975764884926,0.7528328611898016
12.0,1.7142857142857142,19.75,142.6875,0.4166666666666667,2.4166666666666665,1.5763888888888888,1.75,0.5654008438818565,mixed,424000042,Round Robin,0.28039871716843995,0.13367729831144465,0.13982477311230318,0.13243348982785602,0.4147268340339193,0.7596153846153846
12.0,0.9230769230769231,14.833333333333334,92.97222222222223,0.75,3.4166666666666665,1.5763888888888888,2.3333333333333335,1.247191011235955,mixed,424000043,SRTF,0.33093179692459673,0.1325425338385552,0.12456597222222221,0.12945368171021376,0.40652795344006737,0.7769097222222222
12.0,1.0909090909090908,15,136.66666666666666,0.75,3.1666666666666665,1.1388888888888888,2.5,1.0944444444444446,mixed,424000044,SRTF,0.3482125233069004,0.20391051985672182,0.09793252712721334,0.1306641837368094,0.3668068457775955,0.7830490405117271
12.0,1.0,23.5,172.08333333333334,0.3333333333333333,3.5833333333333335,1.4097222222222223,1.5,0.40425531914893614,mixed,424000045,SRTF,0.2902768618387742,0.15762462708673083,0.13320288908885639,0.13865260292616538,0.35209872032798956,0.7548646362098139
12.0,0.8571428571428571,23.75,142.35416666666666,0.25,2.4166666666666665,3.076388888888889,1.0833333333333333,0.23508771929824562,mixed,424000046,Round Robin,0.3586255894432197,0.20100826258695836,0.20240295341477546,0.14708547266686803,0.3660467439537207,0.7552415679124886
12.0,1.2,15.833333333333334,36.30555555555556,0.5,3,1.5,1.9166666666666667,0.9263157894736842,mixed,424000047,Round Robin,0.2729451920782755,0.208882029106318,0.20925925925925926,0.13785557986870894,0.3483283648091248,0.7625925925925926
12.0,0.9230769230769231,26.5,319.0833333333333,0.4166666666666667,2.75,2.0208333333333335,1.5,0.2893081761006289,mixed,424000048,Round Robin,0.43295302911067585,0.20951527564430789,0.1866373360938578,0.14070006863417986,0.31159917638984214,0.7526455026455026
12.0,1.2,18.5,184.75,0.5833333333333334,3,2.3333333333333335,2.1666666666666665,0.8063063063063063,mixed,424000049,SRTF,0.3513622519971867,0.21896010228744145,0.08442641461228244,0.14321926489226866,0.43186831153559774,0.7559288537549407
12.0,1.0909090909090908,19,200.16666666666666,0.5,2.6666666666666665,1.0555555555555556,1.4166666666666667,0.40789473684210525,mixed,424000050,Round Robin,0.48424567403634855,0.1828260473252909,0.19096197611864407,0.15238996687174633,0.3770214362690113,0.7579666160849772
12.0,0.9230769230769231,23.333333333333332,122.72222222222223,0.16666666666666666,3.1666666666666665,2.3055555555555554,1,0.16071428571428573,mixed,424000051,Round Robin,0.26492332093087023,0.1968090584397776,0.21510635297604527,0.15336198956094566,0.3146116478312255,0.7538531278331821
12.0,1.2,14.916666666666666,43.74305555555556,0.5,2.9166666666666665,2.576388888888889,1.6666666666666667,0.6424581005586593,mixed,424000052,SRTF,0.2909316546774086,0.19455778768031215,0.09874863982589771,0.1439929328621908,0.4014308967898149,0.7627856365614798
12.0,1.3333333333333333,14.833333333333334,42.30555555555556,0.4166666666666667,3.3333333333333335,0.7222222222222222,1,0.43820224719101125,mixed,424000053,SRTF,0.3422958546855868,0.18805728634253135,0.09723788049605413,0.1536351165980796,0.33802542621987064,0.7691657271702368
12.0,0.8,12.583333333333334,20.57638888888889,0.8333333333333334,3.4166666666666665,2.4097222222222223,2.6666666666666665,1.4635761589403973,mixed,424000054,Round Robin,0.16354550227480646,0.2129364679372171,0.20736296288492165,0.13056036972848065,0.31997378968531304,0.8092705167173252
12.0,1.2,22.083333333333332,127.07638888888889,0.4166666666666667,3.75,1.8541666666666667,1.8333333333333333,0.4528301886792453,mixed,424000055,Round Robin,0.3138723796256091,0.2188506386597192,0.22480714773947857,0.1630651595744681,0.3443821659690453,0.7630385487528344
12.0,0.8571428571428571,26.916666666666668,274.5763888888889,0.4166666666666667,3.4166666666666665,1.9097222222222223,1.5833333333333333,0.2724458204334365,mixed,424000056,SRTF,0.36306486718739495,0.1623582500633519,0.10512129380053908,0.1480421686746988,0.37785324892672995,0.7543800539083558
12.0,1.3333333333333333,14.833333333333334,97.63888888888889,0.6666666666666666,2.4166666666666665,1.7430555555555556,2,0.9550561797752809,mixed,424000057,SRTF,0.3141843064353893,0.1734247482446105,0.112094395280236,0.1403216860787576,0.3786622989462008,0.7621681415929203
12.0,0.9230769230769231,15,49.833333333333336,0.5833333333333334,2.8333333333333335,1.6388888888888888,2,0.75,mixed,424000058,Round Robin,0.27613974495622956,0.15785122063565177,0.18017740429505136,0.14145658263305322,0.3840295061675829,0.76
12.0,1.2,23.5,90.75,0.3333333333333333,3.5833333333333335,1.2430555555555556,1.9166666666666667,0.5035460992907801,mixed,424000059,Round Robin,0.2735855150926564,0.17147643202860421,0.14677293934681182,0.14427570093457945,0.3640512812284127,0.755054432348367
12.0,0.9230769230769231,18.916666666666668,109.40972222222223,0.5,2.5833333333333335,1.5763888888888888,2.4166666666666665,0.8546255506607929,mixed,424000060,Round Robin,0.3197501045486839,0.17950791675807787,0.17760798044371923,0.1499172870140612,0.35472205075493013,0.7611637347767253
12.0,1.3333333333333333,20.833333333333332,120.80555555555556,0.3333333333333333,2.3333333333333335,2.2222222222222223,1.4166666666666667,0.46,mixed,424000061,Round Robin,0.2882152828633207,0.19263893434182425,0.15255905511811022,0.14134718738803295,0.3678284629253605,0.7514763779527559
12.0,1.3333333333333333,13,125.83333333333333,0.75,3.5833333333333335,0.5763888888888888,2.1666666666666665,1.2820512820512822,mixed,424000062,Round Robin,0.3420514252258542,0.2631733796155281,0.18679760294227252,0.11358811040339703,0.41099841921023694,0.7848837209302326
12.0,0.75,15.583333333333334,85.07638888888889,0.6666666666666666,3.4166666666666665,1.4097222222222223,2.5,1.1925133689839573,mixed,424000063,SRTF,0.2561033077660177,0.16724991581825532,0.09743788819875775,0.11750911933298591,0.3724273337797271,0.7670807453416149
12.0,1.0,16.5,158.25,0.6666666666666666,2.25,1.5208333333333333,2.5,1.0757575757575757,mixed,424000064,SRTF,0.3092394548145241,0.11858070265806536,0.10557959630019954,0.14674894883112582,0.4373655826350769,0.7615819209039548
12.0,1.2,13.333333333333334,49.72222222222222,0.6666666666666666,3,1.5,2.25,1.075,mixed,424000065,Round Robin,0.2671531602606049,0.21978973848624245,0.1653840213565658,0.12982575375547245,0.34287179111353727,0.7634462151394422
12.0,2.4,13.666666666666666,59.55555555555556,0.5833333333333334,3.3333333333333335,2.5555555555555554,1.9166666666666667,0.9634146341463414,mixed,424000066,SRTF,0.34292423012912815,0.15542500155355776,0.12465940054495912,0.1485176738882554,0.4224852874225735,0.7649863760217983
12.0,0.9230769230769231,14.583333333333334,76.24305555555556,0.5833333333333334,2.9166666666666665,1.9097222222222223,2.0833333333333335,0.8857142857142857,mixed,424000067,SRTF,0.3321796924990475,0.16357844379326336,0.08695652173913043,0.14373947220662547,0.3875639081168551,0.77023988005997
12.0,0.75,13.5,168.08333333333334,0.75,3.4166666666666665,0.7430555555555556,2.0833333333333335,1.1604938271604939,mixed,424000068,SRTF,0.44617052023121384,0.23831879876988823,0.1154970760233918,0.12138728323699421,0.3207736717649793,0.7982456140350878
12.0,1.0,11.166666666666666,20.805555555555557,0.5833333333333334,1.8333333333333333,1.3055555555555556,1.6666666666666667,1.0895522388059702,mixed,424000069,Round Robin,0.35853957945955606,0.30654136459257003,0.22082228116710878,0.17769561313107574,0.399032503653813,0.7639257294429709
12.0,0.9230769230769231,17.75,132.02083333333334,0.5,3.4166666666666665,2.4097222222222223,1.8333333333333333,0.6431924882629108,mixed,424000070,Round Robin,0.3615010441348176,0.15362225097024582,0.14868453600266598,0.13604488078541377,0.39169088916148076,0.7616429495472186
12.0,1.0909090909090908,20.916666666666668,177.24305555555554,0.5,3.0833333333333335,2.576388888888889,1.9166666666666667,0.5617529880478087,mixed,424000071,SRTF,0.3414973289943538,0.15626119349523607,0.13676653961980048,0.14342001576044128,0.4087363779731751,0.7582859848484849
12.0,1.0,15.25,36.1875,0.4166666666666667,3.1666666666666665,1.6388888888888888,1.5,0.7486338797814208,mixed,424000072,Round Robin,0.25245263905325976,0.2320866484597184,0.15733736762481088,0.13048446069469835,0.32487594672238185,0.7560514372163389
12.0,1.5,12.666666666666666,78.22222222222223,0.5,3.1666666666666665,1.9722222222222223,1.1666666666666667,0.506578947368421,mixed,424000073,Round Robin,0.40884717927935066,0.2081274828935515,0.22348484848484848,0.14779270633397312,0.36336768830055916,0.7632575757575757
12.0,1.2,21.5,234.75,0.5,2.25,1.1875,1.8333333333333333,0.5193798449612403,mixed,424000074,Round Robin,0.37651319913427134,0.1980886045752658,0.17003477363231875,0.15472657905892329,0.38916084854197397,0.7566938300349244
12.0,2.0,22.583333333333332,117.07638888888889,0.4166666666666667,3.1666666666666665,1.9722222222222223,2.0833333333333335,0.5350553505535055,mixed,424000075,SRTF,0.26966923797956394,0.17774590416596026,0.15229791081394722,0.15480688666172535,0.34858323494687127,0.7575881870385561
12.0,1.0909090909090908,17.833333333333332,75.13888888888889,0.5,3,1.3333333333333333,2,0.8457943925233645,mixed,424000076,Round Robin,0.33457087215881653,0.21011001332356402,0.1514267185473411,0.1465895492620662,0.38053626927935114,0.7584306095979247
12.0,1.0,18.333333333333332,153.72222222222223,0.5,2.75,1.8541666666666667,1.9166666666666667,0.55,mixed,424000077,Round Robin,0.3603908422151092,0.17439438615143765,0.17892830338286153,0.14639222941720628,0.36692217994737447,0.7651617250673854
12.0,0.8,24.833333333333332,251.47222222222223,0.5,2.75,1.6875,2.1666666666666665,0.43288590604026844,mixed,424000078,Round Robin,0.4411308859552768,0.22505716358269962,0.18823288669591157,0.16283998587071707,0.36250626931941304,0.7645381984036488
12.0,1.2,20.833333333333332,187.63888888888889,0.4166666666666667,3.25,1.6875,1.5,0.324,mixed,424000079,SRTF,0.3815050815296047,0.16399930245892358,0.1407654053967131,0.16088709677419355,0.38136847533619933,0.7622133599202392
12.0,1.0909090909090908,19.666666666666668,185.22222222222223,0.5833333333333334,2.8333333333333335,2.138888888888889,2,0.5423728813559322,mixed,424000080,Round Robin,0.40492403654939096,0.20048889030956543,0.1692200218094014,0.15051825146462372,0.34982359846269956,0.7650462962962963
12.0,1.0909090909090908,11.5,30.583333333333332,0.8333333333333334,2.4166666666666665,1.7430555555555556,2.8333333333333335,1.6304347826086956,mixed,424000081,SRTF,0.201157074803685,0.18322927291763086,0.11023203348996816,0.11983749290204213,0.3597409791157793,0.7777149321266968
12.0,1.7142857142857142,16.583333333333332,117.74305555555556,0.6666666666666666,2.75,1.5208333333333333,2.3333333333333335,0.7487437185929648,mixed,424000082,Round Robin,0.366697124205503,0.16355576646780656,0.15322258679293477,0.14779220779220778,0.37253776883493867,0.7598335854765507
12.0,0.9230769230769231,16.25,103.35416666666667,0.5,3,1.6666666666666667,1.75,0.6974358974358974,mixed,424000083,Round Robin,0.3551727072184432,0.16797772410091252,0.1657608695652174,0.15530864197530864,0.35750098441155354,0.7597049689440993
12.0,1.0,19.416666666666668,72.74305555555556,0.16666666666666666,2.4166666666666665,2.076388888888889,1,0.37339055793991416,mixed,424000084,Round Robin,0.2350252026132441,0.15492021276595744,0.18274411866459092,0.1400696864111498,0.385504554795929,0.7535460992907801
12.0,1.0909090909090908,20,133.5,0.5,3.1666666666666665,1.4722222222222223,2.1666666666666665,0.65,mixed,424000085,SJF,0.30346004316937075,0.1163017982799062,0.12596747094634195,0.14433927921368767,0.39913261641692654,0.7593823299452698
12.0,1.0,24.416666666666668,230.07638888888889,0.3333333333333333,3,1.5,1.3333333333333333,0.2935153583617747,mixed,424000086,Round Robin,0.365688960873927,0.14761130892267652,0.14190514009089397,0.14149076517150394,0.376262640711371,0.7592662632375189
12.0,0.8571428571428571,20.166666666666668,149.80555555555554,0.5833333333333334,2.75,1.0208333333333333,2.25,0.6900826446280992,mixed,424000087,Round Robin,0.3281049204820101,0.1485393313242751,0.14710884353741496,0.14002380007933357,0.42525240911009754,0.7610544217687074
12.0,1.0909090909090908,21.083333333333332,245.74305555555554,0.5,2.9166666666666665,1.9097222222222223,2,0.5968379446640316,mixed,424000088,Round Robin,0.38749487771244573,0.1896607190164074,0.15342676564273927,0.15034965034965034,0.37368501356390627,0.7629674306393245
12.0,1.0,20.833333333333332,177.47222222222223,0.4166666666666667,2.3333333333333335,2.5555555555555554,1.6666666666666667,0.576,mixed,424000089,Round Robin,0.39233428754305216,0.1902085363026299,0.1836260507560875,0.1336104513064133,0.386579276422514,0.7511792452830188
12.0,0.8,16.166666666666668,110.13888888888889,0.5,3,1.8333333333333333,2.1666666666666665,0.9072164948453608,mixed,424000090,Round Robin,0.3109290187369754,0.17714560359578405,0.1832971534094258,0.13677730192719484,0.3924003284954928,0.7724770642201835
12.0,1.0909090909090908,14.916666666666666,73.40972222222223,0.6666666666666666,2.5,1.5833333333333333,1.9166666666666667,0.8268156424581006,mixed,424000091,Round Robin,0.3974272165910702,0.21871570615819083,0.2146910550851082,0.13481524249422633,0.3961699151632595,0.7662037037037037
12.0,1.0909090909090908,19.416666666666668,179.40972222222223,0.4166666666666667,2.8333333333333335,2.3055555555555554,1.5,0.39914163090128757,mixed,424000092,SRTF,0.3057670456737298,0.11890370455517879,0.10433029667519864,0.14610673665791776,0.44922469704453627,0.7585158150851581
12.0,2.4,17.166666666666668,167.63888888888889,0.5833333333333334,3.1666666666666665,1.6388888888888888,2,0.558252427184466,mixed,424000093,SJF,0.3709872691793203,0.12451487710219919,0.13782133282193884,0.14047252182845404,0.40263575474572605,0.7639068564036222
12.0,1.7142857142857142,21,90,0.25,2.6666666666666665,2.2222222222222223,0.8333333333333334,0.17857142857142858,mixed,424000094,Round Robin,0.30676064057845687,0.17368640533778149,0.1579779284201089,0.1416343669250646,0.34845648976346644,0.7520850708924103
12.0,0.75,20.333333333333332,62.72222222222222,0.25,3.3333333333333335,1.0555555555555556,1.5,0.5081967213114754,mixed,424000095,Round Robin,0.31402033970608556,0.19468611155719717,0.20615866388308976,0.1405448717948718,0.3110360842659317,0.7609603340292276
12.0,1.2,18.833333333333332,164.97222222222223,0.5,3.8333333333333335,2.9722222222222223,1.5833333333333333,0.4557522123893805,mixed,424000096,Round Robin,0.4530596365200122,0.22777445184464568,0.20697074010327024,0.1356731272917758,0.3310134034342396,0.7689328743545611
12.0,2.0,28.083333333333332,214.57638888888889,0.16666666666666666,3.0833333333333335,2.076388888888889,0.75,0.08011869436201781,mixed,424000097,Round Robin,0.3002604721884933,0.17963442853517922,0.1698916815919494,0.14877341070957534,0.3213532049591137,0.7546604527296937
12.0,1.3333333333333333,21.583333333333332,202.40972222222223,0.3333333333333333,3.4166666666666665,2.2430555555555554,1.25,0.28957528957528955,mixed,424000098,SRTF,0.3364386375225766,0.1216330204102563,0.11262471220260935,0.1457153642884107,0.3927582161477584,0.7555640828856485
12.0,1.3333333333333333,13,79.33333333333333,0.4166666666666667,3.5,1.4166666666666667,1.0833333333333333,0.5192307692307693,mixed,424000099,SJF,0.3616052945414257,0.1333075734157651,0.13992440454959776,0.15576923076923074,0.4103769037979564,0.768160741885626
12.0,1.3333333333333333,14.25,60.854166666666664,0.5833333333333334,3.25,2.5208333333333335,1.8333333333333333,0.7368421052631579,mixed,424000100,Round Robin,0.32217594370914615,0.16684809076363175,0.15085812779118118,0.1360471344402785,0.3584205864180533,0.7626811594202898
12.0,1.0,22.25,224.85416666666666,0.4166666666666667,3.0833333333333335,2.4097222222222223,1.5833333333333333,0.46441947565543074,mixed,424000101,Round Robin,0.38879035857633665,0.1900161918515601,0.1662648221343873,0.14474202441906261,0.3872587632926349,0.7663888888888889
12.0,1.2,18.083333333333332,98.90972222222223,0.5,3.0833333333333335,1.7430555555555556,1.75,0.5023041474654378,mixed,424000102,SRTF,0.3280062200488077,0.15981946916571954,0.12299176883928417,0.13990729034976826,0.38819279184375854,0.7618343195266273
12.0,1.3333333333333333,15.583333333333334,61.076388888888886,0.4166666666666667,3.8333333333333335,1.3055555555555556,1.1666666666666667,0.40106951871657753,mixed,424000103,SJF,0.3344101066085778,0.137231461014516,0.15429234338747103,0.15042573320719016,0.39694768157234184,0.7630510440835268
12.0,1.3333333333333333,18.333333333333332,189.38888888888889,0.5,3.1666666666666665,1.9722222222222223,1.5,0.4681818181818182,mixed,424000104,Round Robin,0.4359609622662285,0.17736999141742996,0.18436578171091447,0.15569744597249507,0.3924305048032168,0.7706489675516224
12.0,1.0909090909090908,15.75,43.020833333333336,0.6666666666666666,3.25,1.8541666666666667,2.9166666666666665,1.2116402116402116,mixed,424000105,Round Robin,0.19912132178617553,0.14528795811518325,0.14890354781975557,0.1316810344827586,0.36568008998207147,0.7650523560209423
12.0,1.0909090909090908,15.166666666666666,98.97222222222223,0.6666666666666666,3,2.3333333333333335,2.3333333333333335,1.054945054945055,mixed,424000106,Round Robin,0.2706356826374487,0.14896108001222286,0.12268847795163584,0.11944912872400225,0.4065071569379235,0.7617354196301565
12.0,1.0909090909090908,21.166666666666668,148.30555555555554,0.3333333333333333,3.1666666666666665,1.6388888888888888,1.3333333333333333,0.21653543307086615,mixed,424000107,SRTF,0.3172285159776379,0.14447345517841603,0.14091507001681275,0.1426420775310501,0.366969978160278,0.7597911227154047
12.0,1.3333333333333333,20,111.33333333333333,0.5833333333333334,3.1666666666666665,2.3055555555555554,2.1666666666666665,0.7333333333333333,mixed,424000108,Round Robin,0.3091538840434412,0.20384598198356435,0.15777634961439588,0.1356404136833731,0.3406586910573254,0.7567480719794344
12.0,1.3333333333333333,18.916666666666668,167.57638888888889,0.5,3.9166666666666665,1.7430555555555556,1.9166666666666667,0.6960352422907489,mixed,424000109,Round Robin,0.3027270100682638,0.15952980780625253,0.14876033057851237,0.13220260223048327,0.41035948612009054,0.7591499409681228
12.0,1.5,18.333333333333332,226.55555555555554,0.6666666666666666,2.5833333333333335,1.7430555555555556,2.25,0.85,mixed,424000110,SRTF,0.33593775853060925,0.10379558574343895,0.08191126279863481,0.12893377172381398,0.5239860799210961,0.7568259385665529
12.0,1.7142857142857142,22.916666666666668,213.74305555555554,0.25,3.0833333333333335,1.9097222222222223,0.9166666666666666,0.3018181818181818,mixed,424000111,Round Robin,0.3556827147868564,0.17214048467454574,0.15068807339449541,0.14323374340949035,0.3625005201980914,0.7559633027522936
12.0,1.2,12.416666666666666,59.74305555555556,0.75,3.0833333333333335,0.9097222222222222,2,1.0738255033557047,mixed,424000112,SRTF,0.37725308095708343,0.22687535840234394,0.04692691029900333,0.15408805031446537,0.4324909857384458,0.7724252491694352
12.0,1.2,22.916666666666668,149.90972222222223,0.25,2.5833333333333335,1.7430555555555556,1.1666666666666667,0.2545454545454545,mixed,424000113,Round Robin,0.27144120040270486,0.17286556701701014,0.16411287557346,0.13287626509957556,0.36617370922090714,0.752019748653501
12.0,1.3333333333333333,24.916666666666668,232.24305555555554,0.25,2.5,2.4166666666666665,1.1666666666666667,0.1806020066889632,mixed,424000114,Round Robin,0.30350985582761547,0.17344240125486962,0.1744565074279569,0.14699112134166392,0.333689575797435,0.7546491969568893
12.0,1.3333333333333333,18.75,93.02083333333333,0.4166666666666667,2.75,1.3541666666666667,1.75,0.6044444444444445,mixed,424000115,Round Robin,0.31877495150667257,0.18379446640316208,0.21860575458168288,0.1373425436814303,0.33146633808672443,0.7588932806324111
12.0,1.0,14.666666666666666,41.05555555555556,0.6666666666666666,2.4166666666666665,2.2430555555555554,2.5833333333333335,1.1818181818181819,mixed,424000116,Round Robin,0.2604109211497795,0.18397612346519038,0.1761460101867572,0.15340364333652923,0.40670223242714043,0.7678268251273345
12.0,1.3333333333333333,20.666666666666668,217.05555555555554,0.4166666666666667,2.75,0.8541666666666666,1.75,0.5161290322580645,mixed,424000117,SRTF,0.32042752650038964,0.1870004891031808,0.14070154588996872,0.14225765841376417,0.3601552664708351,0.7585034013605443
12.0,1.3333333333333333,13.083333333333334,47.90972222222222,0.5833333333333334,2.6666666666666665,1.2222222222222223,1.6666666666666667,0.821656050955414,mixed,424000118,Round Robin,0.3066375118353972,0.17742356850699342,0.17647058823529413,0.13091671659676452,0.4111210466505788,0.7533206831119544
12.0,1.5,23.833333333333332,294.80555555555554,0.4166666666666667,2.75,2.5208333333333335,1.6666666666666667,0.3356643356643357,mixed,424000119,SRTF,0.28601267317815915,0.13315305115386744,0.11216887417218542,0.125,0.4173050139275766,0.7576572847682119
12.0,1.2,16.083333333333332,104.40972222222223,0.6666666666666666,2.0833333333333335,1.0763888888888888,2.5,1.0259067357512954,mixed,424000120,Round Robin,0.27345483253108616,0.20374015748031496,0.19978423955933028,0.12844488188976377,0.37841268387963134,0.7706692913385826
12.0,0.8571428571428571,16.75,70.35416666666667,0.3333333333333333,3.3333333333333335,1.5555555555555556,0.75,0.2736318407960199,mixed,424000121,Round Robin,0.2878864448632913,0.15558060879368657,0.17788418907897519,0.13807260155574763,0.38506567383835305,0.7629650507328072
12.0,0.75,11.833333333333334,26.47222222222222,0.6666666666666666,3.0833333333333335,1.5763888888888888,2.1666666666666665,1.4014084507042253,mixed,424000122,Round Robin,0.28196688226493094,0.14037991105311634,0.14835164835164832,0.11356932153392332,0.3401103640975046,0.7818681318681319
12.0,0.9230769230769231,19.75,82.02083333333333,0.3333333333333333,3.3333333333333335,1.5555555555555556,1.6666666666666667,0.5654008438818565,mixed,424000123,Round Robin,0.2819320164157802,0.17224388374863844,0.16823214715632348,0.13097949886104784,0.33969793934152287,0.7672764227642277
12.0,1.3333333333333333,21.083333333333332,225.40972222222223,0.5,2.8333333333333335,1.9722222222222223,1.9166666666666667,0.5454545454545454,mixed,424000124,SJF,0.35843696221814414,0.12669562716216928,0.1399222176160703,0.1506359300476947,0.44564894564894564,0.7595753538717736
12.0,1.0909090909090908,21.333333333333332,220.38888888888889,0.4166666666666667,2.4166666666666665,1.2430555555555556,1.4166666666666667,0.31640625,mixed,424000125,SRTF,0.35168341347558685,0.1396653090200253,0.0931383402266895,0.1415674222051479,0.4472054128740425,0.7515396458814473
12.0,0.9230769230769231,22.916666666666668,167.40972222222223,0.16666666666666666,2.6666666666666665,1.3888888888888888,0.75,0.1709090909090909,mixed,424000126,Round Robin,0.31823752150443724,0.1581694003457589,0.15020426084427596,0.14292379471228617,0.35046656298600315,0.7525370804059328
12.0,1.0,20.083333333333332,146.40972222222223,0.3333333333333333,3.25,2.1875,1,0.2697095435684647,mixed,424000127,Round Robin,0.32634257450269843,0.1589716684155299,0.1807777022359956,0.1467324290998767,0.36775585696670776,0.7631164742917104
12.0,2.0,19.166666666666668,177.97222222222223,0.3333333333333333,3.1666666666666665,1.6388888888888888,1.25,0.3347826086956522,mixed,424000128,SRTF,0.3892381765625111,0.2304235531728156,0.10865752166255346,0.15455381784728608,0.3791158642483902,0.757183908045977
12.0,0.9230769230769231,24.333333333333332,156.88888888888889,0.3333333333333333,4.083333333333333,1.4097222222222223,1.75,0.4897260273972603,mixed,424000129,SRTF,0.3578258953550891,0.1903923173456553,0.1193524096385542,0.15018541409147093,0.3904327800341397,0.7580948795180723
12.0,1.0,17.833333333333332,82.80555555555556,0.3333333333333333,3.5,2.5833333333333335,1.3333333333333333,0.5887850467289719,mixed,424000130,Round Robin,0.3563337062427671,0.2308447014041883,0.17543827844048418,0.15051911589779848,0.3561710452579843,0.7682054616384916
12.0,1.0,18.75,132.52083333333334,0.5,3.4166666666666665,1.7430555555555556,1.75,0.5688888888888889,mixed,424000131,SRTF,0.36489439324116746,0.18128625643805907,0.1426470588235294,0.1509216589861751,0.4189167015779919,0.7608823529411765
12.0,1.5,15.916666666666666,63.90972222222222,0.4166666666666667,2.8333333333333335,1.8055555555555556,1.75,0.7591623036649214,mixed,424000132,SRTF,0.308677763625513,0.19163210063518615,0.1332317073170732,0.13577386468952735,0.39263492278197454,0.7594512195121952
12.0,1.3333333333333333,19.25,178.85416666666666,0.3333333333333333,3.4166666666666665,0.7430555555555556,1.25,0.33766233766233766,mixed,424000133,SJF,0.29559867828051173,0.11465579837444077,0.11850764111278132,0.13784461152882205,0.4390575312609481,0.7608326253186066
12.0,1.2,16.666666666666668,217.72222222222223,0.6666666666666666,2.9166666666666665,1.9097222222222223,2.0833333333333335,0.855,mixed,424000134,SRTF,0.33430876469413934,0.1233890255107556,0.10989016051404625,0.14305008917040773,0.43782957778995474,0.7660523186682521
12.0,1.0,17,68.16666666666667,0.5833333333333334,2.6666666666666665,1.7222222222222223,2.5,0.8872549019607843,mixed,424000135,Round Robin,0.30345813275455125,0.15146301659753603,0.17368968682786531,0.14297658862876256,0.36634832187380806,0.7630834512022631
12.0,0.8571428571428571,17.833333333333332,133.80555555555554,0.4166666666666667,3.4166666666666665,1.4097222222222223,1.25,0.40654205607476634,mixed,424000136,Round Robin,0.39422544014438604,0.15903348775835105,0.15797546012269942,0.14507520621057737,0.43091985852700304,0.7644171779141105
12.0,1.7142857142857142,17.833333333333332,89.30555555555556,0.3333333333333333,2.6666666666666665,1.7222222222222223,0.8333333333333334,0.24299065420560748,mixed,424000137,SRTF,0.35429942909291723,0.15148609779482267,0.1387469972232029,0.1448712709440131,0.3416755927905989,0.7576701821668265
12.0,0.9230769230769231,18.416666666666668,151.24305555555554,0.5833333333333334,3.0833333333333335,1.7430555555555556,2.1666666666666665,0.8144796380090498,mixed,424000138,SRTF,0.3835755596960604,0.18461632078233986,0.07823129251700679,0.1554990757855823,0.45300097079567136,0.7548590864917395
12.0,1.3333333333333333,19.833333333333332,294.47222222222223,0.6666666666666666,3.25,1.6875,2,0.5840336134453782,mixed,424000139,SRTF,0.41527772117853207,0.11792439768824298,0.11231101511879048,0.14296081277213352,0.44090772873906325,0.7653887688984882
12.0,1.5,20.916666666666668,172.74305555555554,0.5833333333333334,3.75,1.5208333333333333,2.1666666666666665,0.6892430278884463,mixed,424000140,SRTF,0.34495241273155974,0.1789695120223666,0.11844809866392603,0.13264083100279667,0.3975973584097229,0.7643884892086331
12.0,0.75,18,96.83333333333333,0.6666666666666666,3.3333333333333335,2.0555555555555554,2.5,0.8564814814814815,mixed,424000141,Round Robin,0.3658809390166898,0.23143792643894875,0.26222887658719934,0.13384159254553155,0.35812825945583887,0.7692307692307692
12.0,1.0909090909090908,14.583333333333334,130.07638888888889,0.5,4.25,0.8541666666666666,1.4166666666666667,0.5771428571428572,mixed,424000142,SRTF,0.3253164190801205,0.10992549867820235,0.10555555555555557,0.12157534246575344,0.46875048941577696,0.762280701754386
12.0,1.7142857142857142,25.25,112.85416666666667,0.16666666666666666,2.4166666666666665,1.7430555555555556,1.25,0.26732673267326734,mixed,424000143,Round Robin,0.29962004008618487,0.2055892547660312,0.2104864057761411,0.1305570433851098,0.3015532940546331,0.7534662045060658
12.0,1.5,13.75,83.6875,0.5833333333333334,2.8333333333333335,2.138888888888889,1.75,0.6909090909090909,mixed,424000144,SJF,0.23176933045258283,0.13032739256225212,0.13041651901724544,0.13791481236618242,0.38632762752555666,0.7663194444444444
12.0,1.0,12.166666666666666,62.638888888888886,0.75,2.3333333333333335,1.5555555555555556,2.25,1.178082191780822,mixed,424000145,SRTF,0.26831152904546557,0.17696307976796066,0.11864338404794836,0.12048611111111113,0.435820514867646,0.7707468879668049
12.0,2.0,23.916666666666668,231.07638888888889,0.4166666666666667,3.5,2.4166666666666665,2,0.4843205574912892,mixed,424000146,Round Robin,0.28858679543148247,0.16324473347532428,0.15398075240594927,0.14427701186277656,0.38939898378063,0.7563429571303587
12.0,0.8,22.083333333333332,230.90972222222223,0.5,3.8333333333333335,0.9722222222222222,1.9166666666666667,0.5169811320754717,mixed,424000147,SRTF,0.4449204800870869,0.1933676834706199,0.06828291814946617,0.14911929543634908,0.4189377005177891,0.7540035587188612
12.0,1.7142857142857142,15,140.5,0.75,3.0833333333333335,1.7430555555555556,2.0833333333333335,0.8777777777777778,mixed,424000148,SRTF,0.30712534289864757,0.08132530120481928,0.0674351346611384,0.1287009063444109,0.5115997595212215,0.7571193866374589
12.0,1.3333333333333333,19.75,91.1875,0.3333333333333333,3.3333333333333335,1.8888888888888888,1.3333333333333333,0.35864978902953587,mixed,424000149,Round Robin,0.24619525354792207,0.14227205841651752,0.15078671328671328,0.1417263475310969,0.39730789993016385,0.7593968531468531
12.0,0.7058823529411765,20.083333333333332,240.24305555555554,0.5,3.75,2.0208333333333335,1.9166666666666667,0.4854771784232365,mixed,424000150,SRTF,0.33670057372844286,0.09504055701913193,0.0949968902228004,0.1296763345943674,0.5124679348022623,0.7568069306930694
12.0,1.5,12.916666666666666,41.576388888888886,0.75,3.0833333333333335,2.4097222222222223,2.25,1.2451612903225806,mixed,424000151,SRTF,0.2907163027636474,0.17981007431874485,0.127604389675784,0.13069476082004555,0.33399772209567197,0.7650375939849624
12.0,0.9230769230769231,23.666666666666668,169.72222222222223,0.3333333333333333,3.25,1.8541666666666667,1.25,0.2746478873239437,mixed,424000152,SRTF,0.3123489599847257,0.1630394546767786,0.12030541970576619,0.14743589743589744,0.3659850987657165,0.760387323943662
12.0,1.5,13,81.83333333333333,0.5833333333333334,3.4166666666666665,1.0763888888888888,1.75,0.9102564102564102,mixed,424000153,SRTF,0.36584287424527706,0.16047446284202277,0.12020033388981637,0.15013315579227698,0.4705820676010141,0.763355592654424
12.0,1.5,15,134.83333333333334,0.75,3.25,2.1875,2.0833333333333335,0.9,mixed,424000154,Round Robin,0.3494649313060089,0.15994581952377593,0.15769777807280952,0.1128834355828221,0.3612883862066613,0.7729885057471264
12.0,1.2,19.75,206.1875,0.5,3.1666666666666665,1.9722222222222223,1.5,0.510548523206751,mixed,424000155,Round Robin,0.4126717129339774,0.1453698648306836,0.14906103286384975,0.133377135348226,0.38885238720981163,0.755575117370892
12.0,1.3333333333333333,16.25,89.1875,0.5833333333333334,2.75,2.6875,1.75,0.6307692307692307,mixed,424000156,Round Robin,0.3189128263650176,0.18152303597650518,0.16260175552308656,0.15187032418952617,0.4382071781330986,0.7646842878120411
12.0,0.8571428571428571,21.75,139.35416666666666,0.25,3.4166666666666665,2.076388888888889,0.9166666666666666,0.210727969348659,mixed,424000157,Round Robin,0.3157575092745084,0.18600745997672372,0.1785019455252918,0.13884866039102098,0.31933381607530775,0.7563229571984436
12.0,1.2,15.083333333333334,190.24305555555554,0.6666666666666666,3,2,1.6666666666666667,0.6850828729281768,mixed,424000158,SRTF,0.6486996217411899,0.328430161291104,0.08782015850097546,0.15011119347664936,0.42642698295033366,0.7554466230936819
12.0,1.3333333333333333,13.416666666666666,25.07638888888889,0.5833333333333334,3,1,1.9166666666666667,0.9006211180124224,mixed,424000159,Round Robin,0.2416878790154983,0.25465196856059175,0.2580394190871369,0.12319835131005415,0.29551855326449317,0.7596590909090909
12.0,1.0909090909090908,18.5,94.58333333333333,0.5833333333333334,3.25,1.6875,2.25,0.6531531531531531,mixed,424000160,Round Robin,0.29937930771541005,0.16976246980436616,0.1782002231787024,0.14644607843137253,0.3710025407640367,0.7603658536585366
12.0,1.2,15,149,0.75,2.75,1.6875,2.3333333333333335,0.8944444444444445,mixed,424000161,SRTF,0.2557356359615985,0.0965854069302345,0.07797930464923271,0.11385836385836387,0.46896730805489456,0.7626616379310345
12.0,1.0,14.416666666666666,40.74305555555556,0.75,2.75,2.3541666666666665,2.8333333333333335,1.329479768786127,mixed,424000162,Round Robin,0.21933090386927448,0.2104627109417528,0.15306785214995108,0.12145748987854249,0.3477618083670715,0.7679640718562875
12.0,1.2,12.666666666666666,29.72222222222222,0.5,3.0833333333333335,2.576388888888889,1.3333333333333333,0.7368421052631579,mixed,424000163,Round Robin,0.28738793887226133,0.23559561059986836,0.18411214953271027,0.14379271070615035,0.3937045608457909,0.7724299065420561
12.0,0.9230769230769231,15.166666666666666,87.97222222222223,0.6666666666666666,2.5,2.0833333333333335,2.0833333333333335,0.7967032967032966,mixed,424000164,SRTF,0.4173578199052133,0.17872800654145732,0.12254901960784313,0.16113744075829384,0.33002491140464124,0.7708333333333333
12.0,3.0,20.916666666666668,234.07638888888889,0.5,2.3333333333333335,1.3888888888888888,1.75,0.4940239043824701,mixed,424000165,Round Robin,0.38340245252026434,0.1671691217654307,0.1653761061946903,0.14409282700421938,0.45312297959329995,0.7577433628318584
12.0,3.0,15,77.83333333333333,0.5,3.1666666666666665,2.8055555555555554,1.5833333333333333,0.5944444444444444,mixed,424000166,SJF,0.3570512266319765,0.13541239858446283,0.1443771353999175,0.1412611717974181,0.4059933062611389,0.7604042806183116
12.0,1.2,21.666666666666668,200.22222222222223,0.5833333333333334,2.75,2.3541666666666665,2.0833333333333335,0.5307692307692308,mixed,424000167,Round Robin,0.3202035260456473,0.13710407239819003,0.1349621550020551,0.12951209837366126,0.3960166513770185,0.7574660633484163
12.0,1.2,27.083333333333332,177.90972222222223,0.16666666666666666,3.4166666666666665,1.7430555555555556,1.1666666666666667,0.15692307692307692,mixed,424000168,Round Robin,0.24393808129608283,0.14390386869871047,0.15248889808604038,0.1412649040953862,0.36572717606935795,0.7527842907385698
12.0,0.8571428571428571,17.25,196.85416666666666,0.5833333333333334,3.4166666666666665,1.5763888888888888,2,0.8695652173913043,mixed,424000169,SRTF,0.35330515116288436,0.13131468223587656,0.11730341509862996,0.13312202852614896,0.39345160292963255,0.7632311977715878
12.0,1.0909090909090908,13,51.166666666666664,0.8333333333333334,2.5833333333333335,1.9097222222222223,2.8333333333333335,1.3461538461538463,mixed,424000170,SRTF,0.2782764766580616,0.21344468979272033,0.09269934221580552,0.11565053425518543,0.34497323085313575,0.7693069306930693
12.0,1.3333333333333333,20.583333333333332,165.40972222222223,0.5833333333333334,3.5,0.9166666666666666,2.0833333333333335,0.6072874493927125,mixed,424000171,SRTF,0.3236370459538222,0.14504187229083718,0.13909011672894986,0.14582516660133282,0.41667828326969264,0.7612725450901804
12.0,0.8571428571428571,15.916666666666666,178.40972222222223,0.6666666666666666,3.9166666666666665,0.7430555555555556,1.9166666666666667,0.7539267015706806,mixed,424000172,SRTF,0.37024746421665045,0.12473098488255134,0.10141843971631208,0.12393422655298417,0.4793437514448848,0.7666666666666666
12.0,1.2,15.416666666666666,139.57638888888889,0.5833333333333334,3.4166666666666665,1.2430555555555556,1.8333333333333333,0.7081081081081081,mixed,424000173,Round Robin,0.40963909957593825,0.17022895650762912,0.15941385435168737,0.14868179031269158,0.35147148988350707,0.7704262877442274
12.0,1.7142857142857142,15.833333333333334,43.47222222222222,0.5833333333333334,2.75,2.3541666666666665,2.5833333333333335,0.9210526315789473,mixed,424000174,SRTF,0.25955076929182913,0.16256819033667508,0.11574697173620459,0.14628244610646723,0.334191551601408,0.7577388963660834
12.0,1.0909090909090908,22.416666666666668,257.90972222222223,0.4166666666666667,2.4166666666666665,2.4097222222222223,1.4166666666666667,0.3159851301115242,mixed,424000175,SRTF,0.39065687940917976,0.19135760274675626,0.11378205128205127,0.14558383233532934,0.4016615190623759,0.758613782051282
12.0,1.7142857142857142,16.583333333333332,62.90972222222222,0.6666666666666666,2.8333333333333335,2.3055555555555554,2.3333333333333335,1.0,mixed,424000176,Round Robin,0.3012819594000779,0.17933993115448285,0.15050495542352438,0.14136837335749888,0.3453836464505072,0.7580985915492957
12.0,1.2,17.75,119.85416666666667,0.4166666666666667,3.25,2.0208333333333335,1.6666666666666667,0.6338028169014085,mixed,424000177,Round Robin,0.41751148199649346,0.17888480019463537,0.1647825023925806,0.16048780487804878,0.40091020578033676,0.7621571072319202
12.0,1.0909090909090908,19.833333333333332,109.13888888888889,0.3333333333333333,2.5,2.25,1.4166666666666667,0.44537815126050423,mixed,424000178,Round Robin,0.332597256121012,0.19087803329567207,0.1663720634297136,0.14882066641707226,0.31888805690752525,0.755464480874317
12.0,1.0909090909090908,14.833333333333334,56.138888888888886,0.6666666666666666,3.4166666666666665,1.4097222222222223,2.25,0.9382022471910112,mixed,424000179,Round Robin,0.33247610530188926,0.1895300124005536,0.15137089199944956,0.14764936336924583,0.3530878224845091,0.7523328149300155
12.0,1.0909090909090908,14.166666666666666,35.97222222222222,0.8333333333333334,3.1666666666666665,1.6388888888888888,3.25,1.7647058823529411,mixed,424000180,SRTF,0.26160186999205415,0.14671163658245742,0.10305642633228841,0.12032770097286227,0.36512805141276805,0.7601880877742946
12.0,1.5,16.083333333333332,133.07638888888889,0.4166666666666667,3.25,1.0208333333333333,1.3333333333333333,0.47668393782383417,mixed,424000181,SJF,0.367399952103106,0.13024142312579412,0.14405763891151438,0.1472934472934473,0.4415933364209227,0.7573062261753494
12.0,1.3333333333333333,13.75,35.6875,0.75,3,2.3333333333333335,2.75,1.309090909090909,mixed,424000182,Round Robin,0.32197295806872855,0.24349398226351351,0.19625984909188035,0.15170940170940173,0.40907696538884664,0.76611328125
12.0,1.0,15.166666666666666,66.47222222222223,0.5833333333333334,2.5833333333333335,1.4097222222222223,1.5833333333333333,0.5989010989010989,mixed,424000183,Round Robin,0.2977907847640042,0.16247789875302437,0.17091049382716048,0.1434673366834171,0.38242510254291906,0.7584876543209876
12.0,1.2,12.583333333333334,41.576388888888886,0.75,3,2.6666666666666665,2.4166666666666665,1.218543046357616,mixed,424000184,Round Robin,0.20268495664831337,0.16375545851528384,0.17644716579119463,0.11714975845410626,0.3785560343478136,0.777292576419214
12.0,0.631578947368421,18.833333333333332,182.13888888888889,0.5,3,1.8333333333333333,1.5,0.36283185840707965,mixed,424000185,SRTF,0.3433655532719677,0.11597049996681799,0.09987889091649055,0.14174800354924577,0.4287237458346207,0.7573868882733148
12.0,1.5,19.916666666666668,193.24305555555554,0.5,2.8333333333333335,1.1388888888888888,1.5,0.39330543933054396,mixed,424000186,SRTF,0.4084788390842185,0.1673253330813569,0.1252398752455032,0.1503157894736842,0.44229721054842397,0.7549371633752244
12.0,1.0,21.583333333333332,176.24305555555554,0.3333333333333333,3,2.1666666666666665,1.6666666666666667,0.4980694980694981,mixed,424000187,Round Robin,0.24173870654671267,0.1325159824945695,0.1291195767846398,0.12893419170243203,0.42442089067256794,0.7568937550689376
12.0,0.8,20.5,156.41666666666666,0.3333333333333333,3.1666666666666665,1.8055555555555556,0.9166666666666666,0.17479674796747968,mixed,424000188,SRTF,0.34695915582037884,0.21456858166854506,0.10064935064935066,0.13749542292200656,0.36735627975100693,0.759090909090909
12.0,1.0909090909090908,14.583333333333334,70.40972222222223,0.75,3.0833333333333335,1.7430555555555556,2.8333333333333335,1.2685714285714285,mixed,424000189,Round Robin,0.2930864447465078,0.17043121149897333,0.16855192758191864,0.14732394366197182,0.38265612107503666,0.7618069815195072
12.0,1.5,17.666666666666668,92.22222222222223,0.4166666666666667,3.3333333333333335,1.8888888888888888,1.4166666666666667,0.5141509433962265,mixed,424000190,SRTF,0.2979687526962192,0.16136906707086718,0.09973821989528794,0.13700752545374062,0.40851622234614854,0.757068062827225
12.0,1.0909090909090908,15,103.83333333333333,0.5833333333333334,3,2.5,1.6666666666666667,0.6833333333333333,mixed,424000191,SRTF,0.3269951472625909,0.17033685634847642,0.10067155977142364,0.1452195252479177,0.35075057736720555,0.75
12.0,1.0,14.833333333333334,96.13888888888889,0.5833333333333334,3.3333333333333335,1.7222222222222223,2.1666666666666665,0.9157303370786517,mixed,424000192,Round Robin,0.42200365009765994,0.22239033937516894,0.1543340380549683,0.15173836181496758,0.38478477132477673,0.7811839323467231
12.0,1.2,17.083333333333332,174.57638888888889,0.6666666666666666,2.6666666666666665,2.0555555555555554,2.0833333333333335,0.8341463414634146,mixed,424000193,SJF,0.45195897061167334,0.12451103127283855,0.12699191308568195,0.14655632674853175,0.4572092198158098,0.7581148564294632
12.0,1.0,17.416666666666668,59.24305555555556,0.4166666666666667,2.6666666666666665,1.8888888888888888,1.5833333333333333,0.6267942583732058,mixed,424000194,Round Robin,0.32969463811471744,0.22201410244463082,0.25,0.1393877551020408,0.35019492588043294,0.762937595129376
12.0,1.3333333333333333,15.5,77.08333333333333,0.5833333333333334,2.4166666666666665,1.7430555555555556,2,0.8010752688172043,mixed,424000195,Round Robin,0.2546526973764285,0.13860294117647062,0.15728898719507028,0.13094666025949062,0.39926074779510623,0.7628676470588236
12.0,2.0,13.333333333333334,51.72222222222222,0.5833333333333334,3.0833333333333335,1.2430555555555556,1.6666666666666667,0.71875,mixed,424000196,Round Robin,0.3563342927404859,0.18288363063453522,0.18635748760306273,0.1494782074892572,0.3545067630993022,0.7594810379241517
12.0,1.0,20.5,135.91666666666666,0.5,2.1666666666666665,1.1388888888888888,2,0.6097560975609756,mixed,424000197,Round Robin,0.28818734612807145,0.19315215461010102,0.19451685614634232,0.13776091081593927,0.34591378081247787,0.7605067985166873
12.0,1.5,17.25,97.6875,0.3333333333333333,2.4166666666666665,1.4097222222222223,0.9166666666666666,0.30917874396135264,mixed,424000198,Round Robin,0.38527363909746937,0.19203434250806198,0.20813002230297506,0.15002333177788146,0.38008108399426677,0.7545931758530184
12.0,1.3333333333333333,17.583333333333332,149.07638888888889,0.5833333333333334,3.5,1.5833333333333333,1.75,0.5308056872037915,mixed,424000199,Round Robin,0.3152831336324297,0.14489886702453122,0.1547361313593387,0.1342013019529294,0.40338015681373457,0.7579750346740638
12.0,0.9230769230769231,23.666666666666668,172.05555555555554,0.3333333333333333,2.9166666666666665,2.576388888888889,1.4166666666666667,0.31690140845070425,mixed,424000200,Round Robin,0.3439377267430761,0.18997868527775158,0.1729934924078091,0.14069565217391303,0.3363483055286733,0.753524945770065
12.0,1.5,16.333333333333332,101.72222222222223,0.5833333333333334,3,3.5,1.9166666666666667,0.8469387755102041,mixed,424000201,SRTF,0.34722982894013255,0.13882839331018604,0.1303053819321109,0.14844533600802406,0.4605624076694823,0.7635054021608643
12.0,1.2,16.416666666666668,147.24305555555554,0.5,3.6666666666666665,2.2222222222222223,1.5,0.5583756345177665,mixed,424000202,Round Robin,0.43253895839276335,0.23350328747108243,0.17178956183694727,0.14397905759162305,0.4107944517132574,0.7664728682170543
12.0,1.0909090909090908,18.583333333333332,177.24305555555554,0.3333333333333333,3.1666666666666665,1.8055555555555556,1,0.21973094170403587,mixed,424000203,SJF,0.39426423142884504,0.13389216708581245,0.13686131386861317,0.14282352941176468,0.39743471047253204,0.7591240875912408
12.0,1.5,21.083333333333332,279.5763888888889,0.4166666666666667,2.25,1.0208333333333333,1.6666666666666667,0.2964426877470356,mixed,424000204,SRTF,0.32377523287601484,0.13072273786952482,0.10819366341738193,0.14096437880104257,0.43978000808308354,0.7518315018315018
12.0,0.75,18.333333333333332,159.88888888888889,0.4166666666666667,3.0833333333333335,1.9097222222222223,1.4166666666666667,0.5045454545454545,mixed,424000205,Round Robin,0.4634879812073469,0.20889762698099915,0.1843320830356434,0.16301816488122964,0.33582133836121963,0.7680288461538461
12.0,1.5,15.25,74.85416666666667,0.3333333333333333,2.9166666666666665,1.7430555555555556,1.0833333333333333,0.366120218579235,mixed,424000206,Round Robin,0.3102496138963778,0.15217391304347827,0.16802724331668456,0.13959143968871598,0.3473518076881953,0.7559006211180124
12.0,0.9230769230769231,11.083333333333334,32.74305555555556,0.75,2.75,2.1875,2.0833333333333335,1.4285714285714286,mixed,424000207,Round Robin,0.2630143718018785,0.2995118260289785,0.13869257950530034,0.12616916615168064,0.3357710495710758,0.7879858657243817
12.0,1.7142857142857142,23.083333333333332,196.74305555555554,0.4166666666666667,3.1666666666666665,1.9722222222222223,1.9166666666666667,0.49458483754512633,mixed,424000208,Round Robin,0.3339224083410129,0.22909499470827296,0.25023912835240664,0.14527972027972025,0.2998251748251748,0.7610479797979798
12.0,1.3333333333333333,22.25,200.52083333333334,0.25,2.5833333333333335,1.7430555555555556,1.0833333333333333,0.21348314606741572,mixed,424000209,Round Robin,0.2808629797928356,0.20000000000000004,0.19956840708999782,0.14472211861245807,0.28785900783289814,0.7523668639053254
12.0,1.0,9.083333333333334,12.743055555555555,0.9166666666666666,3.5,1.75,2.4166666666666665,1.651376146788991,mixed,424000210,SRTF,0.14653475033738192,0.1948882113821138,0.07821356275303644,0.108502024291498,0.3534144479516915,0.796474358974359
12.0,0.8571428571428571,19.5,103.91666666666667,0.3333333333333333,3.4166666666666665,1.5763888888888888,1.3333333333333333,0.452991452991453,mixed,424000211,SRTF,0.3767446075359592,0.2016500523902449,0.1278747513128518,0.15844155844155844,0.4054558092710045,0.7564766839378239
12.0,1.0909090909090908,15.666666666666666,63.22222222222222,0.5833333333333334,3.25,0.8541666666666666,2,0.9361702127659575,mixed,424000212,Round Robin,0.26517899024997504,0.18948557860785112,0.16102507705477376,0.1417841579189845,0.42091194521048636,0.768503937007874
12.0,1.3333333333333333,19.166666666666668,107.30555555555556,0.3333333333333333,3.4166666666666665,1.9097222222222223,1.3333333333333333,0.43043478260869567,mixed,424000213,Round Robin,0.3801342614100448,0.22055676236541144,0.23095964564211108,0.15164104694640632,0.3129414208558372,0.7562776957163959
12.0,1.0909090909090908,14.166666666666666,116.80555555555556,0.75,3.5,1.5833333333333333,2.0833333333333335,0.9411764705882353,mixed,424000214,SRTF,0.34403740046646564,0.1400085091378444,0.10836038961038962,0.12260180015732197,0.4701498661036233,0.7784090909090908
12.0,0.9230769230769231,19.416666666666668,214.07638888888889,0.5,2.25,1.5208333333333333,2.0833333333333335,0.6223175965665236,mixed,424000215,Round Robin,0.38381814347652,0.20039458768474575,0.16230769230769232,0.13954611298889424,0.35983783520488455,0.7692307692307692
12.0,1.3333333333333333,11.333333333333334,31.72222222222222,0.8333333333333334,3.4166666666666665,2.7430555555555554,2.4166666666666665,1.4926470588235294,mixed,424000216,Round Robin,0.2987565955229099,0.25,0.16453143914417034,0.14104115219026298,0.36096811221926545,0.8048561151079137
12.0,1.0909090909090908,15.666666666666666,104.22222222222223,0.6666666666666666,3.3333333333333335,1.5555555555555556,2,0.8138297872340425,mixed,424000217,SRTF,0.3917256123070669,0.19760184424810714,0.1467391304347826,0.15013404825737264,0.32265415549597853,0.7717391304347826
12.0,1.3333333333333333,15.583333333333334,107.07638888888889,0.5833333333333334,2.8333333333333335,1.6388888888888888,1.3333333333333333,0.48128342245989303,mixed,424000218,SRTF,0.35710992023928206,0.17250955466932533,0.12009803921568626,0.1403954802259887,0.45465203618431793,0.7555147058823529
12.0,0.8,20.416666666666668,63.40972222222222,0.5,3.25,1.8541666666666667,2.5833333333333335,0.9551020408163265,mixed,424000219,Round Robin,0.26305777497922905,0.18547213067030457,0.1819898169512708,0.13354037267080746,0.37478440222594184,0.7575512405609492
12.0,1.3333333333333333,18,179.5,0.5833333333333334,3.5833333333333335,1.7430555555555556,2,0.8055555555555556,mixed,424000220,SRTF,0.3964935129241163,0.20933265602406825,0.08806818181818181,0.1418676244227809,0.44103413874707087,0.7659801136363636
12.0,1.2,19.083333333333332,180.24305555555554,0.5833333333333334,2.6666666666666665,2.7222222222222223,2.3333333333333335,0.8995633187772926,mixed,424000221,SRTF,0.35316941763147197,0.16950246190569263,0.11222660315924564,0.14705882352941177,0.372647555253849,0.7592137592137592
12.0,0.8571428571428571,21.166666666666668,186.63888888888889,0.4166666666666667,3.0833333333333335,1.4097222222222223,1.25,0.3188976377952756,mixed,424000222,Round Robin,0.33402872743952805,0.14521300283647565,0.14701345777378638,0.1419205553413035,0.3969329573887826,0.7595171773444753
12.0,1.3333333333333333,14.5,36.416666666666664,0.4166666666666667,3.3333333333333335,1.8888888888888888,1.4166666666666667,0.47126436781609193,mixed,424000223,Round Robin,0.1992897870866786,0.15676795580110497,0.1772654516286301,0.13200194836824158,0.35631702279923544,0.7634668508287292
12.0,2.0,20.083333333333332,166.24305555555554,0.4166666666666667,2.6666666666666665,2.5555555555555554,1.4166666666666667,0.44813278008298757,mixed,424000224,SRTF,0.29445542425016297,0.12979014598540148,0.12654276546975748,0.13943268078306031,0.37544946064722334,0.7534215328467153
12.0,1.2,18.333333333333332,88.88888888888889,0.5,3.1666666666666665,1.9722222222222223,2,0.6954545454545454,mixed,424000225,Round Robin,0.33875295481417655,0.1996763065244189,0.20488266968214722,0.15502734539335294,0.341880338560639,0.7591587516960652
12.0,1.2,17.25,109.52083333333333,0.4166666666666667,2.75,1.8541666666666667,1.5833333333333333,0.6280193236714976,mixed,424000226,SRTF,0.37602296245037253,0.17901528189835517,0.10285374554102261,0.1453154875717017,0.38695028680688337,0.7630796670630202
12.0,1.5,19.25,113.6875,0.3333333333333333,3,1.5,1.4166666666666667,0.43722943722943725,mixed,424000227,SRTF,0.3480533523815451,0.13185101102203559,0.1243611584327087,0.13538873994638068,0.4258183337944855,0.7506388415672913
12.0,0.9230769230769231,16.916666666666668,194.74305555555554,0.6666666666666666,3.5833333333333335,0.4097222222222222,2.5833333333333335,0.8522167487684729,mixed,424000228,SRTF,0.32619415927247924,0.1339941262848752,0.1081372892836726,0.126226826608506,0.414909104912445,0.7595447870778267
12.0,1.5,17.666666666666668,99.22222222222223,0.3333333333333333,2.5,1.75,1.0833333333333333,0.3584905660377358,mixed,424000229,SJF,0.3234936206564151,0.13807847082494967,0.15999662676988635,0.14258635214827298,0.3800127943129451,0.755281690140845
12.0,1.0909090909090908,25.916666666666668,230.24305555555554,0.4166666666666667,3.0833333333333335,1.4097222222222223,1.6666666666666667,0.3504823151125402,mixed,424000230,SRTF,0.3436317053953752,0.17687377573267196,0.12436686981987147,0.14137181874612043,0.3347299813780261,0.7554559625876851
12.0,0.9230769230769231,13.833333333333334,46.97222222222222,0.5833333333333334,2.6666666666666665,2.2222222222222223,1.75,0.927710843373494,mixed,424000231,SRTF,0.2783772159910435,0.23684280017419584,0.13675213675213677,0.1420515574650913,0.411114370620531,0.764102564102564
12.0,1.2,16.5,49.25,0.3333333333333333,2.8333333333333335,2.638888888888889,0.9166666666666666,0.3686868686868687,mixed,424000232,Round Robin,0.3393493527360819,0.20629821464243625,0.16626936829559,0.1551669178854041,0.36341262508280747,0.75
12.0,1.5,24.416666666666668,142.24305555555554,0.3333333333333333,3.0833333333333335,2.2430555555555554,1.75,0.4129692832764505,mixed,424000233,Round Robin,0.3201503244597282,0.16848321152184612,0.15527838033261027,0.1474005227998838,0.3695749310921849,0.7552422270426609
12.0,1.3333333333333333,20.416666666666668,206.74305555555554,0.3333333333333333,3.0833333333333335,1.4097222222222223,0.9166666666666666,0.23265306122448978,mixed,424000234,SRTF,0.36390669867775144,0.14286571877314175,0.11538477382658868,0.16404405979543668,0.45615745483504894,0.7550866616428034
12.0,1.0,17.916666666666668,68.90972222222223,0.3333333333333333,3.5,2.0833333333333335,1.4166666666666667,0.5627906976744186,mixed,424000235,SRTF,0.25266216742857234,0.13568519373517982,0.12465181058495822,0.13118617439120192,0.38841829563556285,0.7641597028783658
12.0,1.2,16.25,86.02083333333333,0.5833333333333334,3.4166666666666665,2.4097222222222223,1.9166666666666667,0.9282051282051282,mixed,424000236,Round Robin,0.34072687845728883,0.2311579779766649,0.21673189823874758,0.14040599323344607,0.3671400228044082,0.7627201565557731
12.0,1.0,14.833333333333334,141.30555555555554,0.6666666666666666,2.9166666666666665,2.076388888888889,1.8333333333333333,0.6460674157303371,mixed,424000237,SRTF,0.3692634359594234,0.17026178173044082,0.05292942743009321,0.1464334705075446,0.48827752398277596,0.7663115845539281
12.0,1.5,16.416666666666668,287.5763888888889,0.6666666666666666,3.1666666666666665,1.9722222222222223,1.75,0.6954314720812182,mixed,424000238,SRTF,0.5572651449211078,0.18260309015942083,0.04238524911120505,0.15962777380100213,0.6174369102048808,0.7586206896551724
12.0,1.0,15.75,61.854166666666664,0.5833333333333334,2.6666666666666665,1.5555555555555556,2,0.8941798941798942,mixed,424000239,Round Robin,0.2965251232889657,0.1755089049272917,0.14942938659058486,0.12358722358722357,0.36488891684674807,0.761055634807418
12.0,0.8,17.75,168.6875,0.5833333333333334,3.3333333333333335,1.7222222222222223,1.6666666666666667,0.5446009389671361,mixed,424000240,SRTF,0.49514044605493795,0.2643080844224103,0.1240660131521502,0.14971006852925672,0.36734409777133487,0.7652259332023575
12.0,1.5,19.75,135.02083333333334,0.5,3,2.1666666666666665,1.75,0.46835443037974683,mixed,424000241,Round Robin,0.2853333289963104,0.14937349678874426,0.1505055515103869,0.1370618353682552,0.3829017277092771,0.7554027504911591
12.0,1.7142857142857142,18.083333333333332,161.07638888888889,0.5833333333333334,3,1.8333333333333333,2,0.7096774193548387,mixed,424000242,SRTF,0.34496818530576506,0.12062035504695562,0.09289617486338798,0.13263920325939338,0.3948619284744228,0.7527322404371585
12.0,1.2,21.583333333333332,201.90972222222223,0.5,2.8333333333333335,2.138888888888889,2.1666666666666665,0.6023166023166023,mixed,424000243,SRTF,0.3872748035567898,0.14919601240751978,0.126596490026629,0.15899403239556692,0.3565643648763853,0.7618434603501545
12.0,1.0,17,149.83333333333334,0.4166666666666667,3.0833333333333335,2.576388888888889,1.25,0.44607843137254904,mixed,424000244,Round Robin,0.3673142450960879,0.1966551553578239,0.15613026819923373,0.14282178217821784,0.4288450631897045,0.766602809706258
12.0,1.0909090909090908,25.083333333333332,276.74305555555554,0.4166666666666667,3.25,2.3541666666666665,1.5833333333333333,0.31893687707641194,mixed,424000245,Round Robin,0.4078903139169666,0.2004146228732898,0.14956795758664854,0.14932126696832582,0.3786659407988163,0.7606032045240338
12.0,1.0,14.5,80.58333333333333,0.6666666666666666,2.3333333333333335,0.8888888888888888,2.0833333333333335,0.8735632183908046,mixed,424000246,Round Robin,0.35296769871552147,0.17789473684210527,0.18355895997225039,0.1372929768073653,0.34780705482362945,0.7668421052631579
12.0,2.4,19,203.16666666666666,0.5,2.5833333333333335,2.4097222222222223,1.9166666666666667,0.793859649122807,mixed,424000247,SRTF,0.35253869169301155,0.13081628060503267,0.12350088126814578,0.14183248496066636,0.49787410565218654,0.759784735812133
12.0,0.8571428571428571,14.5,108.08333333333333,0.5,3.3333333333333335,1.8888888888888888,1.5833333333333333,0.7528735632183908,mixed,424000248,SRTF,0.24735764872569843,0.20056795091132024,0.12200797872340426,0.13423575860124082,0.43736784240183263,0.7669547872340425
12.0,1.2,15.25,185.6875,0.6666666666666666,3,1.8333333333333333,2.0833333333333335,0.7704918032786885,mixed,424000249,SJF,0.3007230108073404,0.09839357429718874,0.11875879044149439,0.1285120893514198,0.45471908804159994,0.7707496653279786
12.0,1.0909090909090908,17.166666666666668,140.30555555555554,0.5833333333333334,2.75,2.1875,2.0833333333333335,0.6504854368932039,mixed,424000250,SRTF,0.3249501073089354,0.16469782431304755,0.09557945041816009,0.13077731092436976,0.4015231092436975,0.759557945041816
12.0,1.0909090909090908,19.416666666666668,266.0763888888889,0.75,2.4166666666666665,0.5763888888888888,2.4166666666666665,0.8326180257510729,mixed,424000251,SRTF,0.4620355874860571,0.2750485408917437,0.08802816901408449,0.13160569105691056,0.5048507808097883,0.7535211267605634
12.0,1.3333333333333333,20.916666666666668,189.40972222222223,0.5,2.9166666666666665,1.2430555555555556,1.8333333333333333,0.5577689243027888,mixed,424000252,Round Robin,0.40218382440252237,0.18742177722152686,0.1913850646641635,0.15780141843971632,0.3469267139479905,0.7575093867334168
12.0,1.0,18.333333333333332,73.72222222222223,0.3333333333333333,2.5833333333333335,1.5763888888888888,1.1666666666666667,0.5045454545454545,mixed,424000253,SRTF,0.3066555843414801,0.17901256539472754,0.1388700121409499,0.14499819429396896,0.389443455819323,0.7547216699801194
12.0,0.8571428571428571,18.333333333333332,145.55555555555554,0.5,2.6666666666666665,1.5555555555555556,1.75,0.6681818181818182,mixed,424000254,Round Robin,0.43073740328297283,0.2272333537637677,0.23287843932390845,0.14600742804085423,0.40927014086458013,0.7634168157423971
12.0,0.9230769230769231,17.083333333333332,110.24305555555556,0.3333333333333333,3.0833333333333335,1.5763888888888888,1,0.2634146341463415,mixed,424000255,Round Robin,0.3521787538595068,0.2135885704184101,0.16576447855859022,0.16441169473365885,0.3138401559454191,0.7711678832116788
12.0,1.3333333333333333,17.166666666666668,145.63888888888889,0.4166666666666667,2.4166666666666665,2.076388888888889,1.0833333333333333,0.3106796116504854,mixed,424000256,Round Robin,0.5236649953441701,0.17889149915279612,0.18431673753341213,0.14956830878618588,0.4331725304490668,0.7541106128550075
12.0,0.8571428571428571,18.416666666666668,156.40972222222223,0.5,2.75,2.5208333333333335,1.6666666666666667,0.6199095022624435,mixed,424000257,SRTF,0.4238772944646356,0.13192802490043734,0.10959244532803182,0.1422039323273891,0.4247312087569167,0.75720675944334
12.0,1.0909090909090908,15.666666666666666,121.88888888888889,0.5,2.3333333333333335,1.8888888888888888,1.4166666666666667,0.6702127659574468,mixed,424000258,Round Robin,0.43095086168905433,0.20370930458625547,0.19851485148514852,0.13395375070501975,0.4037557430693027,0.7618811881188119
12.0,1.0,16.5,117.75,0.5833333333333334,3.1666666666666665,2.4722222222222223,2,0.6919191919191919,mixed,424000259,Round Robin,0.3320625024436762,0.25,0.25020840830034785,0.1496221662468514,0.2823122825956579,0.7702380952380952
12.0,1.0,15.416666666666666,122.07638888888889,0.6666666666666666,2.75,1.1875,2.6666666666666665,1.2378378378378379,mixed,424000260,SRTF,0.32127217054544893,0.13128070233669675,0.123046875,0.1261285183218269,0.41176652657550805,0.7671875
12.0,1.3333333333333333,22.083333333333332,298.5763888888889,0.4166666666666667,3.3333333333333335,1.8888888888888888,1.1666666666666667,0.2679245283018868,mixed,424000261,SJF,0.38188766924584494,0.10017241379310343,0.10436410826844643,0.14150537634408603,0.4749706744868035,0.758448275862069
12.0,1.2,14.25,64.35416666666667,0.5833333333333334,3.25,2.3541666666666665,1.6666666666666667,0.5730994152046783,mixed,424000262,SRTF,0.3404894002141617,0.26303068382233674,0.13688212927756654,0.14106145251396646,0.38931428096142456,0.7694866920152091
12.0,1.3333333333333333,19,176,0.5,4.083333333333333,1.4097222222222223,2.1666666666666665,0.706140350877193,mixed,424000263,SRTF,0.2622523644868472,0.11522388076356277,0.10810810810810811,0.1340122199592668,0.4238238686547373,0.7692465192465192
12.0,0.8571428571428571,19.666666666666668,149.38888888888889,0.5833333333333334,3.0833333333333335,2.076388888888889,2.4166666666666665,0.7033898305084746,mixed,424000264,Round Robin,0.3346810068356922,0.22728976279386254,0.18226524515182008,0.13559322033898302,0.36913541631248625,0.7684748427672956
12.0,1.0,18,110.33333333333333,0.4166666666666667,3.0833333333333335,2.076388888888889,1.8333333333333333,0.6990740740740741,mixed,424000265,Round Robin,0.33300257553039453,0.16329255722572128,0.15706650831353916,0.14873563218390806,0.3932676518883415,0.7586104513064134
12.0,1.3333333333333333,15,193.5,0.6666666666666666,2.9166666666666665,2.2430555555555554,2.1666666666666665,0.8722222222222222,mixed,424000266,SRTF,0.3956656204717997,0.10844656273835121,0.08363937828570932,0.147911051212938,0.5282272950243498,0.7663252240717029
12.0,0.8571428571428571,14.583333333333334,19.743055555555557,0.5,4,1.3333333333333333,1.9166666666666667,0.9542857142857143,mixed,424000267,Round Robin,0.2601225270222131,0.2215543874248123,0.20421903052064633,0.12323585873709468,0.3416754825763271,0.7675044883303411
12.0,1.0909090909090908,19.333333333333332,111.05555555555556,0.5,3.1666666666666665,2.138888888888889,2.1666666666666665,0.7456896551724138,mixed,424000268,Round Robin,0.37126039799281263,0.16891891891891891,0.19215444813054375,0.15079681274900397,0.3368525896414342,0.7702702702702703
12.0,1.5,16,130.5,0.5833333333333334,3.5833333333333335,2.076388888888889,1.75,0.703125,mixed,424000269,SRTF,0.3420956177729951,0.15341001128410978,0.10382685069008785,0.13320568927789933,0.41326564275683586,0.7641154328732748
12.0,1.0909090909090908,24.916666666666668,200.07638888888889,0.25,2.6666666666666665,1.5555555555555556,1.4166666666666667,0.3177257525083612,mixed,424000270,Round Robin,0.30810373271971425,0.15391905767247044,0.15909389105137806,0.14244971480036023,0.389897928549985,0.75055720653789
12.0,0.9230769230769231,18.833333333333332,63.638888888888886,0.4166666666666667,2.75,2.6875,1.8333333333333333,0.668141592920354,mixed,424000271,Round Robin,0.2580433715644522,0.15638811852280934,0.16577669902912623,0.14799853103195004,0.37983912636714073,0.7575242718446602
12.0,1.5,25.833333333333332,212.30555555555554,0.4166666666666667,3.1666666666666665,1.9722222222222223,1.9166666666666667,0.38387096774193546,mixed,424000272,Round Robin,0.315508899121123,0.18033793345190652,0.18460826422931842,0.1378023290534488,0.3945410977651613,0.7552173913043478
12.0,1.2,23.583333333333332,141.07638888888889,0.4166666666666667,3.5,2.4166666666666665,1.6666666666666667,0.43109540636042404,mixed,424000273,Round Robin,0.29731366819075516,0.20120417891926873,0.18218336483931946,0.1371750704666458,0.3598582889686107,0.7613421550094518
12.0,1.0909090909090908,15.833333333333334,79.80555555555556,0.5,2.6666666666666665,2.2222222222222223,1.8333333333333333,0.7157894736842105,mixed,424000274,SJF,0.27178250428740425,0.1407394048110675,0.15704464751518823,0.14787701317715962,0.3544411908247926,0.7596551724137931
12.0,1.3333333333333333,14.5,54.083333333333336,0.5,3.5,1.5833333333333333,1.3333333333333333,0.5977011494252874,mixed,424000275,Round Robin,0.2766179757065017,0.1717365832413703,0.15548780487804878,0.15050388543942356,0.41615328528964574,0.7781165311653117
12.0,1.5,16.583333333333332,104.57638888888889,0.3333333333333333,2.5833333333333335,2.076388888888889,1.0833333333333333,0.4371859296482412,mixed,424000276,Round Robin,0.4029724885425101,0.17333240196738195,0.18001392757660165,0.15009794319294806,0.38729203418717184,0.7587047353760445
12.0,1.0,15.5,113.25,0.6666666666666666,2.8333333333333335,1.3055555555555556,2.0833333333333335,0.8064516129032258,mixed,424000277,SRTF,0.3085282826832687,0.13966371396439392,0.09161443300972864,0.15289056485980115,0.40710078185041443,0.75
12.0,1.0,17.166666666666668,55.47222222222222,0.4166666666666667,2.75,1.8541666666666667,1.4166666666666667,0.470873786407767,mixed,424000278,Round Robin,0.3654264743368197,0.1761483536810951,0.15363302412336566,0.14466292134831463,0.32624398073836275,0.7599889012208657
12.0,0.9230769230769231,15.25,78.35416666666667,0.4166666666666667,3.5833333333333335,2.576388888888889,1.3333333333333333,0.5027322404371585,mixed,424000279,SRTF,0.34197275656011084,0.1600282507180181,0.14410621761658032,0.15236051502145923,0.42044540024908045,0.7626295336787565
12.0,1.7142857142857142,19.916666666666668,149.90972222222223,0.5833333333333334,3.5833333333333335,1.4097222222222223,2.0833333333333335,0.7364016736401674,mixed,424000280,SRTF,0.36818222754253355,0.19283387852568673,0.058570198105081836,0.1482205709816191,0.49379584388487524,0.7555986218776917
12.0,1.3333333333333333,23.833333333333332,128.30555555555554,0.3333333333333333,2.6666666666666665,1.8888888888888888,1.6666666666666667,0.3356643356643357,mixed,424000281,Round Robin,0.2774714257672738,0.17382495948136142,0.15244883833516,0.13847780126849896,0.3895748137124411,0.7568881685575365
12.0,1.7142857142857142,11.5,7.25,0.6666666666666666,2.5,1.9166666666666667,2.25,1.181159420289855,mixed,424000282,Round Robin,0.2853400915278793,0.22206762796188548,0.1763141938166157,0.1464796855032358,0.31882478120191715,0.7641242937853108
12.0,1.0,17,127.16666666666667,0.6666666666666666,3.25,2.0208333333333335,2.4166666666666665,1.0588235294117647,mixed,424000283,Round Robin,0.39753633190185494,0.24221993071288514,0.1532101167315175,0.14203655352480418,0.44116056202227094,0.7543774319066148
12.0,1.0909090909090908,19.5,171.08333333333334,0.5833333333333334,2.5833333333333335,1.5763888888888888,2.3333333333333335,0.8675213675213675,mixed,424000284,Round Robin,0.32138168490676544,0.19834603924306513,0.17783955411393848,0.14407814407814407,0.3630181941900692,0.7702156334231807
12.0,1.7142857142857142,13.333333333333334,79.22222222222223,0.5833333333333334,3,1.5,1.75,0.7375,mixed,424000285,SRTF,0.34674386096016896,0.20234767357640115,0.12545361414990405,0.14542586750788644,0.3622196509689444,0.773719165085389
12.0,1.7142857142857142,16.25,57.520833333333336,0.5,3.5,2.0833333333333335,1.6666666666666667,0.7692307692307693,mixed,424000286,SRTF,0.3876803542462329,0.20490276657228879,0.119281045751634,0.15189594356261021,0.3791394335511983,0.7595315904139434
12.0,1.5,19.333333333333332,146.88888888888889,0.4166666666666667,2.6666666666666665,1.7222222222222223,1.6666666666666667,0.5474137931034483,mixed,424000287,SRTF,0.3714755847006523,0.16140732297664792,0.1264278459431763,0.1445466491458607,0.423329853410411,0.7621722846441947
12.0,1.0909090909090908,21.083333333333332,157.90972222222223,0.3333333333333333,2.9166666666666665,2.076388888888889,1.3333333333333333,0.34782608695652173,mixed,424000288,SRTF,0.30147731717868775,0.12419364138935138,0.10820341499628805,0.13987774181948942,0.38048608962517666,0.7511135857461024
12.0,1.0,17.916666666666668,181.07638888888889,0.6666666666666666,3.6666666666666665,1.8888888888888888,2.5833333333333335,1.027906976744186,mixed,424000289,SRTF,0.36797790091059324,0.11783879070537728,0.0799150357744108,0.14423076923076925,0.45303500836103,0.7598958333333333
12.0,1.0,17.416666666666668,148.40972222222223,0.5833333333333334,3.25,2.1875,2.1666666666666665,0.6602870813397129,mixed,424000290,SRTF,0.3211470884919721,0.14896875222890515,0.09066901408450703,0.12387161484453359,0.4584843510427037,0.760856807511737
12.0,1.0909090909090908,16.166666666666668,114.97222222222223,0.6666666666666666,3.6666666666666665,1.7222222222222223,2.0833333333333335,0.8350515463917526,mixed,424000291,SRTF,0.3344347024080173,0.22457752749721543,0.08169014084507042,0.12769396551724138,0.4051724137931035,0.7647887323943662
12.0,1.5,14.583333333333334,42.74305555555556,0.5,2.75,2.3541666666666665,1.4166666666666667,0.6342857142857142,mixed,424000292,Round Robin,0.3650287492941491,0.1776328243311459,0.2212897526501767,0.14508928571428575,0.3730653338571201,0.7597173144876326
12.0,0.9230769230769231,17.833333333333332,222.13888888888889,0.5833333333333334,2.5833333333333335,1.7430555555555556,1.9166666666666667,0.6214953271028038,mixed,424000293,SRTF,0.4184356984472023,0.1624949308650578,0.08569968336930923,0.14945919370698132,0.48138502897056396,0.7587623220153341
12.0,1.3333333333333333,24.5,244.75,0.3333333333333333,2.5833333333333335,1.0763888888888888,1.1666666666666667,0.17687074829931973,mixed,424000294,SJF,0.3132622634376432,0.1402671755725191,0.1407965695172238,0.14348966874385044,0.384306329944244,0.7562977099236641
12.0,1.2,15.166666666666666,94.30555555555556,0.5833333333333334,2.75,1.8541666666666667,1.8333333333333333,0.8571428571428571,mixed,424000295,Round Robin,0.2708966324414611,0.23175813966808093,0.16573196322473077,0.1272401433691756,0.3663694868628455,0.7570789865871833
12.0,1.2,13.916666666666666,43.90972222222222,0.5,3.25,2.3541666666666665,1.5833333333333333,0.6706586826347305,mixed,424000296,Round Robin,0.3397035620055399,0.2082731442835065,0.25,0.13577827547592386,0.28664159247818877,0.7656599552572707
12.0,0.9230769230769231,21.666666666666668,204.22222222222223,0.5833333333333334,2.4166666666666665,1.4097222222222223,2.1666666666666665,0.6153846153846154,mixed,424000297,SRTF,0.3665254765125265,0.1278538812785388,0.11397022225107663,0.14889415481832546,0.4246446512332692,0.756392694063927
12.0,1.7142857142857142,17.083333333333332,145.40972222222223,0.4166666666666667,2.75,1.8541666666666667,1.5,0.5560975609756098,mixed,424000298,Round Robin,0.29692692420906747,0.2036737181697286,0.20463331804289953,0.15409891426020733,0.37372044420528827,0.7610759493670887
12.0,1.2,18.083333333333332,149.07638888888889,0.5833333333333334,2.8333333333333335,1.4722222222222223,2.1666666666666665,0.7695852534562212,mixed,424000299,SRTF,0.42078701041467004,0.22842789598108754,0.10068389057750762,0.13711583924349885,0.33452391776859863,0.7545592705167173
12.0,0.75,13.833333333333334,76.13888888888889,0.5833333333333334,2.8333333333333335,2.638888888888889,1.75,0.8373493975903614,mixed,424000300,SRTF,0.41630411438830695,0.19314288949916483,0.08838757396449702,0.15011961722488038,0.4559848585409414,0.7607248520710059
12.0,1.0,16.833333333333332,112.13888888888889,0.5833333333333334,3.4166666666666665,1.5763888888888888,2.25,0.7227722772277227,mixed,424000301,SRTF,0.4216152627060534,0.21919970068760178,0.11149228130360204,0.1572008113590264,0.34913793103448276,0.7594339622641509
12.0,1.2,16.166666666666668,113.97222222222223,0.5,2.4166666666666665,1.5763888888888888,1.75,0.7010309278350515,mixed,424000302,Round Robin,0.2634998389830961,0.14060011453843937,0.14601769911504428,0.1360415682569674,0.39421425171729324,0.7534766118836915
12.0,1.0,17.916666666666668,131.24305555555554,0.5,2.8333333333333335,2.138888888888889,2.0833333333333335,0.8930232558139535,mixed,424000303,SRTF,0.3432793264655488,0.12460152199360963,0.09547441787741749,0.1407871972318339,0.4205544960829114,0.7545703839122486
12.0,1.3333333333333333,25.583333333333332,373.40972222222223,0.3333333333333333,2.5,1.9166666666666667,1.1666666666666667,0.2247557003257329,mixed,424000304,SRTF,0.41358518476765777,0.13365019011406842,0.09566908512454411,0.1393950437317784,0.43991367973566087,0.755893536121673
12.0,1.5,16.75,50.520833333333336,0.5833333333333334,2.9166666666666665,1.7430555555555556,1.9166666666666667,0.8208955223880597,mixed,424000305,SRTF,0.3053117504317828,0.17309220111673296,0.13223609534619754,0.1434460016488046,0.36131846531234124,0.7551078320090806
12.0,1.7142857142857142,13.666666666666666,104.22222222222223,0.5833333333333334,3.3333333333333335,1.8888888888888888,1.9166666666666667,0.8597560975609756,mixed,424000306,SJF,0.3102764370600218,0.12743110381506614,0.15314969470393866,0.12798408488063662,0.4814552751815796,0.7588532883642496
12.0,1.2,18.416666666666668,120.74305555555556,0.5833333333333334,2.9166666666666665,1.5763888888888888,2.5,0.8959276018099548,mixed,424000307,SRTF,0.2971091500069793,0.13435374149659865,0.1307491550079151,0.14815608919382506,0.4330648060599619,0.7636054421768708
12.0,1.0909090909090908,23.75,110.02083333333333,0.25,3.0833333333333335,1.9097222222222223,1.5,0.45964912280701753,mixed,424000308,Round Robin,0.2897419019916022,0.18842025494004275,0.1712743859680445,0.14516129032258066,0.3583098697376761,0.754692832764505
12.0,0.9230769230769231,11.416666666666666,35.90972222222222,0.75,2.6666666666666665,1.0555555555555556,1.8333333333333333,1.1167883211678833,mixed,424000309,SRTF,0.3695832913675782,0.18073567483949565,0.13337988826815642,0.13342898134863704,0.35159267665482824,0.776536312849162
12.0,1.0,15.916666666666666,87.90972222222223,0.5,2.9166666666666665,1.7430555555555556,1.4166666666666667,0.4712041884816754,mixed,424000310,SRTF,0.33588722075289323,0.23343749798443011,0.11348464619492657,0.14855072463768115,0.41469484565559606,0.7586782376502003
12.0,1.5,16.916666666666668,100.74305555555556,0.3333333333333333,2.9166666666666665,1.4097222222222223,1.4166666666666667,0.5172413793103449,mixed,424000311,Round Robin,0.3306681211390084,0.19012994566096203,0.16654304996552538,0.14412811387900357,0.3067170818505338,0.7601351351351351
12.0,1.0,17.25,173.1875,0.75,2.0833333333333335,1.5763888888888888,2.5,1.0048309178743962,mixed,424000312,Round Robin,0.3430120466452154,0.1401453957996769,0.15223443529836672,0.12174817898022895,0.42498089253342697,0.7621163166397416
12.0,0.8,14.666666666666666,173.22222222222223,0.75,2.5,0.9166666666666666,2.6666666666666665,1.0965909090909092,mixed,424000313,SRTF,0.2908158235596368,0.23066576967669178,0.03535901386972324,0.11338289962825278,0.4234059247583563,0.7729138166894665
12.0,1.2,22.833333333333332,156.30555555555554,0.4166666666666667,3.4166666666666665,1.0763888888888888,1.6666666666666667,0.4562043795620438,mixed,424000314,Round Robin,0.3324265153195039,0.17752628789967115,0.19806517311608962,0.13846911957950067,0.3395203679369251,0.7576374745417516
12.0,1.2,13.25,49.1875,0.75,2.6666666666666665,1.5555555555555556,2.3333333333333335,1.251572327044025,mixed,424000315,Round Robin,0.338913063997195,0.1589608881027496,0.1576501247138828,0.13708260105448156,0.3595825055650411,0.7628865979381443
12.0,1.2,11.416666666666666,30.07638888888889,0.6666666666666666,2.75,1.3541666666666667,2,1.2554744525547445,mixed,424000316,Round Robin,0.2168526338492817,0.2611750571628766,0.1728110599078341,0.1200269723533378,0.38752565206029677,0.778225806451613
12.0,1.2,15.666666666666666,119.72222222222223,0.6666666666666666,2.75,1.1875,2.1666666666666665,0.8138297872340425,mixed,424000317,Round Robin,0.33067999692602135,0.19846938775510206,0.19816155213397008,0.13352570828961177,0.42076524702440615,0.764795918367347
12.0,2.0,21.416666666666668,123.40972222222223,0.5,3.0833333333333335,2.4097222222222223,2.3333333333333335,0.6926070038910506,mixed,424000318,Round Robin,0.26627991507726806,0.17843125982139432,0.18250667671953572,0.1452589105581708,0.38967397738709947,0.7584541062801933
12.0,0.8571428571428571,22.666666666666668,84.38888888888889,0.25,2.8333333333333335,1.4722222222222223,1.0833333333333333,0.29044117647058826,mixed,424000319,Round Robin,0.29517072558259555,0.1927816901408451,0.1561996289240954,0.13127294981640147,0.33663231642508,0.7550616197183099
12.0,1.5,17.416666666666668,121.07638888888889,0.4166666666666667,2.8333333333333335,1.8055555555555556,1.3333333333333333,0.41626794258373206,mixed,424000320,SJF,0.4336864854645587,0.12628237066348427,0.1311764227935866,0.16202647193062528,0.41130585175860207,0.7546027131782946
12.0,1.2,18.583333333333332,110.07638888888889,0.3333333333333333,3.25,1.6875,1.3333333333333333,0.5067264573991032,mixed,424000321,SRTF,0.2970160317450942,0.17474227504936965,0.09330543933054393,0.13870836718115354,0.4170539636771798,0.7556485355648536
12.0,1.5,24.25,123.6875,0.25,3.4166666666666665,2.076388888888889,1.25,0.27491408934707906,mixed,424000322,Round Robin,0.3504189948227864,0.17641670822644348,0.17037172011661808,0.15289379474940334,0.3357277563588061,0.7556486880466473
12.0,0.9230769230769231,17.083333333333332,82.40972222222223,0.5,2.75,2.8541666666666665,2,0.7902439024390244,mixed,424000323,Round Robin,0.36337583628884396,0.23565152470136264,0.1666094485569154,0.14059967585089142,0.3476473512021195,0.7631172839506173
12.0,1.2,18.333333333333332,203.55555555555554,0.6666666666666666,2.3333333333333335,2.2222222222222223,2.6666666666666665,1.0045454545454546,mixed,424000324,SRTF,0.29447767029037514,0.12332521315468942,0.09797088668609791,0.12473955587236497,0.4748740301178369,0.7573081607795371
12.0,1.2,16,67.33333333333333,0.5833333333333334,3.0833333333333335,2.076388888888889,2,0.828125,mixed,424000325,Round Robin,0.26879874092213163,0.185640846407029,0.20207429885443684,0.13938560293443375,0.3545292550130489,0.7606870229007634
12.0,1.2,25.5,263.75,0.25,3.0833333333333335,1.2430555555555556,0.9166666666666666,0.18627450980392157,mixed,424000326,Round Robin,0.2750965072139157,0.15680425984870744,0.1280578206078577,0.12480227776020245,0.40391204714098644,0.7529651593773166
12.0,0.9230769230769231,16.083333333333332,113.07638888888889,0.5,2.9166666666666665,1.2430555555555556,1.5833333333333333,0.694300518134715,mixed,424000327,Round Robin,0.3298498201424171,0.18364888082290326,0.13004846526655897,0.12761276127612758,0.33154759921977106,0.7609046849757674
12.0,1.2,15.916666666666666,60.24305555555556,0.5833333333333334,2.8333333333333335,2.3055555555555554,2.1666666666666665,0.8481675392670157,mixed,424000328,Round Robin,0.367581096226708,0.18790931157790344,0.19457186544342508,0.153706230104593,0.39279950228027105,0.7576452599388379
12.0,1.3333333333333333,15.75,73.02083333333333,0.4166666666666667,3.0833333333333335,2.076388888888889,1.0833333333333333,0.48148148148148145,mixed,424000329,Round Robin,0.4066094988168611,0.1838405647115042,0.17595202452472747,0.15716486902927584,0.28079326183697284,0.7617354196301565
12.0,1.2,19.083333333333332,153.57638888888889,0.5,3.5833333333333335,2.076388888888889,1.6666666666666667,0.462882096069869,mixed,424000330,SRTF,0.30167042235916236,0.16014542270983104,0.1203594626925065,0.12819893771125063,0.39506413962339515,0.7688442211055276
12.0,1.0909090909090908,14.333333333333334,102.72222222222223,0.5833333333333334,2.9166666666666665,2.076388888888889,1.3333333333333333,0.6162790697674418,mixed,424000331,SRTF,0.39911685472329356,0.15692446043165467,0.11011447515498897,0.1485284052019165,0.34685147159479807,0.7616906474820144
12.0,1.2,22.333333333333332,183.72222222222223,0.5,2.5833333333333335,1.4097222222222223,2.0833333333333335,0.5634328358208955,mixed,424000332,SRTF,0.29574863620864833,0.14725270962747677,0.11900676084613908,0.13746438746438747,0.43705499307159057,0.7553972366148531
12.0,0.8571428571428571,14.916666666666666,78.90972222222223,0.6666666666666666,2.6666666666666665,1.5555555555555556,2,1.094972067039106,mixed,424000333,SRTF,0.26024413178725325,0.16817597172388937,0.08615288220551377,0.13148245154531166,0.368838921041033,0.7603383458646616
12.0,1.0909090909090908,18.25,83.35416666666667,0.5833333333333334,3.0833333333333335,2.576388888888889,2.3333333333333335,0.7990867579908676,mixed,424000334,SRTF,0.24381671775409916,0.19688853208777304,0.13058312655086848,0.13901960784313724,0.33976879155203055,0.7589950372208436
12.0,1.0,14.75,139.85416666666666,0.5,3.0833333333333335,1.7430555555555556,1.3333333333333333,0.5084745762711864,mixed,424000335,SRTF,0.4022731174500684,0.11799890463683563,0.11414586939424311,0.14932266009852216,0.4455213960565631,0.7616707616707616
12.0,1.3333333333333333,25.583333333333332,292.24305555555554,0.4166666666666667,3,2.1666666666666665,1.9166666666666667,0.44625407166123776,mixed,424000336,Round Robin,0.3786222397966821,0.20911148839841542,0.20316323927268903,0.15014965081476556,0.3851845693382109,0.7612390350877193
12.0,1.2,13.583333333333334,72.90972222222223,0.5833333333333334,2.5,1.4166666666666667,1.75,0.754601226993865,mixed,424000337,SJF,0.31579961886796615,0.11828358208955224,0.12417964007712635,0.1411483253588517,0.39342459684564957,0.7593283582089552
12.0,1.2,13.75,103.02083333333333,0.75,2.3333333333333335,2.7222222222222223,2.25,1.0666666666666667,mixed,424000338,Round Robin,0.2906984527225178,0.20282778182240294,0.14806056571935217,0.1122324159021407,0.3935076101649585,0.7668316831683168
12.0,1.0,18.75,71.02083333333333,0.4166666666666667,3.4166666666666665,1.9097222222222223,1.5833333333333333,0.56,mixed,424000339,Round Robin,0.26416267500121227,0.22064385938363243,0.19981179422835638,0.14350039154267816,0.293461237274863,0.7725846925972397
12.0,1.7142857142857142,15.75,99.52083333333333,0.5,3.0833333333333335,1.9097222222222223,1.75,0.7301587301587301,mixed,424000340,SRTF,0.3838257184241345,0.23653466851981683,0.14969808884813895,0.1512045105074321,0.3515497394498548,0.763911620294599
12.0,1.0909090909090908,19.666666666666668,132.05555555555554,0.4166666666666667,3.6666666666666665,1.2222222222222223,1.6666666666666667,0.4322033898305085,mixed,424000341,Round Robin,0.4174225673179284,0.17555163811560262,0.18296892980437288,0.15701339637509848,0.3290086786955896,0.7612197928653626
12.0,1.0909090909090908,18.833333333333332,82.30555555555556,0.4166666666666667,3.25,1.5208333333333333,1.5833333333333333,0.588495575221239,mixed,424000342,Round Robin,0.31040907483079483,0.14375629405840884,0.15505897605074598,0.13869731800766283,0.399240010154419,0.75730110775428
12.0,1.0909090909090908,15.333333333333334,78.88888888888889,0.5,2.6666666666666665,1.0555555555555556,1.5833333333333333,0.6793478260869565,mixed,424000343,Round Robin,0.2848050930822883,0.13789923373025867,0.1702417068132266,0.1257142857142857,0.40453824639601876,0.7534626038781164
12.0,1.0909090909090908,17.333333333333332,98.22222222222223,0.25,2.75,1.5208333333333333,0.8333333333333334,0.21634615384615385,mixed,424000344,Round Robin,0.3341142853823137,0.175329741572029,0.18577592511335383,0.1491882404563405,0.31976744186046513,0.7613207547169811
12.0,1.7142857142857142,18.666666666666668,107.72222222222223,0.4166666666666667,3,2.6666666666666665,1.5833333333333333,0.4419642857142857,mixed,424000345,Round Robin,0.28838181310536254,0.16846446084381217,0.16104651162790695,0.13653444676409188,0.3664318573513615,0.7572674418604651
12.0,1.0909090909090908,15.833333333333334,185.63888888888889,0.75,2.6666666666666665,1.5555555555555556,2.5,0.9210526315789473,mixed,424000346,Round Robin,0.2924137374038593,0.20203836930455638,0.20047304125611431,0.1258995394358089,0.37179234820007445,0.7553956834532374
12.0,1.0909090909090908,13.333333333333334,63.72222222222222,0.75,3.6666666666666665,2.2222222222222223,2.5,1.25625,mixed,424000347,Round Robin,0.32682939120038657,0.1515637107914154,0.146446977581354,0.132773631840796,0.35008938633284126,0.786117381489842
12.0,0.8,15.333333333333334,89.72222222222223,0.5833333333333334,2.25,1.6875,2.0833333333333335,0.6739130434782609,mixed,424000348,SRTF,0.30812808631793703,0.18806161156935888,0.0998613037447989,0.15446941975953998,0.38447173460249534,0.7562413314840499
12.0,1.7142857142857142,22.833333333333332,217.63888888888889,0.5,3.5833333333333335,2.076388888888889,2.0833333333333335,0.45985401459854014,mixed,424000349,Round Robin,0.4098325564427253,0.18189461883408067,0.16779964078250612,0.15373021853805574,0.39242603553318944,0.7620515695067265
12.0,0.9230769230769231,19.416666666666668,167.74305555555554,0.5,2.1666666666666665,0.6388888888888888,1.3333333333333333,0.41630901287553645,mixed,424000350,Round Robin,0.3656140708226008,0.2022560398366535,0.15171922038352825,0.14249471458773783,0.4135715220959503,0.7545018007202882
12.0,1.7142857142857142,16.916666666666668,111.40972222222223,0.3333333333333333,3.25,1.8541666666666667,1,0.2857142857142857,mixed,424000351,Round Robin,0.3630578496919302,0.181140354275224,0.1962142067906437,0.15162368672397325,0.3209169054441261,0.761437908496732
12.0,1.0909090909090908,21.083333333333332,162.24305555555554,0.5,2.8333333333333335,1.6388888888888888,1.5833333333333333,0.5217391304347826,mixed,424000352,SRTF,0.3145204172219613,0.15642076502732238,0.11214973675674327,0.14307458143074583,0.3785092717183913,0.7545537340619308
12.0,1.0909090909090908,15.666666666666666,92.38888888888889,0.6666666666666666,3.3333333333333335,2.0555555555555554,2.4166666666666665,0.8936170212765957,mixed,424000353,SRTF,0.29170307903574155,0.13689754184262823,0.11053945797461368,0.1281989377112506,0.36686963872454575,0.7580541237113403
12.0,1.2,21.75,295.8541666666667,0.5833333333333334,2.5833333333333335,1.9097222222222223,1.9166666666666667,0.5517241379310345,mixed,424000354,SRTF,0.5415145217773196,0.14918190962241684,0.13283922462941844,0.15213224724484906,0.43534911191633535,0.7588369441277081
12.0,1.0909090909090908,14,85.33333333333333,0.3333333333333333,2.8333333333333335,1.9722222222222223,0.6666666666666666,0.3273809523809524,mixed,424000355,SRTF,0.4504058352253973,0.2507609716530055,0.08127131810755919,0.17053339973324222,0.35884242657103826,0.759765625
12.0,0.9230769230769231,19.083333333333332,210.24305555555554,0.5,2.8333333333333335,1.6388888888888888,1.3333333333333333,0.4104803493449782,mixed,424000356,SRTF,0.3894201642236365,0.18111432951378992,0.12311015118790496,0.14362220058422592,0.37682570593963,0.7667386609071274
12.0,0.75,12.5,70.41666666666667,0.75,3,2.1666666666666665,2,1.16,mixed,424000357,SRTF,0.36473054771437186,0.19036269598067354,0.07696629213483148,0.15079365079365079,0.4021525168799585,0.7707865168539325
12.0,0.9230769230769231,18.583333333333332,243.24305555555554,0.6666666666666666,2.1666666666666665,0.9722222222222222,2.0833333333333335,0.7937219730941704,mixed,424000358,SRTF,0.5409826355371549,0.19687946290543423,0.12401775823204192,0.16301843317972348,0.38277649769585254,0.7547923322683706
12.0,1.3333333333333333,18.416666666666668,99.40972222222223,0.5,3.6666666666666665,1.5555555555555556,1.8333333333333333,0.47058823529411764,mixed,424000359,Round Robin,0.32219169719169716,0.20054945054945053,0.202991452991453,0.15445665445665446,0.36436711436711433,0.7692307692307692
12.0,1.0909090909090908,16.083333333333332,104.74305555555556,0.5833333333333334,2.5833333333333335,1.4097222222222223,1.8333333333333333,0.5803108808290155,mixed,424000360,SRTF,0.3184678757903388,0.1576934818899991,0.09875444839857651,0.14221398305084748,0.41679863607829715,0.7674970344009491
12.0,0.8571428571428571,21.166666666666668,245.47222222222223,0.4166666666666667,3.1666666666666665,1.6388888888888888,1.4166666666666667,0.33070866141732286,mixed,424000361,SRTF,0.3837029637907579,0.1379462283476975,0.12009345794392523,0.15910073497622135,0.4195653129984943,0.7563084112149533
12.0,1.3333333333333333,20.75,157.1875,0.5833333333333334,3.3333333333333335,1.8888888888888888,2.4166666666666665,0.678714859437751,mixed,424000362,Round Robin,0.37457666929339534,0.17872143766243367,0.17230130486358247,0.14627970393455395,0.3873262097357922,0.7603795966785291
12.0,1.2,14.916666666666666,84.24305555555556,0.5833333333333334,2.3333333333333335,0.5555555555555556,1.9166666666666667,0.8268156424581006,mixed,424000363,Round Robin,0.36920465754718834,0.17685373582862687,0.17187574313582826,0.14241745942921097,0.4579883300640412,0.7635623869801085
12.0,1.0909090909090908,17.5,213.25,0.5,3.3333333333333335,2.0555555555555554,1.1666666666666667,0.38571428571428573,mixed,424000364,SRTF,0.35006458611586627,0.12625495440493842,0.0704670559384586,0.14019916142557654,0.5101649302447698,0.7604006163328197
12.0,2.0,17.5,141.08333333333334,0.5833333333333334,2.8333333333333335,1.6388888888888888,2.1666666666666665,0.780952380952381,mixed,424000365,Round Robin,0.4047376554851488,0.22903327165886733,0.1693432524717543,0.14662547528517111,0.348205736657395,0.7597042513863217
12.0,0.9230769230769231,9.75,16.520833333333332,0.6666666666666666,2.4166666666666665,1.5763888888888888,1.6666666666666667,1.0256410256410255,mixed,424000366,Round Robin,0.24152670873886797,0.25206105169340465,0.25810810810810814,0.136313643783156,0.27782818990717467,0.7738970588235294
12.0,1.0909090909090908,20.166666666666668,177.13888888888889,0.5,3.25,1.0208333333333333,2.1666666666666665,0.71900826446281,mixed,424000367,SRTF,0.35116720782939,0.17930548543241934,0.08402319651880132,0.15070643642072212,0.5051108712715855,0.763251582278481
12.0,1.5,17.25,117.52083333333333,0.5,3,2.5,1.4166666666666667,0.5217391304347826,mixed,424000368,SRTF,0.4019069218422667,0.1478048008220422,0.13221153846153846,0.15539658420854538,0.44190992215566544,0.7590811965811965
12.0,1.3333333333333333,24.916666666666668,207.40972222222223,0.4166666666666667,2.75,2.6875,2.1666666666666665,0.4682274247491639,mixed,424000369,SRTF,0.3432303759317556,0.22072243346007603,0.10259191430493053,0.15921450151057404,0.4044716806732245,0.7562737642585551
12.0,0.9230769230769231,20.583333333333332,162.40972222222223,0.5833333333333334,2.9166666666666665,2.576388888888889,2.25,0.7246963562753036,mixed,424000370,SRTF,0.3529623830035554,0.18032896305840249,0.11875725900116145,0.14873009040034443,0.41827273374515195,0.755226480836237
12.0,1.0909090909090908,15.916666666666666,46.74305555555556,0.5833333333333334,2.4166666666666665,0.9097222222222222,2.25,1.036649214659686,mixed,424000371,Round Robin,0.24203667397900724,0.1920396248251084,0.17105263157894737,0.13989169675090257,0.37164209540659204,0.7811004784688995
12.0,1.0909090909090908,22.083333333333332,115.57638888888889,0.4166666666666667,3,2,1.5833333333333333,0.3849056603773585,mixed,424000372,Round Robin,0.3278137980215356,0.2052777150192921,0.18546931407942238,0.14773484343770815,0.37073822387231475,0.756768953068592
12.0,1.5,14.5,67.75,0.5,2.6666666666666665,2.0555555555555554,1.5,0.735632183908046,mixed,424000373,Round Robin,0.3606899115637255,0.1434744300184229,0.1502086230876217,0.14057591623036647,0.43614445502141835,0.7579972183588317
12.0,1.0909090909090908,14.333333333333334,129.22222222222223,0.5833333333333334,2.75,2.0208333333333335,2.1666666666666665,0.8546511627906976,mixed,424000374,SRTF,0.37147227411872435,0.24968372311722964,0.06441411676864096,0.14266577361018085,0.5079691227478011,0.7619047619047619
12.0,1.3333333333333333,20.333333333333332,167.72222222222223,0.3333333333333333,2.6666666666666665,0.8888888888888888,1.0833333333333333,0.29098360655737704,mixed,424000375,SRTF,0.38329247450357096,0.17089559582214597,0.13244514106583072,0.13534447615165104,0.34987770077456176,0.7536572622779519
12.0,1.3333333333333333,17.5,279.9166666666667,0.6666666666666666,3.4166666666666665,2.2430555555555554,2.0833333333333335,0.9666666666666667,mixed,424000376,SRTF,0.6167224462182181,0.16270976303979606,0.10934744268077601,0.1471947194719472,0.4372534675743221,0.7663139329805997
12.0,1.3333333333333333,15.833333333333334,100.80555555555556,0.5,3.1666666666666665,1.9722222222222223,1.5,0.5105263157894737,mixed,424000377,Round Robin,0.35710293507647023,0.2121359223300971,0.19304119936391026,0.13038793103448276,0.34638609292281974,0.7694174757281553
12.0,1.2,10.583333333333334,14.243055555555555,0.75,2.5833333333333335,1.9097222222222223,2.5,1.6220472440944882,mixed,424000378,Round Robin,0.21179138120762483,0.22504682303518292,0.16499882212849445,0.12555626191989833,0.340633608815427,0.7779187817258884
12.0,0.8,14.75,71.85416666666667,0.6666666666666666,2.4166666666666665,1.4097222222222223,1.9166666666666667,0.7570621468926554,mixed,424000379,Round Robin,0.3615045275320143,0.21278526450461432,0.20045558086560364,0.12810140237324702,0.3509442456201336,0.7596810933940774
12.0,1.2,13.583333333333334,75.40972222222223,0.6666666666666666,3.3333333333333335,1.2222222222222223,1.9166666666666667,0.8220858895705522,mixed,424000380,SRTF,0.38808880888088804,0.17413007781242518,0.14216634429400388,0.16336633663366337,0.3849216958069149,0.7654738878143134
12.0,1.3333333333333333,20.5,70.08333333333333,0.25,2.5833333333333335,1.9097222222222223,1.3333333333333333,0.35365853658536583,mixed,424000381,Round Robin,0.27337303884816966,0.20028246028476776,0.18827895594047048,0.13522537562604342,0.31260434056761266,0.7527975584944049
12.0,1.0909090909090908,15,77.5,0.5833333333333334,2.5833333333333335,2.2430555555555554,2.25,1.0777777777777777,mixed,424000382,Round Robin,0.2678871135690203,0.2584774591693917,0.17275497063165496,0.12222823147647377,0.34946222020621437,0.765370705244123
12.0,1.3333333333333333,12.833333333333334,30.47222222222222,0.5,2.9166666666666665,1.5763888888888888,1.3333333333333333,0.7337662337662337,mixed,424000383,Round Robin,0.3373376859430557,0.19347248300561556,0.19990079365079366,0.14786418400876233,0.31649922574309775,0.7614087301587302
12.0,1.3333333333333333,17.916666666666668,160.74305555555554,0.5,3.3333333333333335,1.3888888888888888,1.75,0.6465116279069767,mixed,424000384,Round Robin,0.41368702489878983,0.18737179361579304,0.18572555205047317,0.1478738652651696,0.3239632704800689,0.7693217665615142
12.0,1.0,15.416666666666666,91.57638888888889,0.5833333333333334,3.3333333333333335,2.2222222222222223,1.9166666666666667,0.7567567567567568,mixed,424000385,SRTF,0.2889296231610765,0.1615713944373714,0.0717439293598234,0.12762520193861066,0.41878537499546276,0.7635209713024282
12.0,1.0,18.916666666666668,147.90972222222223,0.5,3.5,1.75,1.8333333333333333,0.5198237885462555,mixed,424000386,Round Robin,0.36915393425765947,0.19362017804154302,0.19147766637472388,0.14162995594713657,0.4325178297466225,0.7618694362017804
12.0,1.0909090909090908,15.583333333333334,143.57638888888889,0.5833333333333334,2.25,1.1875,1.3333333333333333,0.5935828877005348,mixed,424000387,SRTF,0.3438364206028618,0.18872227704372382,0.08513322991410768,0.14814302534876303,0.4310112963959118,0.7588300220750552
12.0,1.5,16.666666666666668,69.88888888888889,0.5,3.6666666666666665,1.5555555555555556,1.8333333333333333,0.815,mixed,424000388,Round Robin,0.3771508813083348,0.241200973868654,0.25,0.14974851394604483,0.332111774630613,0.773320895522388
12.0,1.5,19.083333333333332,98.24305555555556,0.5833333333333334,2.5833333333333335,2.076388888888889,2.6666666666666665,0.9082969432314411,mixed,424000389,Round Robin,0.2805956943157986,0.1877291890213831,0.20073555208874821,0.14125386996904024,0.33709292704592986,0.7603492884864166
12.0,1.0,18.583333333333332,223.24305555555554,0.6666666666666666,2.4166666666666665,1.2430555555555556,2.3333333333333335,0.7713004484304933,mixed,424000390,SRTF,0.44118955149276273,0.11481224710657463,0.09088302752293578,0.145002730748225,0.4741766779835707,0.7600344036697247
12.0,1.0909090909090908,16.25,92.02083333333333,0.5,2.0833333333333335,1.5763888888888888,1.5833333333333333,0.5641025641025641,mixed,424000391,Round Robin,0.30026987307227476,0.14648173207036538,0.17045905044824083,0.144287109375,0.3695842192112856,0.760148849797023
12.0,1.0909090909090908,16.333333333333332,114.55555555555556,0.6666666666666666,2.8333333333333335,1.9722222222222223,2.4166666666666665,1.0510204081632653,mixed,424000392,SRTF,0.30170196734327603,0.12048003326013264,0.10472853574981499,0.13685958254269448,0.4833995658995262,0.7606741573033708
12.0,0.9230769230769231,15.833333333333334,23.305555555555557,0.5,3.1666666666666665,1.8055555555555556,2,0.7315789473684211,mixed,424000393,Round Robin,0.20328071661065392,0.25054297525268,0.20241935483870965,0.1251025430680886,0.27545406947323026,0.7625
12.0,1.7142857142857142,18,200.33333333333334,0.6666666666666666,3.1666666666666665,1.9722222222222223,2.3333333333333335,0.8333333333333334,mixed,424000394,SJF,0.3802473634921091,0.12481109161406632,0.13185700246160656,0.14095477386934674,0.47496938473882017,0.7551963048498845
12.0,1.0,18.166666666666668,107.47222222222223,0.5,2.8333333333333335,2.138888888888889,1.6666666666666667,0.6009174311926605,mixed,424000395,SRTF,0.27457162723866135,0.16956174402649193,0.12419181034482761,0.13778529163144548,0.3762921610305523,0.7602370689655172
12.0,1.0,18.75,125.6875,0.6666666666666666,3.3333333333333335,2.388888888888889,2.8333333333333335,1.031111111111111,mixed,424000396,SRTF,0.3063438141215488,0.18565335920412543,0.11796246648793564,0.1385646346735841,0.4441863645587937,0.760053619302949
12.0,1.5,21.25,144.85416666666666,0.25,2.9166666666666665,2.076388888888889,0.9166666666666666,0.21568627450980393,mixed,424000397,SRTF,0.3068253560915427,0.14742675297343058,0.11583876221498374,0.13614140654381346,0.34101165851823995,0.755700325732899
12.0,1.2,21.333333333333332,144.88888888888889,0.4166666666666667,3.5833333333333335,2.4097222222222223,1.4166666666666667,0.3359375,mixed,424000398,SRTF,0.3426341455766024,0.15783020724040486,0.10091331311443039,0.1414885777450258,0.38409511913476097,0.7569901315789473
12.0,1.5,17.083333333333332,214.07638888888889,0.5833333333333334,3.5,2.0833333333333335,1.5833333333333333,0.43902439024390244,mixed,424000399,SRTF,0.39451585597597677,0.12560845395961798,0.10636169342160118,0.1489298454221165,0.4660614852551822,0.7641982182628062
12.0,1.0,21.416666666666668,193.40972222222223,0.3333333333333333,2.8333333333333335,1.9722222222222223,1.5,0.4357976653696498,mixed,424000400,SRTF,0.3332032753398097,0.18654301580621369,0.11679536679536678,0.15343714394227118,0.46206903952951567,0.7527027027027027
12.0,1.7142857142857142,19,186.5,0.5,3,1.8333333333333333,1.6666666666666667,0.5964912280701754,mixed,424000401,SRTF,0.34610733505459296,0.11813304389076809,0.10721062618595825,0.13709677419354838,0.43839688092979123,0.7644686907020872
12.0,0.8,14.666666666666666,163.22222222222223,0.8333333333333334,2.6666666666666665,1.3888888888888888,2.5833333333333335,0.7897727272727273,mixed,424000402,Round Robin,0.4313094515280308,0.1574074074074074,0.15511584043235047,0.14568455121964052,0.35182939379660694,0.7827160493827161
12.0,0.8571428571428571,18.416666666666668,136.24305555555554,0.4166666666666667,2.4166666666666665,1.2430555555555556,1.4166666666666667,0.5294117647058824,mixed,424000403,SRTF,0.43167153105000355,0.17464019145648918,0.11729438654756448,0.1483402489626556,0.39072017847425344,0.7505649717514125
12.0,1.0909090909090908,20.583333333333332,224.74305555555554,0.5,3.5833333333333335,2.2430555555555554,1.5833333333333333,0.4574898785425101,mixed,424000404,SRTF,0.3118974995387059,0.10687662791910403,0.08437994549269662,0.14145907473309607,0.46282832446374356,0.7541952707856598
12.0,1.0,19.666666666666668,213.05555555555554,0.4166666666666667,3,2.1666666666666665,1.1666666666666667,0.3220338983050847,mixed,424000405,SRTF,0.4819144042149357,0.24286530028384892,0.10919234856535599,0.16028815848716793,0.4331664590136051,0.7577045696068012
12.0,1.2,17.75,180.02083333333334,0.4166666666666667,3.1666666666666665,2.138888888888889,1.1666666666666667,0.3004694835680751,mixed,424000406,SRTF,0.38060924010879177,0.12587576130701023,0.10448024975527159,0.12493946731234867,0.4349878934624697,0.7602389078498293
12.0,1.0,17.25,105.52083333333333,0.4166666666666667,2.6666666666666665,2.0555555555555554,1.5833333333333333,0.5555555555555556,mixed,424000407,SRTF,0.3590864975820221,0.2495792501667175,0.1172077922077922,0.15600522193211488,0.36179369727606964,0.7545454545454545
12.0,1.7142857142857142,23.833333333333332,105.30555555555556,0.25,3.6666666666666665,0.8888888888888888,1.3333333333333333,0.3041958041958042,mixed,424000408,Round Robin,0.28508176381160316,0.21733546239808116,0.17954545454545456,0.14171833480956597,0.29679657514024205,0.7613636363636364
12.0,1.7142857142857142,12.25,33.1875,0.8333333333333334,2.6666666666666665,1.8888888888888888,2.75,1.653061224489796,mixed,424000409,SRTF,0.20123646085596103,0.18994402808509303,0.11049999999999997,0.11093847110006215,0.3589288993495429,0.758
12.0,1.2,16.333333333333332,122.55555555555556,0.5833333333333334,3.5,1.0833333333333333,2,0.7755102040816326,mixed,424000410,SRTF,0.40283050695545963,0.17037925932980225,0.1437861271676301,0.15031479538300105,0.38037775445960126,0.7658959537572254
12.0,0.9230769230769231,15.166666666666666,35.80555555555556,0.4166666666666667,3.3333333333333335,2.0555555555555554,1.3333333333333333,0.510989010989011,mixed,424000411,Round Robin,0.30058239309040913,0.23007996957209606,0.21324087489732116,0.14301503094606544,0.3349383160539909,0.7560289389067525
12.0,1.3333333333333333,17.166666666666668,122.13888888888889,0.5,2.5833333333333335,1.7430555555555556,1.5833333333333333,0.5631067961165048,mixed,424000412,SJF,0.29313662279975206,0.11780578518944256,0.12640163098878693,0.1304757418747056,0.42833321101118427,0.7520387359836901
12.0,1.3333333333333333,21.333333333333332,134.22222222222223,0.4166666666666667,3.8333333333333335,1.9722222222222223,1.6666666666666667,0.52734375,mixed,424000413,SJF,0.2733808685262797,0.13891753785570296,0.16943823787943382,0.1555810397553517,0.36968416822573275,0.7663511187607572
12.0,1.5,14.916666666666666,59.24305555555556,0.4166666666666667,3.0833333333333335,2.076388888888889,0.9166666666666666,0.3687150837988827,mixed,424000414,SRTF,0.3627312498029681,0.1401685393258427,0.11721799873853656,0.14282165921510184,0.3623244012273016,0.7550561797752808
12.0,1.2,16.583333333333332,138.24305555555554,0.6666666666666666,3.0833333333333335,2.2430555555555554,1.8333333333333333,0.6432160804020101,mixed,424000415,Round Robin,0.40569454444775155,0.1648936170212766,0.1599790769813989,0.14170378619153673,0.3839097739779811,0.765139116202946
12.0,1.3333333333333333,16.583333333333332,44.74305555555556,0.5,2.6666666666666665,1.0555555555555556,1.75,0.628140703517588,mixed,424000416,Round Robin,0.26235707737488334,0.15571757064455663,0.1596774193548387,0.13865546218487396,0.387164320863982,0.7548387096774194
12.0,1.0,12.333333333333334,59.22222222222222,0.5833333333333334,3,2,1.25,0.6891891891891891,mixed,424000417,SRTF,0.29782014809137053,0.17901671483662937,0.09856072778015262,0.13753298153034302,0.3348299409793582,0.7690875232774674
12.0,1.3333333333333333,25.083333333333332,274.74305555555554,0.3333333333333333,3.5,1.4166666666666667,1.25,0.27906976744186046,mixed,424000418,SJF,0.3649146012520671,0.13458890990020844,0.14171337603419495,0.14625288874215914,0.4264397531441867,0.7556545579163811
12.0,1.5,17.416666666666668,80.24305555555556,0.4166666666666667,2.5,1.4166666666666667,1.5,0.3397129186602871,mixed,424000419,Round Robin,0.24934526944611152,0.16477272727272727,0.179424287874656,0.13687392055267705,0.37237559369602763,0.7601674641148326
12.0,1.2,22.333333333333332,110.38888888888889,0.25,3.25,1.6875,0.8333333333333334,0.19029850746268656,mixed,424000420,Round Robin,0.3016027712187489,0.22615405816316236,0.23369565217391305,0.14136559496188267,0.3099933708982433,0.7592391304347825
12.0,1.2,18.25,202.35416666666666,0.5833333333333334,3,1.5,1.5833333333333333,0.365296803652968,mixed,424000421,SRTF,0.3661252791798263,0.17925497112272107,0.11641174765858789,0.14765784114052952,0.4054299878431929,0.7581521739130435
12.0,1.0,22.25,132.02083333333334,0.4166666666666667,3.25,1.1875,1.6666666666666667,0.36704119850187267,mixed,424000422,Round Robin,0.3542387513331811,0.19817271480574003,0.20436658349068276,0.145687237026648,0.3020687237026648,0.7610987791342952
12.0,1.0909090909090908,19.083333333333332,91.24305555555556,0.5,3.1666666666666665,1.1388888888888888,2.1666666666666665,0.7379912663755459,mixed,424000423,Round Robin,0.376446481423351,0.226105757962351,0.178714859437751,0.1519036519036519,0.344988344988345,0.7580321285140562
12.0,1.7142857142857142,18.916666666666668,87.90972222222223,0.5,3.5833333333333335,2.076388888888889,2.0833333333333335,0.775330396475771,mixed,424000424,Round Robin,0.2963166913477863,0.1932477216238608,0.184640522875817,0.14325955734406437,0.3908133811153235,0.7656862745098039
12.0,2.0,16.583333333333332,81.74305555555556,0.5833333333333334,3.25,2.3541666666666665,2,0.8793969849246231,mixed,424000425,Round Robin,0.3999601664073448,0.21587868078716016,0.20408163265306123,0.14913544668587897,0.35968082031020604,0.7576530612244898
12.0,1.3333333333333333,22.166666666666668,148.47222222222223,0.3333333333333333,3.5,1.5833333333333333,1.5,0.29699248120300753,mixed,424000426,SRTF,0.2754356525078241,0.1593252206866751,0.13621167790982053,0.1398540653231411,0.3747842516646153,0.7570189925681254
12.0,0.75,18.833333333333332,129.13888888888889,0.5,2.5,1.25,1.75,0.46017699115044247,mixed,424000427,Round Robin,0.26270901866307067,0.19201105640369046,0.14136490250696376,0.13802637175669927,0.4314058113489124,0.7621866295264623
12.0,1.0,15.916666666666666,68.57638888888889,0.5833333333333334,3.3333333333333335,1.7222222222222223,2.0833333333333335,0.8219895287958116,mixed,424000428,Round Robin,0.33396782880163517,0.22583657959839037,0.18295019157088122,0.13667649950835792,0.3481489754366361,0.7734674329501916
12.0,0.9230769230769231,15.666666666666666,69.38888888888889,0.75,3.6666666666666665,2.0555555555555554,3.0833333333333335,1.3404255319148937,mixed,424000429,Round Robin,0.268169648432771,0.1469691620001271,0.14110810457579612,0.12095282146160961,0.36103069962759343,0.7683206106870228
12.0,0.9230769230769231,17.75,111.6875,0.5,2.5833333333333335,2.2430555555555554,1.8333333333333333,0.4694835680751174,mixed,424000430,SRTF,0.38324464107676964,0.16635844003135614,0.14627585992023925,0.16849451645064806,0.37183426291890687,0.7596875000000001
12.0,1.3333333333333333,15.833333333333334,48.97222222222222,0.5833333333333334,2.5833333333333335,2.4097222222222223,2.0833333333333335,0.8473684210526315,mixed,424000431,SRTF,0.25835930073111824,0.1558350374192546,0.13956269539342347,0.14397905759162305,0.3667179960989632,0.7589928057553956
12.0,1.0,17.25,169.35416666666666,0.5833333333333334,2.0833333333333335,1.4097222222222223,1.75,0.7632850241545893,mixed,424000432,Round Robin,0.27503308306091206,0.15436962750716332,0.15526118796225166,0.13943248532289626,0.44609024721245455,0.7625358166189111
12.0,1.0,20.083333333333332,114.57638888888889,0.5833333333333334,2.75,1.3541666666666667,2.4166666666666665,0.7883817427385892,mixed,424000433,Round Robin,0.3140253171469212,0.21934848756040806,0.22813990461049283,0.1414102064666926,0.37203255139139474,0.7658982511923689
12.0,1.3333333333333333,21.333333333333332,220.88888888888889,0.4166666666666667,3.25,1.8541666666666667,1.3333333333333333,0.34375,mixed,424000434,SRTF,0.42561751251683194,0.25633151744461685,0.11511335632503235,0.14235537190082645,0.3975206611570248,0.7598425196850394
12.0,0.9230769230769231,15,152,0.6666666666666666,3.3333333333333335,1.7222222222222223,1.75,0.7555555555555555,mixed,424000435,SRTF,0.41586559982646587,0.2889016227081565,0.09083333333333332,0.11833019460138103,0.41683170321770646,0.7591666666666667
12.0,1.0,18.25,95.35416666666667,0.5833333333333334,3.25,2.0208333333333335,2.1666666666666665,0.7123287671232876,mixed,424000436,SRTF,0.3474857940123172,0.15763420660001493,0.14231726504897987,0.15116791538122523,0.372653626647389,0.7672101449275363
12.0,1.3333333333333333,16,147.33333333333334,0.6666666666666666,3.0833333333333335,1.9097222222222223,2.0833333333333335,0.9375,mixed,424000437,SRTF,0.3805176753107242,0.24573521051029978,0.07620164126611956,0.14028969957081544,0.47095563412647296,0.7549824150058617
12.0,1.0,19.916666666666668,151.24305555555554,0.5,2.75,1.5208333333333333,1.8333333333333333,0.6485355648535565,mixed,424000438,Round Robin,0.409095661944179,0.2287532152561519,0.23010528340910444,0.14442602569415663,0.3604434314131786,0.7629449838187703
12.0,0.9230769230769231,21,135.83333333333334,0.5,3.1666666666666665,1.8055555555555556,2,0.5,mixed,424000439,Round Robin,0.4528341046658723,0.22947074886310515,0.19799412970831648,0.14934593023255816,0.3977654069767442,0.7543682795698925
12.0,1.0909090909090908,12.083333333333334,68.57638888888889,0.5833333333333334,3.5833333333333335,2.2430555555555554,1.8333333333333333,1.006896551724138,mixed,424000440,Round Robin,0.316226940844249,0.19269498607242339,0.19051527250390884,0.14536037947028074,0.42835826205609123,0.7725
12.0,1.0,22.833333333333332,137.13888888888889,0.3333333333333333,3.6666666666666665,1.3888888888888888,1.5833333333333333,0.4708029197080292,mixed,424000441,SRTF,0.31638776956257797,0.1969048219378468,0.12065120428189118,0.14066666666666666,0.32466666666666666,0.7609277430865299
12.0,1.0,19.75,156.85416666666666,0.5,3.4166666666666665,1.9097222222222223,2,0.6666666666666666,mixed,424000442,Round Robin,0.30308953655813414,0.16027454518331072,0.1618464961067853,0.14940888707704852,0.4092095639890405,0.7619577308120133
12.0,1.2,17.333333333333332,62.05555555555556,0.4166666666666667,2.5,1.9166666666666667,1.8333333333333333,0.7019230769230769,mixed,424000443,Round Robin,0.3300039574751309,0.19958451816745662,0.20248076127430698,0.146462556888705,0.38772386074827114,0.7596666666666667
12.0,1.7142857142857142,21.5,141.91666666666666,0.4166666666666667,3.25,1.8541666666666667,1.5,0.3798449612403101,mixed,424000444,Round Robin,0.3689368838508265,0.22477311635540478,0.14652523455523767,0.14351173020527858,0.33192815249266866,0.7550352467270895
12.0,1.0909090909090908,17.333333333333332,106.38888888888889,0.5,3.75,1.5208333333333333,2,0.7307692307692307,mixed,424000445,SJF,0.2810176912126321,0.11475130284161326,0.12361595189034273,0.13845504432249894,0.4485156662918438,0.76552210724365
12.0,1.3333333333333333,17,185.83333333333334,0.5,2.6666666666666665,1.7222222222222223,1.8333333333333333,0.5784313725490197,mixed,424000446,SJF,0.35074990940309597,0.12046297250241896,0.12360485411567049,0.14102564102564102,0.44678384339674665,0.7579286422200198
12.0,1.0,15.416666666666666,139.90972222222223,0.5833333333333334,2.9166666666666665,2.4097222222222223,1.5833333333333333,0.654054054054054,mixed,424000447,SRTF,0.3041635719151548,0.11383433352626161,0.07945285215366706,0.12624035281146634,0.4399103031181474,0.7628055878928988
12.0,1.0,20.75,157.35416666666666,0.4166666666666667,3.25,1.8541666666666667,1.6666666666666667,0.4538152610441767,mixed,424000448,SRTF,0.3638866127633276,0.16231156701611413,0.145417434205829,0.15017195261750096,0.3871799770729843,0.7565524193548387
12.0,1.0,20.75,150.1875,0.5,2.9166666666666665,2.2430555555555554,1.9166666666666667,0.606425702811245,mixed,424000449,SRTF,0.3083920692309774,0.14550411497620533,0.06674565560821485,0.14361912287633344,0.3964208873888189,0.7614533965244865
12.0,1.0,19.5,195.41666666666666,0.4166666666666667,2.75,1.8541666666666667,1.3333333333333333,0.48717948717948717,mixed,424000450,Round Robin,0.3815143030105994,0.2024326915595334,0.19978479196556673,0.14017017465293327,0.4243226864413477,0.7661406025824964
12.0,1.0,19.833333333333332,224.63888888888889,0.5,3.0833333333333335,2.9097222222222223,1.5,0.3865546218487395,mixed,424000451,SRTF,0.3081349598166466,0.1386801620260351,0.11530398322851154,0.1329686013320647,0.403717074404437,0.7617924528301887
12.0,0.8,16.583333333333332,160.57638888888889,0.5833333333333334,3.5,0.75,2.3333333333333335,0.9346733668341709,mixed,424000452,Round Robin,0.35300070103134934,0.20516222659894262,0.18501509429849652,0.14053591790193842,0.3728620296465222,0.7784090909090908
12.0,0.8,20.916666666666668,122.74305555555556,0.5,2.8333333333333335,0.8055555555555556,2.0833333333333335,0.7051792828685259,mixed,424000453,SRTF,0.3015442390333174,0.15362788579545827,0.1480804387568556,0.15556441962504985,0.38598835254926694,0.7616544789762341
12.0,1.2,16.333333333333332,79.38888888888889,0.6666666666666666,2.5,1.5833333333333333,2.5,1.239795918367347,mixed,424000454,Round Robin,0.33085460801954963,0.257783482630544,0.2518811020672712,0.1277251184834123,0.40831091627103405,0.7649425287356322
12.0,1.2,19.75,185.1875,0.4166666666666667,2.8333333333333335,1.4722222222222223,1.5,0.39662447257383965,mixed,424000455,SRTF,0.31722058492952837,0.14303525375085746,0.12490204960433268,0.13960113960113962,0.39518255664088997,0.7509514747859182
12.0,1.2,14.5,141.58333333333334,0.6666666666666666,3.5833333333333335,2.076388888888889,2.0833333333333335,0.9827586206896551,mixed,424000456,SRTF,0.3470630126397453,0.11719776714513558,0.10009683604985616,0.12959205136086094,0.5437309180575695,0.7793333333333333
12.0,1.5,19.333333333333332,139.88888888888889,0.5,3.5833333333333335,1.7430555555555556,2.0833333333333335,0.6637931034482759,mixed,424000457,SRTF,0.28824285232891955,0.1465798045602606,0.11994451860164272,0.1400529333921482,0.37408396019435614,0.7635722041259501
12.0,1.2,21.5,140.91666666666666,0.4166666666666667,1.8333333333333333,1.4722222222222223,1.75,0.5775193798449613,mixed,424000458,Round Robin,0.35157650017446224,0.199407828821298,0.19441401971522457,0.14229452054794522,0.39112698105189475,0.7532858707557503
12.0,0.8,20.5,178.08333333333334,0.5833333333333334,3.25,2.5208333333333335,2.4166666666666665,0.7357723577235772,mixed,424000459,SRTF,0.33933836206896556,0.13959025018980528,0.08511111111111112,0.14716748768472906,0.45609469074986314,0.7557777777777778
12.0,1.7142857142857142,14.833333333333334,51.30555555555556,0.5,3.0833333333333335,1.9097222222222223,1.8333333333333333,0.9662921348314607,mixed,424000460,Round Robin,0.3471291855819345,0.20836128620428576,0.20720152523441743,0.1514932562620424,0.3847915031280478,0.7553986710963455
12.0,1.0909090909090908,24.416666666666668,328.90972222222223,0.5,3.4166666666666665,0.9097222222222222,1.5833333333333333,0.3310580204778157,mixed,424000461,SRTF,0.46966945912582847,0.18460051892620727,0.13472276391955573,0.14859208523592088,0.3985920852359209,0.7568897637795275
12.0,1.0909090909090908,14.583333333333334,134.24305555555554,0.6666666666666666,2.5833333333333335,1.5763888888888888,1.8333333333333333,0.8,mixed,424000462,SRTF,0.4098296346929652,0.1334129320357243,0.13039888562941646,0.15990847752336496,0.40121602721075794,0.756568144499179
12.0,1.7142857142857142,12.5,83.25,0.5833333333333334,3.75,2.0208333333333335,1.5833333333333333,0.7066666666666667,mixed,424000463,SRTF,0.3242070525789922,0.13072989636076265,0.09475549078716665,0.14027149321266968,0.4198252743325073,0.774066091954023
12.0,1.0,18.5,63.916666666666664,0.4166666666666667,2.3333333333333335,1.8888888888888888,1.6666666666666667,0.5990990990990991,mixed,424000464,Round Robin,0.40730320215547255,0.24394287755451133,0.1859060402684564,0.14805097451274363,0.33462023044794986,0.7536912751677852
12.0,1.7142857142857142,17.5,81.25,0.5833333333333334,3,2.3333333333333335,1.9166666666666667,0.7238095238095238,mixed,424000465,Round Robin,0.2823253352152435,0.19807692307692304,0.19466125617501764,0.1399082568807339,0.31593589582467296,0.7623076923076924
12.0,1.0,16.833333333333332,86.63888888888889,0.3333333333333333,3.4166666666666665,2.2430555555555554,1.0833333333333333,0.3613861386138614,mixed,424000466,Round Robin,0.40706253193965114,0.21011863953799137,0.23739837398373984,0.14244878513577897,0.27334444973797045,0.7731707317073171
12.0,1.0,21.75,224.85416666666666,0.5,2.9166666666666665,2.7430555555555554,2.0833333333333335,0.6245210727969349,mixed,424000467,SRTF,0.30413233425154884,0.1275569963421263,0.11715797404794275,0.13397683397683396,0.43158185747859656,0.759475806451613
12.0,1.3333333333333333,17.333333333333332,69.38888888888889,0.4166666666666667,3.3333333333333335,1.3888888888888888,1.5833333333333333,0.5240384615384616,mixed,424000468,SRTF,0.3019929246513402,0.1690994527456044,0.1251402918069585,0.14840680925360106,0.4069792821425682,0.7561728395061729
12.0,2.0,19.75,197.1875,0.5,3.5833333333333335,1.5763888888888888,1.5,0.4345991561181435,mixed,424000469,SJF,0.48042475973683074,0.14537161208356864,0.14981493506493504,0.15919384057971014,0.42876800767942724,0.7578463203463204
12.0,2.0,20.5,148.91666666666666,0.3333333333333333,3.3333333333333335,1.0555555555555556,1.5833333333333333,0.5203252032520326,mixed,424000470,Round Robin,0.3655279635869668,0.20108439171756212,0.194605246842747,0.13303614879704284,0.2940964722822174,0.7598684210526316
12.0,0.9230769230769231,19.916666666666668,158.57638888888889,0.5833333333333334,3.5833333333333335,2.9097222222222223,2,0.7238493723849372,mixed,424000471,SRTF,0.30996398676976455,0.16362984859643137,0.12251032237013072,0.1283916633896972,0.42556807327874413,0.7612016293279023
12.0,1.2,20.75,232.52083333333334,0.4166666666666667,3.1666666666666665,1.8055555555555556,1.0833333333333333,0.24497991967871485,mixed,424000472,Round Robin,0.3570975350042108,0.20124547316751534,0.19250561489654316,0.1509343555342597,0.3906628949653282,0.760693215339233
12.0,1.2,19.916666666666668,190.07638888888889,0.5,3.1666666666666665,1.4722222222222223,1.5833333333333333,0.39748953974895396,mixed,424000473,SRTF,0.3504345051199456,0.1502370931419065,0.11013919845241599,0.13675406871609405,0.40278423275044145,0.7629492600422834
12.0,1.2,20.5,152.25,0.25,2.5833333333333335,2.7430555555555554,0.9166666666666666,0.25203252032520324,mixed,424000474,SRTF,0.33373809415670663,0.16539059435353992,0.1212059064807219,0.14565775009160864,0.39024013473637237,0.7596390484003281
12.0,1.0,14.25,143.85416666666666,0.75,2.6666666666666665,1.8888888888888888,2.3333333333333335,1.023391812865497,mixed,424000475,SRTF,0.40344946293046463,0.1739952597194402,0.0604923030669951,0.12853204686423156,0.5241403080270074,0.761444921316166
12.0,1.0909090909090908,19.583333333333332,133.24305555555554,0.4166666666666667,2.5,1.75,1.75,0.451063829787234,mixed,424000476,Round Robin,0.380444575113175,0.16440953412784395,0.17795931386905145,0.15139281388776746,0.3426524020993137,0.7583965330444203
12.0,1.0,14.5,39.916666666666664,0.5,3.5833333333333335,2.2430555555555554,1.9166666666666667,0.8333333333333334,mixed,424000477,Round Robin,0.21202941821829355,0.1778846153846154,0.1376171556642217,0.12224938875305624,0.3636376580021862,0.7692307692307692
12.0,1.0,14.25,202.35416666666666,0.5833333333333334,2.8333333333333335,1.8055555555555556,1.4166666666666667,0.52046783625731,mixed,424000478,SJF,0.4521669489981035,0.08131496912546121,0.0897522398518002,0.14453411592076304,0.5524729064039409,0.765399737876802
12.0,1.3333333333333333,19.166666666666668,209.30555555555554,0.4166666666666667,3,2.8333333333333335,1.5,0.4782608695652174,mixed,424000479,SJF,0.3839661714815124,0.1155,0.12624608448030375,0.15092548647365922,0.43698301515180776,0.75675
12.0,1.3333333333333333,20.75,211.85416666666666,0.5,3,2.1666666666666665,1.75,0.4738955823293173,mixed,424000480,SJF,0.3854372970662575,0.1353809230749335,0.1375,0.13836870578443614,0.3941947565543071,0.7563679245283019
12.0,0.7058823529411765,16.666666666666668,271.3888888888889,0.6666666666666666,3.4166666666666665,1.4097222222222223,1.6666666666666667,0.615,mixed,424000481,SRTF,0.5968672482358346,0.23721226870388026,0.05209656925031765,0.1498459167950693,0.5820493066255779,0.7576238881829733
12.0,0.8571428571428571,18.75,207.52083333333334,0.5,3.6666666666666665,1.5555555555555556,1.75,0.4888888888888889,mixed,424000482,SRTF,0.42985916741304675,0.22985437507926162,0.08270554689595068,0.14950738916256162,0.37783251231527093,0.7642424242424242
12.0,1.2,20.833333333333332,144.97222222222223,0.3333333333333333,2.6666666666666665,2.0555555555555554,1.5833333333333333,0.428,mixed,424000483,Round Robin,0.31155387625504893,0.18280708068843662,0.15280720338983053,0.14536679536679534,0.33116170942257905,0.7563559322033898
12.0,0.8,15.333333333333334,77.55555555555556,0.6666666666666666,2,1.3333333333333333,2,0.782608695652174,mixed,424000484,Round Robin,0.29367843657665,0.17438563327032133,0.19508083401517928,0.13638703036541427,0.37885226403388766,0.7684310018903592
12.0,1.2,17.166666666666668,148.63888888888889,0.5833333333333334,3.1666666666666665,2.138888888888889,1.9166666666666667,0.6504854368932039,mixed,424000485,Round Robin,0.36189538280536526,0.1456005586592179,0.15536806492005398,0.13927801724137934,0.38810929616405426,0.7685055865921788
12.0,1.3333333333333333,23.5,105.25,0.25,2.5833333333333335,1.9097222222222223,1.5,0.3262411347517731,mixed,424000486,Round Robin,0.32640693333828424,0.20633048921924113,0.1473105893112453,0.13201417601890134,0.3123154164205552,0.7518248175182483
12.0,1.0909090909090908,15.75,210.52083333333334,0.6666666666666666,3.4166666666666665,2.076388888888889,1.6666666666666667,0.7037037037037037,mixed,424000487,SRTF,0.5139292362582678,0.14257991074257467,0.11586672965956929,0.15583907434169159,0.44831431208098693,0.7616279069767442
12.0,1.7142857142857142,19.166666666666668,183.13888888888889,0.5,2.9166666666666665,2.4097222222222223,2,0.717391304347826,mixed,424000488,SRTF,0.4237453383119048,0.2149599629060931,0.12773972602739725,0.14967860422405876,0.4642627364340712,0.7565068493150685
12.0,1.5,20.416666666666668,153.90972222222223,0.5833333333333334,3.25,2.0208333333333335,2.4166666666666665,0.7346938775510204,mixed,424000489,SRTF,0.2745452615311791,0.14093394545226723,0.11430446897438645,0.14425981873111782,0.41553151127661064,0.7596774193548388
12.0,1.2,14.5,76.25,0.6666666666666666,3.3333333333333335,2.0555555555555554,2.1666666666666665,1.0,mixed,424000490,Round Robin,0.2826415207761241,0.171246716418386,0.14590032154340835,0.13103254769921435,0.41464664527144557,0.7704983922829582
12.0,1.0,14.25,148.52083333333334,0.5833333333333334,2.4166666666666665,0.7430555555555556,1.6666666666666667,0.7309941520467836,mixed,424000491,SRTF,0.3460549586038251,0.168249461828846,0.06551581067666419,0.1338195575958293,0.4940660822804307,0.7563157894736843
12.0,1.0,13.083333333333334,31.90972222222222,0.6666666666666666,3.9166666666666665,1.0763888888888888,2.25,1.3312101910828025,mixed,424000492,Round Robin,0.32719843978966945,0.2502254720244187,0.20406976744186045,0.14870806304906853,0.40425723247574175,0.7587209302325582
12.0,1.0909090909090908,15.083333333333334,77.74305555555556,0.5833333333333334,3.1666666666666665,1.3055555555555556,1.9166666666666667,0.856353591160221,mixed,424000493,Round Robin,0.39339457352247903,0.1852211385106122,0.16826156299840514,0.14062499999999997,0.4226934085394056,0.766347687400319
12.0,1.0909090909090908,15.75,72.1875,0.4166666666666667,3.0833333333333335,1.4097222222222223,1.5,0.6243386243386243,mixed,424000494,Round Robin,0.33279051124032993,0.2035405215603564,0.17281626506024098,0.14222222222222225,0.3211111111111111,0.7564006024096386
12.0,1.7142857142857142,13.666666666666666,60.888888888888886,0.5833333333333334,2.6666666666666665,1.3888888888888888,1.6666666666666667,0.8292682926829268,mixed,424000495,Round Robin,0.30297067922115006,0.22760190957315726,0.22634271099744244,0.13776722090261284,0.33588284117901107,0.7736572890025575
12.0,1.0909090909090908,17.166666666666668,96.80555555555556,0.4166666666666667,3.3333333333333335,1.7222222222222223,1.3333333333333333,0.470873786407767,mixed,424000496,Round Robin,0.250819157083107,0.14524668218238668,0.13538205980066445,0.13168449197860965,0.4022776565443408,0.7599667774086378
12.0,1.5,23.833333333333332,203.30555555555554,0.25,3.3333333333333335,0.8888888888888888,1.25,0.3076923076923077,mixed,424000497,Round Robin,0.3340769439462832,0.16118642908175396,0.16630350594442433,0.1418833227647432,0.3475661770500303,0.7559008654602675
12.0,1.0909090909090908,13,33.666666666666664,0.6666666666666666,3.4166666666666665,2.2430555555555554,2.0833333333333335,0.9487179487179487,mixed,424000498,Round Robin,0.27341484440462904,0.15317981990400548,0.15475716266855508,0.15074976757981717,0.349398773529425,0.7718531468531469
12.0,0.8571428571428571,18.583333333333332,136.90972222222223,0.5,3.1666666666666665,1.9722222222222223,1.9166666666666667,0.5739910313901345,mixed,424000499,SRTF,0.34880848774468015,0.2522352026545148,0.11397058823529412,0.1518658478979688,0.42766472185166593,0.7607230392156863
